,AAPL,MSFT,AMZN,PLTR,ORCL,HOOD,VOO,NVDA
1999-11-01,0.582526743137377,28.3254724808089,3.4565,,10.2786594926337,,,0.0448957747463984
1999-11-02,0.602264508332575,28.3837364168418,3.322,,10.6420971500212,,,0.0477614624961685
1999-11-03,0.611645575440559,28.2120111316923,3.2905,,11.5075205220323,,,0.0524229812357946
1999-11-04,0.6275558652557,28.1353480579649,3.153,,11.6842194935798,,,0.0557662836105263
1999-11-05,0.662753629044856,28.0770841219321,3.247,,11.7846166365046,,,0.0539704526206704
1999-11-08,0.723242749757137,27.5803074041783,3.9,,11.9352123508917,,,0.0555179240055463
1999-11-09,0.672584987374023,27.252189448625,3.5405,,11.7344180650422,,,0.0546964268506122
1999-11-10,0.686243821083248,26.715547932533,3.6,,11.822767550816,,,0.0542188122256505
1999-11-11,0.692322752569222,27.4821786698072,3.65,,12.4612933798172,,,0.058039729225344
1999-11-12,0.680089841060411,27.3503181829961,3.747,,13.0777318373751,,,0.0611346719950957
1999-11-15,0.671234113710474,26.6787496571438,3.675,,12.8628819515162,,,0.0599501877251907
1999-11-16,0.684367607661651,26.7738118685658,3.947,,12.9512314372899,,,0.0656815632247309
1999-11-17,0.677313045196447,26.0654450673244,3.825,,14.0174490951505,,,0.0681842638595302
1999-11-18,0.672584987374023,26.0470459296298,3.897,,14.8969280671711,,,0.0684135188795118
1999-11-19,0.693748674769635,26.3720973622341,3.897,,15.2864689817191,,,0.0819204604734282
1999-11-22,0.680089841060411,27.5404426058401,4.025,,15.5495094961819,,,0.0817867283784389
1999-11-23,0.696525470633599,27.4821786698072,4.0875,,14.758380009935,,,0.0759407253689079
1999-11-24,0.710634595564007,28.1169489202703,4.3625,,14.4190376668494,,,0.0735526522440995
1999-11-26,0.71341139142797,27.9421571121718,4.6565,,14.7844832670954,,,0.0730750376191378
1999-11-29,0.709658964584776,27.6569704779058,4.522,,14.5696333812365,,,0.0704577094743478
1999-11-30,0.734500030286718,27.9206914515281,4.253,,13.6158605234516,,,0.0661591778496926
1999-12-01,0.773450220919068,28.5769273626349,4.25,,14.194148066698,,,0.0695024802244244
1999-12-02,0.826959827703009,29.0737040803886,4.453,,15.2483180674077,,,0.0746225090040137
1999-12-03,0.863058173934531,29.4754185867203,4.328,,15.8005023534937,,,0.0728457825991562
1999-12-06,0.870563027620918,29.2668950261817,4.369,,15.7503037820313,,,0.0748708686089937
1999-12-07,0.884146812793279,28.518663426602,4.303,,15.9129471535694,,,0.0723681679741945
1999-12-08,0.825984196723778,28.1353480579649,4.4,,15.2864689817191,,,0.075577738253937
1999-12-09,0.789885850492256,28.4420003528746,5.18,,15.7743990963333,,,0.0733233972241179
1999-12-10,0.772999929697884,28.7854509231735,5.335,,16.9932204114395,,,0.0724827954841853
1999-12-13,0.742980514952336,29.6287447341751,5.125,,16.0253919536451,,,0.0722344358792052
1999-12-14,0.711985469227556,30.2635149846382,4.7815,,15.4491123532571,,,0.0710499516093003
1999-12-15,0.727970807579561,33.2533748600078,4.825,,18.1477875550738,,,0.0687765059944826
1999-12-16,0.737802165908728,34.8632994082837,4.744,,17.9831362406773,,,0.068298891369521
1999-12-17,0.750485368638723,35.3416769883428,4.703,,18.2100337836872,,,0.0718905533492328
1999-12-20,0.735475661265948,34.5750462510686,4.85,,19.3384976701611,,,0.0778511838687547
1999-12-21,0.769247502854691,35.5318014111868,4.994,,19.6155937846334,,,0.0811944862434864
1999-12-22,0.75003507741754,36.0500437895842,4.8845,,21.1034794427778,,,0.0831049447433332
1999-12-23,0.776752356541078,36.0132455141951,4.5,,21.424750300137,,,0.0886070652228918
1999-12-27,0.745307019595116,36.5284213696434,4.0565,,20.9629234426832,,,0.08526376284816
1999-12-28,0.736901583466362,36.0316446518896,4.1155,,21.3042737286273,,,0.0850154032431799
1999-12-29,0.75566371768233,36.1665716616499,4.175,,22.0873714434402,,,0.08788109099295
1999-12-30,0.752811873281503,36.0684429272788,3.953,,22.3684834436294,,,0.0886070652228918
1999-12-31,0.771574007497471,35.8016554307074,3.8065,,22.509039443724,,,0.089676921982806
2000-01-03,0.840093321654186,35.7433914946745,4.469,,23.7138051588208,,,0.0894285623778259
2000-01-04,0.769247502854691,34.5351814527303,4.097,,21.6255445859864,,,0.0870404892530175
2000-01-05,0.780504783384272,34.9000976836729,3.5875,,20.7822085854187,,,0.0844231611082274
2000-01-06,0.712961100206787,33.7317524400669,3.278,,19.2762514415478,,,0.0786917856086872
2000-01-07,0.746732941795529,34.1733317447369,3.478,,20.7621291568338,,,0.0800100019735815
2000-01-10,0.733599447844351,34.4217201036137,3.4595,,23.251978301367,,,0.0826273301183715
2000-01-11,0.696075179412415,33.5385614942738,3.3375,,22.5692777294789,,,0.0792840277436397
2000-01-12,0.654348192916102,32.4468793243953,3.178,,21.2038765857026,,,0.0772589417338022
2000-01-13,0.726094594157964,33.0601839142147,3.297,,21.1034794427778,,,0.0804876165985432
2000-01-14,0.753787504260733,34.4217201036137,3.2125,,21.4448297287219,,,0.0839455464832658
2000-01-18,0.780054492163088,35.3600761260374,3.2065,,22.3484040150445,,,0.0875181038779792
2000-01-19,0.799717208821423,32.8117955553378,3.3405,,22.9427551011588,,,0.0866966067230451
2000-01-20,0.85180089340495,32.5051432604281,3.2375,,23.7941228731605,,,0.086448247118065
2000-01-21,0.835365263831762,31.8151755968813,3.103,,23.9708218447081,,,0.0854930178681416
2000-01-24,0.797390704178643,31.048544859607,3.5065,,21.762084700364,,,0.0816721008684481
2000-01-25,0.842419826296966,31.5269224396662,3.4625,,22.6656589866866,,,0.0809652312235049
2000-01-26,0.826959827703009,30.4720385451768,3.2405,,22.1114667577421,,,0.0776219288487731
2000-01-27,0.825533905502595,30.2819141223328,3.347,,20.8063038997206,,,0.0735526522440995
2000-01-28,0.76264323161067,30.1285879748779,3.0845,,19.0272665270945,,,0.0714129387242712
2000-01-31,0.778628569962675,30.0120601028123,3.228,,20.0593491563607,,,0.0708015920043202
2000-02-01,0.75236158206032,31.5667872380044,3.372,,21.6857828717412,,,0.0724827954841853
2000-02-02,0.741554592751922,30.9136178498468,3.472,,21.8102753289679,,,0.0745078814940229
2000-02-03,0.775326434340665,31.775310798543,4.2095,,22.7660561296113,,,0.0757114703489263
2000-02-04,0.810524198129821,32.6768685455775,3.928,,23.2158353299141,,,0.0774881967537838
2000-02-07,0.856003611469327,32.6952676832721,3.75,,24.0712189876328,,,0.0727120505041669
2000-02-08,0.862082542955301,33.7133533023723,4.1565,,23.9186153303872,,,0.076189084973888
2000-02-09,0.84519662216093,31.8918386706087,4.0125,,24.0712189876328,,,0.0780995434737347
2000-02-10,0.85180089340495,32.5051432604281,3.8095,,25.0229839025592,,,0.0940900811174519
2000-02-11,0.816152838394611,30.6468303532753,3.8095,,23.9708218447081,,,0.095522924992337
2000-02-14,0.869137105420505,30.5487016189042,3.722,,24.9747932739553,,,0.110806592991111
2000-02-15,0.89307758868008,30.2236501862999,3.6905,,24.6495065308792,,,0.106508061366456
2000-02-16,0.85645390269051,29.9353970290848,3.5345,,24.5973000165584,,,0.111398835126063
2000-02-17,0.862082542955301,30.5487016189042,3.45,,24.7499036738039,,,0.115353484220746
2000-02-18,0.834914972610579,29.150367154116,3.2375,,23.5170267586883,,,0.128726693719673
2000-02-22,0.85412739804773,28.7670517854789,3.178,,23.8182181874625,,,0.125135031739961
2000-02-23,0.872439241042515,28.9019787952391,3.522,,25.3241753313334,,,0.125861005969903
2000-02-24,0.864559144671809,29.055304942694,3.422,,24.8743961310306,,,0.124657417115
2000-02-25,0.828310701366558,28.0004210482046,3.4565,,28.3642008190942,,,0.116900955605622
2000-02-28,0.849924679983354,28.0770841219321,3.2875,,27.5610236756963,,,0.116060353865689
2000-02-29,0.860206329533704,27.4055155960798,3.444,,29.8179514486442,,,0.122269343990191
2000-03-01,0.97795748387312,27.8470949007498,3.294,,28.7135828764722,,,0.118696786595478
2000-03-02,0.915592149739242,28.6321247757186,3.128,,27.5088171613755,,,0.11069196548112
2000-03-03,0.960621271857565,29.4754185867203,3.125,,30.1191428774184,,,0.112487796470976
2000-03-06,0.943285059842011,27.7888309647169,3.197,,30.4203343061926,,,0.111761822241034
2000-03-07,0.922121372446399,28.4787986282638,3.175,,30.0950475631165,,,0.159160297622232
2000-03-08,0.915592149739242,29.3036933015709,3.1815,,33.3840579653306,,,0.160478513987126
2000-03-09,0.917468363160839,30.6652294909699,3.4405,,33.7334400227086,,,0.191618987534628
2000-03-10,0.943735351063194,30.9718817858796,3.344,,32.7816751077822,,,0.225434102981915
2000-03-13,0.910413800695635,30.0519249011505,3.2655,,31.6251000212893,,,0.285231454027118
2000-03-14,0.857429533669741,29.1687662918106,3.2815,,30.9223200208162,,,0.210341480833126
2000-03-15,0.872439241042515,29.245429365538,3.1875,,31.5769093926855,,,0.201744417583816
2000-03-16,0.912290014117231,29.245429365538,3.3125,,32.9061675650089,,,0.179907876930568
2000-03-17,0.938106710798403,30.4720385451768,3.2405,,32.0507839072902,,,0.190816594964692
2000-03-20,0.923097003425629,29.8587339553574,3.2095,,31.376115106836,,,0.190682862869703
2000-03-21,1.01270495644109,31.5085233019716,3.619,,32.4041818503852,,,0.181264302465459
2000-03-22,1.08212485304017,31.6618494494264,3.5345,,33.7575353370105,,,0.182563414245354
2000-03-23,1.06051087442338,34.305192231548,3.3845,,34.8900151092015,,,0.185792089110095
2000-03-24,1.04084815776504,34.2499948184643,3.6345,,34.9382057378053,,,0.178035627600718
2000-03-27,1.0473773804722,31.9102378083033,3.6565,,35.5164932810518,,,0.166324516996657
2000-03-28,1.04415029338706,31.9869008820307,3.5065,,34.7615067662578,,,0.153906536747653
2000-03-29,1.02020981012748,32.8700594913707,3.3125,,33.1310571651602,,,0.143762002113467
2000-03-30,0.943735351063194,31.6986477248156,3.325,,31.5006075640627,,,0.142921400373535
2000-03-31,1.01923417914825,32.5818063341555,3.35,,31.3480039068171,,,0.161395534067053
2000-04-03,1.00047204493228,27.8654940384444,3.178,,30.8741293922124,,,0.148786507968064
2000-04-04,0.955442922813958,27.157127237203,3.197,,30.4966361348154,,,0.143284387488505
2000-04-05,0.978482823631167,26.4855587113507,3.1095,,31.4243057354399,,,0.175169939850948
2000-04-06,0.939532632998817,26.3720973622341,3.2125,,33.0065647079336,,,0.183289388475296
2000-04-07,0.988764473181517,27.3104533846578,3.378,,34.9904122521262,,,0.196013042084276
2000-04-10,0.938106710798403,26.3904964999287,3.169,,33.1310571651602,,,0.17862786973567
2000-04-11,0.896379724302091,25.7189279740765,3.169,,31.0749236780618,,,0.168005720476522
2000-04-12,0.819905265237805,24.3389926469828,2.819,,29.3681722483414,,,0.150563234372922
2000-04-13,0.85412739804773,24.3021943715937,2.4,,28.8902818480197,,,0.144124989228438
2000-04-14,0.839567981896139,22.7290680987069,2.344,,25.5089060743149,,,0.131439544789456
2000-04-17,0.929626226132786,23.2657096147989,2.353,,30.0428410487956,,,0.138145254123918
2000-04-18,0.952140787191948,24.7039088779254,2.747,,31.7014018499121,,,0.162637332091953
2000-04-19,0.908987878495221,24.1304690864442,2.672,,29.9424439058709,,,0.154861765997577
2000-04-20,0.89210195770085,24.2071321601716,2.619,,28.436486762,,,0.154040268842643
2000-04-24,0.904334869209661,20.4291758868842,2.4905,,29.0910761338692,,,0.146398434843256
2000-04-25,0.962947776500345,21.2724696978858,2.622,,30.3440324775698,,,0.162388972486973
2000-04-26,0.910413800695635,20.8523560538595,2.675,,28.9906789909445,,,0.160726873592106
2000-04-27,0.951240204749581,21.4073967076461,2.644,,31.0468124780429,,,0.173851723486053
2000-04-28,0.931052148333199,21.3889975699515,2.7595,,32.102990421611,,,0.17027916609134
2000-05-01,0.932928361754796,22.5205445381683,2.997,,32.0025932786863,,,0.1757621819859
2000-05-02,0.884597104014463,21.4257958453407,2.8065,,31.2476067638923,,,0.168960949726446
2000-05-03,0.863508465155714,21.6373859288284,2.7065,,30.4444296204945,,,0.166209889486666
2000-05-04,0.830712254546202,21.6005876534392,2.753,,29.8179514486442,,,0.168234975496504
2000-05-05,0.848949049004123,21.8091112139778,2.925,,30.8460181921934,,,0.17601054159088
2000-05-08,0.826434487944962,21.4073967076461,2.801,,29.0388696195483,,,0.169553191861398
2000-05-09,0.791311772692669,20.7940921178267,2.8125,,28.9143771623217,,,0.16716511873659
2000-05-10,0.745307019595116,20.297315400073,2.6655,,27.1594351039974,,,0.150696966467911
2000-05-11,0.771574007497471,20.8124912555213,2.744,,29.0669808195673,,,0.157135211612394
2000-05-12,0.807672353728993,21.1007444127364,2.6875,,29.7938561343423,,,0.152359065362778
2000-05-15,0.75799022232511,21.2724696978858,2.803,,30.9223200208162,,,0.162866587111935
2000-05-16,0.793187986114266,21.3123344962241,2.953,,31.8017989928368,,,0.179583098985594
2000-05-17,0.760767018189073,20.7572938424375,3.05,,31.4002104211379,,,0.211105664233065
2000-05-18,0.756114008903513,20.297315400073,2.769,,29.3400610483225,,,0.196777225484214
2000-05-19,0.705456246520399,19.950798306825,2.6315,,28.1352953332258,,,0.195057812834352
2000-05-22,0.674986540553667,19.6840108102536,2.594,,27.2317210469032,,,0.207857884783325
2000-05-23,0.643991494828888,19.3773585153439,2.3345,,25.1514922455029,,,0.206138472133463
2000-05-24,0.658100619759296,20.1041244542799,2.428,,25.8020657316551,,,0.203463830233678
2000-05-25,0.654948581211013,18.8591161369465,2.275,,26.6815447036757,,,0.200598142483908
2000-05-26,0.648194212893265,18.8407169992519,2.325,,26.9064343038271,,,0.201553371733831
2000-05-30,0.657124988780066,19.4356224513767,2.5875,,29.7938561343423,,,0.209959389133157
2000-05-31,0.630407709656527,19.1841675695508,2.497,,29.2155685910959,,,0.215499718782712
2000-06-01,0.66883256053083,19.7974721593702,2.5095,,31.2757179639113,,,0.224096782032023
2000-06-02,0.694649257212002,20.3341136754622,2.894,,32.2033875645358,,,0.251416338579831
2000-06-05,0.685268190104018,20.5058389606116,2.725,,32.5045789933099,,,0.256765622379402
2000-06-06,0.696975761854782,21.3491327716133,2.528,,30.9464153351182,,,0.243965550430429
2000-06-07,0.724668671957551,21.6189867911338,2.5905,,32.127085735913,,,0.233075936981302
2000-06-08,0.711535178006373,21.1007444127364,2.594,,33.0828665365564,,,0.234795349631164
2000-06-09,0.718589740471577,21.1007444127364,2.6095,,33.207358993783,,,0.241481954380628
2000-06-12,0.684367607661651,20.5058389606116,2.422,,32.3519753360644,,,0.235177441331134
2000-06-13,0.709208673363593,20.8124912555213,2.45,,32.8057704220841,,,0.242437183630551
2000-06-14,0.678738967396861,21.6189867911338,2.322,,31.7254971642141,,,0.242246137780567
2000-06-15,0.693223335011588,22.1924265826149,2.3155,,33.1310571651602,,,0.248550650830061
2000-06-16,0.684367607661651,22.2506905186478,2.3,,32.8820722507069,,,0.286186683277042
2000-06-19,0.725118963178734,22.5972076118957,2.2655,,34.5366171661064,,,0.303953947325616
2000-06-20,0.759866435746707,22.9805229805329,2.3065,,34.5566965946914,,,0.299941984475938
2000-06-21,0.834990021147443,24.7437736762636,2.303,,34.6129189947292,,,0.330318274623501
2000-06-22,0.806771771286627,24.4923187944377,2.1,,32.7294685934613,,,0.312359964724942
2000-06-23,0.775851774098712,23.8238167915345,1.694,,31.9262914500635,,,0.282938903827302
2000-06-26,0.812475460088281,24.3788574453211,1.697,,33.207358993783,,,0.316945065124574
2000-06-27,0.776752356541078,24.1672673618334,1.825,,33.0306600222355,,,0.27224033622816
2000-06-28,0.817128469373841,24.2071321601716,1.894,,33.3077561367078,,,0.261732814479003
2000-06-29,0.769247502854691,23.6704906440797,1.8565,,32.480483679008,,,0.224020363692029
2000-06-30,0.786208472185926,24.5321835927759,1.8155,,33.7575353370105,,,0.242857484500518
2000-07-03,0.800167500042606,24.5321835927759,1.85,,32.2033875645358,,,0.233572656191262
2000-07-05,0.774951191656345,24.0722051504114,1.825,,29.0388696195483,,,0.208469231503276
2000-07-06,0.777652938983445,24.820436749991,1.803,,30.3721436775887,,,0.221154675942259
2000-07-07,0.817128469373841,25.1454881825953,1.8065,,30.4725408205134,,,0.222339160212164
2000-07-10,0.857504582206605,24.3604583076265,1.753,,29.7697608200403,,,0.233801911211244
2000-07-11,0.854652737805778,24.2623295732554,1.6565,,29.0388696195483,,,0.25267724118973
2000-07-12,0.88377157010896,24.6272458041979,1.753,,29.9946504201917,,,0.259822355979157
2000-07-13,0.848048466561757,24.5137844550813,1.75,,30.4203343061926,,,0.284199806437201
2000-07-14,0.865910018335358,24.2071321601716,2.1315,,30.5729379634382,,,0.282021883747376
2000-07-17,0.875216036906479,23.9771429389894,2.0565,,30.5729379634382,,,0.278926940977624
2000-07-18,0.859305747091338,24.0722051504114,2.0875,,29.7938561343423,,,0.273424820498065
2000-07-19,0.790861481471486,22.4224158037972,2.044,,29.6171571627948,,,0.256001438979463
2000-07-20,0.827485167461056,22.9406581821946,2.0155,,31.376115106836,,,0.262917298748908
2000-07-21,0.8039199268858,22.1740274449203,2.0565,,30.2958418489659,,,0.266279705708639
2000-07-24,0.730822651980388,21.6373859288284,1.9375,,30.1191428774184,,,0.237852083230919
2000-07-25,0.751385951081089,21.1590083487692,1.8815,,30.5207314491173,,,0.234527885441186
2000-07-26,0.751385951081089,20.7940921178267,1.803,,30.8219228778915,,,0.217066294752587
2000-07-27,0.780504783384272,21.2724696978858,1.569,,30.1432381917203,,,0.201553371733831
2000-07-28,0.725118963178734,21.3705984322569,1.5,,29.0669808195673,,,0.206329517983448
2000-07-31,0.76264323161067,21.4073967076461,1.5065,,30.1954447060412,,,0.229255019981609
2000-08-01,0.740128670551508,21.0639461373472,1.5125,,29.3681722483414,,,0.224708128751974
2000-08-02,0.709208673363593,21.2724696978858,1.5405,,29.3681722483414,,,0.229255019981609
2000-08-03,0.720465953893174,21.5423237174064,1.575,,31.0990189923637,,,0.239304031690803
2000-08-04,0.711159935322054,21.1958066241584,1.625,,32.7535639077633,,,0.243583458730459
2000-08-07,0.719565371450807,21.4656606436789,1.6905,,32.8820722507069,,,0.262688043728927
2000-08-08,0.701703819677206,22.7290680987069,1.647,,33.3318514510097,,,0.256956668229387
2000-08-09,0.712961100206787,22.7689328970452,1.544,,32.6812779648575,,,0.24931483423
2000-08-10,0.713861682649153,22.2690896563424,1.522,,32.1511810502149,,,0.25218052197977
2000-08-11,0.715812944607614,22.2138922432586,1.6845,,32.5808808219327,,,0.246219891460248
2000-08-14,0.706356828962766,22.1372291695312,1.744,,33.0828665365564,,,0.248588860000058
2000-08-15,0.700803237234839,21.9624373614327,1.878,,32.6290714505366,,,0.272049290378176
2000-08-16,0.727970807579561,21.7723129385886,1.9375,,32.9302628793108,,,0.278926940977624
2000-08-17,0.772099347255518,21.9440382237381,1.9125,,33.7093447084067,,,0.284199806437201
2000-08-18,0.750485368638723,21.7723129385886,1.95,,32.6531667648385,,,0.294210608976398
2000-08-21,0.75799022232511,21.655785066523,1.875,,33.4081532796325,,,0.298757500206033
2000-08-22,0.775851774098712,21.8489760123161,1.825,,33.5567410511611,,,0.270559132748295
2000-08-23,0.815177207415381,21.6956498648612,1.9405,,33.2836608224058,,,0.286339519957029
2000-08-24,0.842194680686375,21.8091112139778,1.969,,34.0105361371809,,,0.293981353956416
2000-08-25,0.852701475847317,21.655785066523,1.997,,33.9864408228789,,,0.286568774977011
2000-08-28,0.871463610063285,21.8673751500106,1.9565,,34.8378085948806,,,0.298031525976091
2000-08-29,0.88842457939452,21.7539138008941,1.9815,,35.2393971665795,,,0.29730555174615
2000-08-30,0.89307758868008,21.4656606436789,2.147,,35.440191452429,,,0.299941984475938
2000-08-31,0.914691567296875,21.4073967076461,2.075,,36.5204647102991,,,0.303304391435668
2000-09-01,0.952215835728812,21.5239245797118,2.075,,37.1991493964702,,,0.303762901475632
2000-09-05,0.937206128356037,21.5024589190681,2.2845,,36.5686553389029,,,0.304259620685592
2000-09-06,0.877167298864939,21.2939353585295,2.294,,35.8417800241279,,,0.283244577187278
2000-09-07,0.930601857112016,21.4840597813735,2.175,,36.6208618532238,,,0.298528245186052
2000-09-08,0.88377157010896,21.2540705601912,2.147,,34.7615067662578,,,0.280837399477471
2000-09-11,0.877167298864939,21.1007444127364,2.119,,33.5085504225572,,,0.26937464847839
2000-09-12,0.866810600777725,20.8891543292487,2.1345,,31.8781008214596,,,0.267693444998525
2000-09-13,0.870563027620918,20.929019127587,2.122,,32.853961050688,,,0.267578817488534
2000-09-14,0.853451961215956,20.1807875280073,2.244,,34.1109332801056,,,0.265095221438734
2000-09-15,0.828986138198333,19.6840108102536,2.1815,,31.4484010497418,,,0.270864806108271
2000-09-18,0.910488849232499,19.319094579311,2.1405,,30.7094780778158,,,0.25504620972954
2000-09-19,0.899681859924101,19.9323991691304,2.0375,,31.8499896214407,,,0.262917298748908
2000-09-20,0.91634263510788,19.7024099479482,1.875,,32.102990421611,,,0.254320235499598
2000-09-21,0.850900310962584,19.6840108102536,2.003,,31.7014018499121,,,0.265248058118721
2000-09-22,0.783356627785099,19.3957576530385,2.072,,32.4202453932532,,,0.26987136768835
2000-09-25,0.803019344443433,18.7824530632191,2.019,,31.6251000212893,,,0.289205207706799
2000-09-26,0.772099347255518,19.224032367889,1.9875,,31.9021961357616,,,0.296121067476245
2000-09-27,0.734575078823582,18.5923286403751,1.894,,32.0788951073091,,,0.312359964724942
2000-09-28,0.803019344443433,18.8008522009137,2.0,,32.7214368220274,,,0.321912257224176
2000-09-29,0.386499964848942,18.494199906004,1.922,,31.6251000212893,,,0.312856683934902
2000-10-02,0.363985403789781,18.1323501980105,1.794,,31.6251000212893,,,0.305444104955497
2000-10-03,0.334866571486598,17.3442538000926,1.753,,27.9104057330744,,,0.288975952686818
2000-10-04,0.354529288144933,17.0008032297937,1.8,,27.3602293898469,,,0.285613545727088
2000-10-05,0.331114144643404,16.9824040920991,1.678,,27.4325153327527,,,0.278926940977624
2000-10-06,0.333065406601865,17.0376015051829,1.578,,27.1594351039974,,,0.261503559459022
2000-10-09,0.326461135357844,16.6174878611566,1.503,,26.8060371609024,,,0.267234934958562
2000-10-10,0.313252592869803,16.7309492102732,1.522,,25.9546693889007,,,0.24694586569019
2000-10-11,0.294490458653835,17.0958654412157,1.3905,,24.9988885882573,,,0.249085579210018
2000-10-12,0.300194147455489,16.6757517971894,1.2565,,25.3000800170315,,,0.239304031690803
2000-10-13,0.331114144643404,16.4825608513963,1.422,,28.6172016192645,,,0.248856324190036
2000-10-16,0.322708708514651,15.4491426175506,1.2155,,27.7578020758288,,,0.243124948690496
2000-10-17,0.301995312340222,15.4675417552452,1.097,,27.0590379610727,,,0.225434102981915
2000-10-18,0.301995312340222,15.8692562615769,1.2565,,26.954624932431,,,0.221842441002203
2000-10-19,0.284283857640348,18.9756440090122,1.3875,,29.2195844768128,,,0.243354203710478
2000-10-20,0.292689293769102,19.9906631051633,1.5405,,28.3119943047733,,,0.266050450688657
2000-10-23,0.305747739183416,19.0523070827396,1.5,,27.3562135041299,,,0.260051610999138
2000-10-24,0.283233178124254,18.8591161369465,1.478,,28.7617735050761,,,0.251722011939806
2000-10-25,0.277679586396327,18.7824530632191,1.594,,27.6132301900172,,,0.229751739191569
2000-10-26,0.277679586396327,19.760673883981,1.844,,27.3562135041299,,,0.239533286710784
2000-10-27,0.278580168838694,20.7572938424375,1.7815,,27.4606265327716,,,0.234031166231226
2000-10-30,0.289837449368275,21.1774074864638,1.644,,25.4044930456732,,,0.217563013962547
2000-10-31,0.293589876211468,21.119143550431,1.8315,,26.5048457321282,,,0.237431782360953
2000-11-01,0.307699001141876,21.3491327716133,1.869,,25.2036987598237,,,0.237393573190956
2000-11-02,0.334866571486598,21.5607228551009,1.9875,,23.7419163588397,,,0.2555429289395
2000-11-03,0.333965989044232,20.929019127587,1.878,,24.344299216388,,,0.27224033622816
2000-11-06,0.321808126072284,21.3123344962241,1.828,,22.4407693865352,,,0.293255379726475
2000-11-07,0.319856864113824,21.6189867911338,1.847,,21.3323849286462,,,0.273424820498065
2000-11-08,0.301094729897856,21.2939353585295,1.694,,19.9268249277,,,0.265324476458715
2000-11-09,0.303045991856316,21.7324481402504,1.5625,,21.8383865289868,,,0.237622828210938
2000-11-10,0.286085022525081,20.6591651080664,1.503,,20.4328265280406,,,0.224708128751974
2000-11-13,0.290738031810641,20.3739784738004,1.3905,,19.8786342990961,,,0.225663358001897
2000-11-14,0.303946574298683,21.1007444127364,1.447,,22.7941673296302,,,0.26700567993858
2000-11-15,0.298242885497028,21.4840597813735,1.475,,23.1957559013292,,,0.263452227128865
2000-11-16,0.285184440082715,21.1406092110747,1.3905,,21.9909901862324,,,0.24694586569019
2000-11-17,0.277679586396327,21.1774074864638,1.372,,23.1395335012913,,,0.242169719440573
2000-11-20,0.284283857640348,20.6039676949827,1.2905,,19.8786342990961,,,0.223523644482069
2000-11-21,0.282332595681888,20.7756929801321,1.2125,,19.17987018434,,,0.219244217442412
2000-11-22,0.277679586396327,20.929019127587,1.2595,,17.9188820692055,,,0.207781466443331
2000-11-24,0.289837449368275,21.4472615059844,1.447,,19.3806644701895,,,0.219702727482375
2000-11-27,0.280531430797155,21.6772507271666,1.4,,18.5774873267917,,,0.21229014850297
2000-11-28,0.270625023931123,20.5457037589498,1.2515,,18.1999940693947,,,0.196471552124239
2000-11-29,0.263570461465919,19.950798306825,1.347,,18.3766930409422,,,0.18435924523521
2000-11-30,0.247660171650779,17.5957086819185,1.2345,,21.2841943000423,,,0.154747138487586
2000-12-01,0.256065607779532,17.3657194607363,1.2315,,21.2360036714385,,,0.17003080648636
2000-12-04,0.250512016051606,17.3074555247034,1.328,,22.6415636723847,,,0.172667239216148
2000-12-05,0.255165025337166,18.3623394191928,1.269,,25.3000800170315,,,0.183900735195247
2000-12-06,0.214788912504402,17.3841185984308,1.1815,,24.2479179591803,,,0.157612826237356
2000-12-07,0.214788912504402,16.2924364285523,1.069,,22.7379449295924,,,0.154747138487586
2000-12-08,0.226046193033983,16.694150934884,1.172,,24.1435049305386,,,0.190090620734751
2000-12-11,0.227997454992444,17.8042322424571,1.2655,,25.6534779601265,,,0.190090620734751
2000-12-12,0.230849299393271,17.9023609768282,1.294,,24.6976971594831,,,0.184855964445171
2000-12-13,0.225145610591617,17.5558438835803,1.1875,,22.7941673296302,,,0.17052752569632
2000-12-14,0.216740174462863,17.0192023674883,1.1345,,22.0873714434402,,,0.158797310507261
2000-12-15,0.211036485661209,15.0842263866081,1.144,,22.9387392154419,,,0.143055132468524
2000-12-18,0.213888330062036,14.6610462196327,0.994,,25.7016685887304,,,0.147754860378147
2000-12-19,0.210135903218842,13.7410893349036,0.9125,,24.6013159022754,,,0.136597782739042
2000-12-20,0.215839592020497,12.7260702387525,0.8345,,22.890548586838,,,0.121810833950228
2000-12-21,0.211036485661209,13.3209756908773,0.7595,,23.6937257302358,,,0.106527165951454
2000-12-22,0.225145610591617,14.2409325756064,0.778,,25.6052873315226,,,0.133961350009253
2000-12-26,0.220492601306057,14.3758595853667,0.847,,24.8503008167287,,,0.128497438699692
2000-12-27,0.22229376619079,14.2409325756064,0.844,,24.6495065308792,,,0.137094501949002
2000-12-28,0.22229376619079,13.6644262611762,0.869,,24.9466820739364,,,0.137782267008947
2000-12-29,0.223344445706884,13.3025765531827,0.778,,23.3403277871408,,,0.125211450079955
2001-01-02,0.223344445706884,13.3025765531827,0.694,,21.1878130428346,,,0.114398254970823
2001-01-03,0.245708909692318,14.700911017971,0.878,,25.7016685887304,,,0.149512482198006
2001-01-04,0.256065607779532,14.8542371654258,0.775,,26.1514477890332,,,0.166706608696627
2001-01-05,0.245708909692318,15.0658272489135,0.728,,24.1997273305764,,,0.141717811518631
2001-01-08,0.248560754093145,15.0075633128807,0.747,,24.0471236733309,,,0.155243857697546
2001-01-09,0.258016869737993,15.8876553992715,0.819,,25.3000800170315,,,0.158338800467298
2001-01-10,0.248560754093145,16.2157733548249,0.825,,26.3040514462787,,,0.169304832256418
2001-01-11,0.27017473270994,16.8658762200335,0.85,,26.7538306465815,,,0.183404015985287
2001-01-12,0.258016869737993,16.4058977776689,0.8845,,25.9506535031837,,,0.179583098985594
2001-01-16,0.256966190221899,16.1176446204538,0.903,,25.5490649314848,,,0.165483915256725
2001-01-17,0.252313180936339,16.2341724925195,0.919,,26.7056400179777,,,0.171482754946243
2001-01-18,0.280531430797155,17.0192023674883,0.975,,27.1554192182804,,,0.204342641143607
2001-01-19,0.292689293769102,18.7057899894916,0.997,,27.7578020758288,,,0.198916939004043
2001-01-22,0.288936866925908,18.4390024929202,0.925,,25.5490649314848,,,0.191045849984674
2001-01-23,0.307699001141876,18.5708629797314,0.9475,,25.2840164741635,,,0.210074016643148
2001-01-24,0.307699001141876,19.3006954416165,1.094,,24.1435049305386,,,0.209195205733218
2001-01-25,0.299293565013123,18.9541783483685,0.95,,24.0471236733309,,,0.188180162234904
2001-01-26,0.293589876211468,19.6257468742207,0.975,,24.4005216164259,,,0.194140792754426
2001-01-29,0.325560552915478,19.7790730216756,1.0065,,24.4487122450298,,,0.195096022004349
2001-01-30,0.326461135357844,19.4356224513767,0.947,,24.344299216388,,,0.199413658214003
2001-01-31,0.324509873399384,18.7241891271862,0.8655,,23.3965501871786,,,0.197273944694174
2001-02-01,0.317005019712997,19.128970156467,0.8125,,24.1435049305386,,,0.198267383114095
2001-02-02,0.309500166026609,18.6475260534588,0.719,,22.2881657292896,,,0.17912458894563
2001-02-05,0.303045991856316,18.9940431467068,0.722,,22.0873714434402,,,0.178857124755652
2001-02-06,0.317005019712997,19.1841675695508,0.7905,,22.1917844720819,,,0.179812354005575
2001-02-07,0.31145142798507,19.8373369577084,0.75,,22.2399751006858,,,0.171482754946243
2001-02-08,0.31145142798507,19.0891053581288,0.719,,21.790195900383,,,0.17052752569632
2001-02-09,0.286985604967448,18.1323501980105,0.669,,18.9228534984527,,,0.169304832256418
2001-02-12,0.295541138169929,18.0158223259448,0.725,,18.47307429815,,,0.16479615019678
2001-02-13,0.286985604967448,17.8440970407954,0.6875,,18.1196763550549,,,0.169801551466378
2001-02-14,0.292689293769102,17.9023609768282,0.722,,20.0794285849456,,,0.182219531715382
2001-02-15,0.301094729897856,18.0342214636394,0.725,,20.4810171566445,,,0.2156525554627
2001-02-16,0.285184440082715,17.5742430212749,0.6845,,19.2762514415478,,,0.227344561481762
2001-02-20,0.2748277419955,17.135730239554,0.625,,18.5774873267917,,,0.204648314503583
2001-02-21,0.283233178124254,17.2491915886706,0.597,,18.47307429815,,,0.213971351982835
2001-02-22,0.282332595681888,16.9241401560663,0.597,,18.7782816126411,,,0.223065134442105
2001-02-23,0.282332595681888,17.4025177361254,0.5905,,17.6698971547521,,,0.207628629763344
2001-02-26,0.292689293769102,18.2642106848217,0.597,,18.6256779553955,,,0.203005320193715
2001-02-27,0.290738031810641,18.2090132717379,0.5875,,17.4209122402988,,,0.190816594964692
2001-02-28,0.273927159553134,18.0924853996722,0.5095,,15.2603657245587,,,0.170756780716302
2001-03-01,0.281432013239521,18.2028802258397,0.522,,17.1719273258455,,,0.18424461772522
2001-03-02,0.288936866925908,17.3841185984308,0.5,,13.5576301805553,,,0.166515562846642
2001-03-05,0.305747739183416,17.6141078196131,0.6315,,13.654011437763,,,0.168120347986513
2001-03-06,0.322708708514651,18.2274124094325,0.594,,14.1600130381036,,,0.18435924523521
2001-03-07,0.318956281671457,18.6107277780696,0.6125,,14.9631901815015,,,0.199184403194021
2001-03-08,0.312352010427436,18.1691484733997,0.5845,,14.0556000094619,,,0.205871007943485
2001-03-09,0.303946574298683,17.3841185984308,0.6125,,13.1560416088564,,,0.191275105004656
2001-03-12,0.27948075128106,15.9275201976098,0.5315,,12.2002608082129,,,0.18435924523521
2001-03-13,0.293589876211468,16.6174878611566,0.55,,13.6058208091591,,,0.206329517983448
2001-03-14,0.30679841869951,16.5592239251238,0.5315,,12.8990249229691,,,0.21802152400251
2001-03-15,0.295541138169929,16.4641617137017,0.544,,11.798672236514,,,0.228796509941646
2001-03-16,0.294490458653835,16.7309492102732,0.55,,11.2926706361734,,,0.227841280691722
2001-03-19,0.308599583584243,16.6542861365458,0.525,,12.4010550940624,,,0.240947026000671
2001-03-20,0.295541138169929,16.157509418792,0.5125,,11.5496873220607,,,0.21851824321247
2001-03-21,0.301995312340222,15.3510138831795,0.5,,11.8468628651179,,,0.234757140461167
2001-03-22,0.324509873399384,16.5592239251238,0.5095,,12.4492457226663,,,0.25840861668927
2001-03-23,0.345223269573812,17.3442538000926,0.5095,,12.7544530371574,,,0.256001438979463
2001-03-26,0.326911426579028,17.1909276526377,0.547,,12.6018493799119,,,0.26987136768835
2001-03-27,0.343272007615352,17.86249617849,0.582,,13.3728994375738,,,0.260051610999138
2001-03-28,0.33276521245441,17.0376015051829,0.54,,12.1279748653071,,,0.260242656849123
2001-03-29,0.338168707108609,16.9824040920991,0.5,,11.6621321221364,,,0.26413999218881
2001-03-30,0.331264241717132,16.7708140086114,0.5115,,12.0315936080994,,,0.248053931620101
2001-04-02,0.324059582178201,17.1142645789103,0.455,,12.3046738368547,,,0.237622828210938
2001-04-03,0.303796477224955,16.3690995022797,0.4315,,10.6420971500212,,,0.245493917230306
2001-04-04,0.292689293769102,15.9275201976098,0.42,,10.9713997788143,,,0.220199446692335
2001-04-05,0.313252592869803,17.4025177361254,0.456,,11.8388310936839,,,0.240488515960708
2001-04-06,0.309049874805426,17.230792450976,0.4185,,11.1320352074938,,,0.239533286710784
2001-04-09,0.308299389436787,17.5251786540893,0.559,,11.2846388647394,,,0.227879489861719
2001-04-10,0.330813950495949,18.3010089602108,0.6005,,12.0235618366654,,,0.249391252569993
2001-04-11,0.327211620726483,18.4114037863783,0.666,,12.4733410369682,,,0.264445665548786
2001-04-12,0.336517639297603,19.0676396974851,0.7335,,12.7062624085536,,,0.268419419228467
2001-04-16,0.321808126072284,18.6413930075606,0.7015,,12.8187072086293,,,0.261885651158991
2001-04-17,0.306198030404599,18.8529830910483,0.737,,13.0275332659127,,,0.274723932277961
2001-04-18,0.34207123102553,20.0642596559416,0.827,,14.392934409689,,,0.295204047396318
2001-04-19,0.386049673627759,20.8646221456559,0.7995,,16.3205595538438,,,0.320574936274283
2001-04-20,0.375843072614272,21.1590083487692,0.789,,15.862748582107,,,0.332266942293345
2001-04-23,0.363985403789781,20.929019127587,0.81,,13.7744880092727,,,0.314728933264752
2001-04-24,0.36068326816777,20.7143625211502,0.784,,13.6299161234611,,,0.292452987156539
2001-04-25,0.371039966254985,21.3705984322569,0.8045,,13.8548057236125,,,0.30590261499546
2001-04-26,0.370589675033801,21.1988731471075,0.7715,,13.5736937234232,,,0.281792628727394
2001-04-27,0.393254333166691,20.582502034339,0.7635,,13.7744880092727,,,0.301852442975785
2001-04-30,0.382597440932021,20.7756929801321,0.789,,12.9793426373088,,,0.318282386074467
2001-05-01,0.389201712176042,21.5177915338136,0.8445,,12.8829613801011,,,0.348009120332082
2001-05-02,0.399108119042073,21.3920640929006,0.8555,,13.7905515521406,,,0.340023403802723
2001-05-03,0.37464229602445,21.0148817701617,0.8375,,13.2122640088942,,,0.338533246172842
2001-05-04,0.386499964848942,21.6956498648612,0.878,,13.7262973806688,,,0.343194764912468
2001-05-07,0.37464229602445,21.8888408106543,0.846,,13.5495984091213,,,0.358593060421233
2001-05-08,0.368788510149068,22.0973643711929,0.809,,13.6861385234989,,,0.332649033993314
2001-05-09,0.359932782799131,21.5883215616428,0.7505,,13.7022020663669,,,0.317059692634565
2001-05-10,0.345223269573812,21.4656606436789,0.731,,13.1640733802903,,,0.30639933420542
2001-05-11,0.342971813467896,21.2816692667331,0.734,,12.7705165800254,,,0.298566454356049
2001-05-14,0.349576084711917,21.0731457061945,0.6665,,12.8829613801011,,,0.301126468745843
2001-05-15,0.347925016900912,20.9351521734852,0.677,,12.7946118943273,,,0.311939663854976
2001-05-16,0.361733947683864,21.2080727159548,0.7065,,13.1721051517243,,,0.326650194303796
2001-05-17,0.353478608628838,20.9044869439942,0.739,,12.9472155515729,,,0.332419778973333
2001-05-18,0.353178414481383,20.8799547604014,0.736,,13.0757238945166,,,0.329745137073547
2001-05-21,0.353628705702566,21.0946113668382,0.819,,14.5375062955006,,,0.344646713372352
2001-05-22,0.3527281232602,21.5607228551009,0.8125,,14.1198541809337,,,0.354963189271524
2001-05-23,0.348675502269551,21.373664955206,0.78,,13.5174713233854,,,0.351944664841766
2001-05-24,0.348225211048367,21.9931025909236,0.8375,,13.8949645807824,,,0.35714111196135
2001-05-25,0.341620939804347,21.7447142320468,0.8545,,13.2604546374981,,,0.350378088871892
2001-05-29,0.322258417293468,21.5699224239482,0.861,,12.53759520844,,,0.336011440953045
2001-05-30,0.296892011833479,21.2172722848021,0.783,,11.6541003507024,,,0.329745137073547
2001-05-31,0.29944366208685,21.214205761853,0.8345,,12.2886102939867,,,0.327108704343759
2001-06-01,0.313552787017258,21.5699224239482,0.8475,,12.7383894942895,,,0.345219850922306
2001-06-04,0.31010055432152,21.7048494337085,0.8455,,12.8990249229691,,,0.339870567122735
2001-06-05,0.314303272385897,22.2629566104442,0.822,,13.4612489233475,,,0.357714249511304
2001-06-06,0.311151233837615,22.1893600596658,0.7995,,13.654011437763,,,0.359242616311181
2001-06-07,0.325110261694295,22.5941410889466,0.8065,,13.9190598950843,,,0.379531685579553
2001-06-08,0.320006961187551,22.4438814644409,0.785,,13.662043209197,,,0.369673719720344
2001-06-11,0.3007945357504,22.1157635088875,0.743,,13.0034379516108,,,0.358860524611212
2001-06-12,0.304847156741049,22.1034974170911,0.732,,12.9632790944409,,,0.370819994820252
2001-06-13,0.307248709920693,21.6772507271666,0.706,,12.4492457226663,,,0.358363805401252
2001-06-14,0.298392982570756,21.1283431192783,0.6645,,11.9271805794577,,,0.357599622001313
2001-06-15,0.30679841869951,20.8584890997577,0.6245,,12.0476571509674,,,0.363178160820865
2001-06-18,0.305147350888505,20.5089054835607,0.5915,,11.9191488080237,,,0.348811512902018
2001-06-19,0.303045991856316,20.6438324933209,0.568,,13.4612489233475,,,0.329745137073547
2001-06-20,0.325260358768023,21.2847357896822,0.6265,,14.0716635523299,,,0.34392073914241
2001-06-21,0.337568318813697,21.4165962764934,0.654,,14.3768708668211,,,0.350416298041889
2001-06-22,0.334116086117959,21.1068774586346,0.62,,14.039536466594,,,0.348849722072015
2001-06-25,0.360082879872859,21.1130105045328,0.6405,,14.2724578381793,,,0.34816195701207
2001-06-26,0.356480550103393,21.5085919649663,0.6625,,14.8105865242559,,,0.358210968721264
2001-06-27,0.350326570080556,21.815244259876,0.702,,14.4893156668967,,,0.347130309422153
2001-06-28,0.353328511555111,22.3058879317315,0.718,,15.4049376103703,,,0.351218690611825
2001-06-29,0.348975696417006,22.385617528408,0.7075,,15.2603657245587,,,0.35439005172157
2001-07-02,0.35873200620931,21.6496520206248,0.7265,,15.7262084677294,,,0.338647873682833
2001-07-03,0.357831423766943,21.6097872222865,0.7065,,15.878812124975,,,0.343003719062484
2001-07-05,0.34807511397464,21.0087487242635,0.7635,,15.2041433245208,,,0.318129549394479
2001-07-06,0.330663853422221,20.2574506017347,0.7635,,14.6258557812744,,,0.308348001875264
2001-07-09,0.34072035736198,20.1439892526181,0.7905,,15.1880797816529,,,0.298260780996073
2001-07-10,0.317305213860452,19.7729399757774,0.7805,,14.1278859523677,,,0.300706167875877
2001-07-11,0.338318804182336,20.392377611495,0.767,,14.4571885811608,,,0.300133030325923
2001-07-12,0.365636471600786,21.9563043155345,0.8245,,15.7904626392012,,,0.31587520836466
2001-07-13,0.372991228213445,21.8765747188579,0.849,,15.6940813819935,,,0.309341440295184
2001-07-16,0.359632588651676,21.8275103516724,0.8005,,15.0194125815393,,,0.28446727062718
2001-07-17,0.376743655056639,22.0237678204146,0.8175,,15.6619542962576,,,0.300362285345904
2001-07-18,0.312051816279981,21.6404524517775,0.798,,15.0836667530111,,,0.289969391106738
2001-07-19,0.299593759160578,22.2537570415969,0.8245,,15.3969058389363,,,0.294630909846364
2001-07-20,0.299893953308034,21.214205761853,0.849,,15.3165881245965,,,0.286148474107045
2001-07-23,0.293289682064013,20.5733024654917,0.8015,,14.5616016098025,,,0.259058172579218
2001-07-24,0.286535313746264,20.3371801984112,0.603,,14.6258557812744,,,0.276596181607811
2001-07-25,0.277229295175144,20.6928968605065,0.5755,,15.4691917818421,,,0.273921539708026
2001-07-26,0.279030460059877,20.4199763180369,0.6165,,15.5896683533518,,,0.301852442975785
2001-07-27,0.284584051787804,20.076525747738,0.6125,,15.3085563531625,,,0.309494276975172
2001-07-30,0.28413376056662,20.1777210050582,0.6275,,14.9953172672374,,,0.302119907165763
2001-07-31,0.282032401534432,20.297315400073,0.6245,,14.5214427526327,,,0.309112185275203
2001-08-01,0.286085022525081,20.3831780426477,0.625,,14.7142052670481,,,0.327987515253688
2001-08-02,0.29749240012839,20.6836972916592,0.6095,,14.7061734956142,,,0.335782185933063
2001-08-03,0.292689293769102,20.5119720065098,0.6075,,14.4571885811608,,,0.333566054073241
2001-08-06,0.287135702041175,20.2789162623784,0.595,,14.023472923726,,,0.343232974082465
2001-08-07,0.288936866925908,20.3463797672585,0.58,,13.8467739521785,,,0.338151154472873
2001-08-08,0.283683469345437,19.8894678478431,0.5555,,13.0917874373845,,,0.329554091223563
2001-08-09,0.285934925451353,19.9354656920795,0.523,,12.8428025229312,,,0.323784506554025
2001-08-10,0.28548463423017,20.0918583624835,0.4975,,12.176165493911,,,0.323402414854056
2001-08-13,0.286535313746264,20.1869205739055,0.506,,12.6018493799119,,,0.336966670202968
2001-08-14,0.281131819092066,19.8373369577084,0.5265,,12.4894045798362,,,0.328025724423685
2001-08-15,0.276779003953961,19.380425038293,0.504,,12.0556889224013,,,0.328407816123655
2001-08-16,0.279931042502244,19.8158712970648,0.4905,,12.2966420654207,,,0.342239535662545
2001-08-17,0.271225412226034,18.9756440090122,0.4995,,11.822767550816,,,0.320078217064323
2001-08-20,0.271975897594673,19.2270988908381,0.52,,11.8950534937218,,,0.317862085204501
2001-08-21,0.268973956120118,18.6383264846115,0.4945,,11.3488930362113,,,0.311175480455037
2001-08-22,0.273326771258223,18.6015282092224,0.51,,11.7585133793441,,,0.32397555240401
2001-08-23,0.267322888309113,18.1292836750614,0.4815,,11.2525117790035,,,0.316792228444586
2001-08-24,0.278730265912422,19.0277748991468,0.5115,,12.184197265345,,,0.32584780173386
2001-08-27,0.283983663492893,19.1075044958234,0.5065,,11.9914347509295,,,0.337119506882956
2001-08-28,0.27617861565905,18.6260603928151,0.4985,,11.2525117790035,,,0.332725452333308
2001-08-29,0.267623082456569,18.4758007683094,0.4595,,10.722414864361,,,0.322026884734167
2001-08-30,0.267623082456569,17.4607816721583,0.4345,,9.63812572077389,,,0.320995237144249
2001-08-31,0.278430071764966,17.4945134245983,0.447,,9.80679292088743,,,0.323669879044035
2001-09-04,0.273927159553134,17.2031937444341,0.4295,,9.70237989224571,,,0.30116467791584
2001-09-05,0.278430071764966,17.706103508086,0.3825,,9.69434812081174,,,0.307583818475325
2001-09-06,0.265972014645563,17.1786615608413,0.4075,,8.77069440590424,,,0.295013001546334
2001-09-07,0.259367743401543,16.9885371379973,0.4255,,8.89117097741391,,,0.298107944316085
2001-09-10,0.260718617065092,17.6570391409005,0.4315,,9.20441006333906,,,0.289472671896778
2001-09-17,0.255014928263438,16.2249729236722,0.3745,,8.84298034881004,,,0.259745937639163
2001-09-18,0.244358036028768,16.6573526594949,0.3645,,9.14015589186724,,,0.24408017794042
2001-09-19,0.255465219484621,16.5193591267855,0.3655,,8.99558400605563,,,0.241099862680659
2001-09-20,0.235352211605103,15.5656704896163,0.374,,9.08393349182939,,,0.220696165902295
2001-09-21,0.236102696973742,15.2436855799611,0.374,,8.64218606296059,,,0.206100262963466
2001-09-24,0.24690968628214,15.9489858582535,0.373,,10.0557778353408,,,0.229255019981609
2001-09-25,0.233250852572915,15.7312627288676,0.3545,,9.83892000662335,,,0.220314074202326
2001-09-26,0.227397066697533,15.4154108651106,0.3175,,9.79876114945345,,,0.212366566842964
2001-09-27,0.232800561351732,15.3203486536886,0.31,,9.6702528065098,,,0.200598142483908
2001-09-28,0.232800561351732,15.6913979305293,0.2985,,10.1039684639446,,,0.20992117996316
2001-10-01,0.233250852572915,15.8815223533733,0.3005,,10.1039684639446,,,0.192115706744588
2001-10-02,0.225896095960256,16.2679042449595,0.304,,10.1200320068126,,,0.182486995905361
2001-10-03,0.224845416444161,17.2430585427724,0.338,,10.9713997788143,,,0.218403615702479
2001-10-04,0.238354153079658,17.3074555247034,0.352,,11.075812807456,,,0.246754819840205
2001-10-05,0.24225667699658,17.6999704621878,0.36,,11.4051154362491,,,0.251416338579831
2001-10-08,0.243157259438946,17.7980991965589,0.356,,11.1641622932298,,,0.257071295739377
2001-10-09,0.240155317964391,16.7309492102732,0.3455,,11.0035268645502,,,0.245914218100272
2001-10-10,0.252463278010066,17.0222688904374,0.363,,11.4774013791549,,,0.261732814479003
2001-10-11,0.266272208793019,17.2706572493143,0.3925,,12.0235618366654,,,0.290084018616729
2001-10-12,0.270324829783668,17.2890563870088,0.4035,,11.9994665223635,,,0.308959348595215
2001-10-15,0.270024635636212,17.8042322424571,0.444,,11.5978779506646,,,0.307583818475325
2001-10-16,0.270324829783668,17.9238266374719,0.478,,11.9994665223635,,,0.338533246172842
2001-10-17,0.255014928263438,17.1817280837904,0.446,,10.9713997788143,,,0.318664477774436
2001-10-18,0.27017473270994,17.4025177361254,0.4235,,11.453306064853,,,0.332114105613357
2001-10-19,0.274677644921773,17.7551678752716,0.4005,,11.6781956650044,,,0.338915337872812
2001-10-22,0.28548463423017,18.4482020617675,0.4385,,12.0074982937975,,,0.347015681912162
2001-10-23,0.272276091742129,18.5309981813931,0.4775,,12.0556889224013,,,0.340902214712652
2001-10-24,0.284433954714076,18.8039187238628,0.382,,11.7745769222121,,,0.355956627691445
2001-10-25,0.288036284483542,19.1841675695508,0.3885,,11.2043211503996,,,0.376818834509771
2001-10-26,0.280231236649699,19.0737727433833,0.378,,10.9071456073425,,,0.349919578831929
2001-10-29,0.264621140982014,18.2887428684145,0.3525,,10.7625737215308,,,0.321491956354209
2001-10-30,0.26417084976083,18.0556871242831,0.321,,10.8428914358706,,,0.320957027974252
2001-10-31,0.263570461465919,17.831830948999,0.349,,10.8910820644745,,,0.327529005213725
2001-11-01,0.279030460059877,18.9633779172158,0.3475,,11.3810201219472,,,0.355498117651481
2001-11-02,0.278730265912422,18.8284509074555,0.3355,,11.6059097220986,,,0.360465309751083
2001-11-05,0.286235119598809,19.4018906989367,0.3495,,12.0155300652314,,,0.361764421530979
2001-11-06,0.293739973285196,19.8649356642503,0.3525,,12.2243561225149,,,0.386600382028986
2001-11-07,0.294040167432652,19.7024099479482,0.3715,,12.5134998941381,,,0.386906055388962
2001-11-08,0.28083162494461,19.7545408380828,0.3485,,12.4090868654964,,,0.380181241469501
2001-11-09,0.28083162494461,19.9967961510615,0.356,,12.3528644654585,,,0.406545568767386
2001-11-12,0.281432013239521,20.1746544821091,0.3525,,12.3689280083265,,,0.41747339138651
2001-11-13,0.290738031810641,20.8216908243686,0.3645,,11.6621321221364,,,0.414034566086786
2001-11-14,0.294340361580107,20.2237188492947,0.4745,,11.9834029794955,,,0.402495396747711
2001-11-15,0.291938808400463,20.2758497394293,0.4525,,11.8789899508538,,,0.40463511026754
2001-11-16,0.284734148861531,20.1623883903127,0.4475,,11.6862274364383,,,0.401119866627822
2001-11-19,0.300194147455489,20.4046437032914,0.4595,,11.9432441223256,,,0.392331757528527
2001-11-20,0.293139584990285,20.0550600870943,0.43,,11.6942592078723,,,0.381327516569409
2001-11-21,0.295391041096201,19.6410794889662,0.44,,11.3087341790414,,,0.376436742809802
2001-11-23,0.297792594275845,19.8434700036066,0.454,,11.5737826363626,,,0.381709608269379
2001-11-26,0.32075744655619,19.9753304904178,0.6105,,11.8388310936839,,,0.40899095564719
2001-11-27,0.315203854828264,19.5460172775442,0.574,,11.5818144077966,,,0.413346801026841
2001-11-28,0.30814929236306,19.2577641203291,0.5795,,11.3408612647773,,,0.392484594208514
2001-11-29,0.306498224552054,19.8833348019449,0.5575,,11.3970836648151,,,0.409678720707135
2001-11-30,0.319706767040096,19.6901438561518,0.566,,11.2685753218715,,,0.417549809726504
2001-12-03,0.315954340196902,19.8618691413012,0.5245,,11.0035268645502,,,0.411207087507012
2001-12-04,0.336217445150148,20.2390514640401,0.5965,,11.08384457889,,,0.444296228724358
2001-12-05,0.356630647177121,20.8830212833505,0.588,,12.3448326940246,,,0.480136430181483
2001-12-06,0.341921133951802,21.0516800455508,0.605,,12.7705165800254,,,0.47257101452209
2001-12-07,0.338318804182336,20.8002251637249,0.5855,,12.7785483514594,,,0.458127948263248
2001-12-10,0.338318804182336,20.5641028966444,0.5825,,12.3849915511944,,,0.46271304866288
2001-12-11,0.326911426579028,20.6438324933209,0.612,,12.1360066367411,,,0.47929582844155
2001-12-12,0.322558611440923,20.8370234391141,0.5955,,12.1279748653071,,,0.494197404740355
2001-12-13,0.315203854828264,20.3218475836658,0.5445,,11.7826086936461,,,0.479983593501495
2001-12-14,0.306047933330871,20.6806307687101,0.55,,11.7022909793063,,,0.50160998371976
2001-12-17,0.309500166026609,21.152875302871,0.5405,,11.8789899508538,,,0.519644711958313
2001-12-18,0.315353951901991,21.2418044683949,0.543,,12.0878160081373,,,0.506271502459386
2001-12-19,0.324509873399384,21.309267973275,0.5355,,11.9834029794955,,,0.492439782920496
2001-12-20,0.310250651395248,20.4721072081715,0.5075,,11.6380368078345,,,0.473029524562053
2001-12-21,0.315203854828264,20.7112959982011,0.5,,11.5496873220607,,,0.49350963968041
2001-12-24,0.320607349482462,20.6284998785755,0.4915,,11.5175602363248,,,0.505812992419423
2001-12-26,0.322558611440923,20.7542273194884,0.555,,11.3167659504753,,,0.51819276349843
2001-12-27,0.331264241717132,20.8063582096231,0.53,,11.2364482361356,,,0.530190442877467
2001-12-28,0.336667736371331,20.8124912555213,0.545,,11.2926706361734,,,0.517428580098491
2001-12-31,0.328712591463761,20.3157145377676,0.541,,11.091876350324,,,0.511238694558988
2002-01-02,0.349726181785645,20.5579698507462,0.548,,11.2284164647016,,,0.514295428158742
2002-01-03,0.353928899850022,21.2295383765985,0.595,,12.2805785225527,,,0.547995916096039
2002-01-04,0.355579967661027,21.1283431192783,0.6125,,12.4090868654964,,,0.53202448303732
2002-01-07,0.343722298836535,21.024081339009,0.617,,12.4412139512323,,,0.517734253458467
2002-01-08,0.33936948369843,21.2755362208349,0.5925,,12.6500400085157,,,0.523847720657976
2002-01-09,0.324960164620567,21.0700791832454,0.5765,,13.4371536090456,,,0.516664396698552
2002-01-10,0.318656087524002,21.244870991344,0.552,,13.4050265233097,,,0.504284625619545
2002-01-11,0.315954340196902,21.0394139537545,0.5515,,13.0676921230826,,,0.481970470341336
2002-01-14,0.31745531093418,20.9964826324671,0.5055,,13.1640733802903,,,0.456675999803365
2002-01-15,0.325710649989206,21.3276671109696,0.5145,,13.645979666329,,,0.499317433519944
2002-01-16,0.311901719206253,20.8124912555213,0.4565,,13.3166770375359,,,0.479830756821507
2002-01-17,0.33741822173997,21.4227293223916,0.487,,13.8307104093105,,,0.496642791620159
2002-01-18,0.33276521245441,20.2697166935311,0.508,,13.2363593231961,,,0.487549009160888
2002-01-22,0.327511814873939,19.7668069298792,0.63,,12.8026436657613,,,0.475322074761869
2002-01-23,0.345523463721268,19.5460172775442,0.6235,,13.4532171519136,,,0.484263020541152
2002-01-24,0.348375308122095,19.8097382511666,0.7005,,13.8548057236125,,,0.50160998371976
2002-01-25,0.348975696417006,19.5644164152388,0.722,,13.4050265233097,,,0.500310871939864
2002-01-28,0.349275890564462,19.570549461137,0.775,,13.5736937234232,,,0.519568293618319
2002-01-29,0.346273949089907,19.1105710187725,0.711,,13.2524228660641,,,0.494120986400361
2002-01-30,0.361583850610137,19.2730967350746,0.695,,13.3488041232718,,,0.500081616919883
2002-01-31,0.371039966254985,19.5368177086969,0.7095,,13.8628374950464,,,0.502374167119699
2002-02-01,0.366386956969424,19.2148327990417,0.6865,,13.1640733802903,,,0.490070814380686
2002-02-04,0.380496081899832,18.7425882648808,0.6265,,12.9472155515729,,,0.466992475702537
2002-02-05,0.38199705263711,18.7517878337281,0.575,,12.6982306371196,,,0.462407375302905
2002-02-06,0.370289480886346,18.5217986125458,0.563,,12.8829613801011,,,0.473946544641979
2002-02-07,0.364735889158419,18.3378072356,0.562,,12.7865801228934,,,0.458586458303211
2002-02-08,0.36068326816777,18.5984616862733,0.626,,12.9954061801768,,,0.441086658444615
2002-02-11,0.374942490171906,18.7456547878299,0.665,,13.1319462945544,,,0.46546410890266
2002-02-12,0.370889869181257,18.4420690158693,0.645,,12.9954061801768,,,0.475322074761869
2002-02-13,0.375392781393089,18.9572448713176,0.6645,,12.9472155515729,,,0.469208607562359
2002-02-14,0.369238801370252,18.9143135500302,0.694,,13.1078509802525,,,0.475016401401893
2002-02-15,0.35873200620931,18.4696677224112,0.6705,,12.4412139512323,,,0.438259179864842
2002-02-19,0.339519580772158,18.0710197390286,0.6505,,11.8789899508538,,,0.409220210667172
2002-02-20,0.347174531532273,18.368472465091,0.648,,12.4572774941003,,,0.430617345865455
2002-02-21,0.322708708514651,17.801165719508,0.663,,12.2564832082508,,,0.401196284967815
2002-02-22,0.341320745656891,17.7827665818135,0.6535,,12.4492457226663,,,0.381480353249397
2002-02-25,0.35738113254576,18.117017583265,0.6865,,13.1239145231204,,,0.411359924187
2002-02-26,0.355279773513571,17.9544918669629,0.72,,13.276518180366,,,0.420300869966283
2002-02-27,0.329613173906127,17.9054274997773,0.7135,,13.1480098374224,,,0.406163477067417
2002-02-28,0.325710649989206,17.8900948850318,0.705,,13.3488041232718,,,0.389809952308729
2002-03-01,0.351977637891561,18.8192513386082,0.7695,,12.8428025229312,,,0.427484193925707
2002-03-04,0.364585792084692,19.411090267784,0.824,,10.9794315502483,,,0.451326716003794
2002-03-05,0.353178414481383,19.3436267629038,0.7985,,11.1240034360599,,,0.450180440903886
2002-03-06,0.361283656462681,19.5122855251042,0.8165,,11.3569248076452,,,0.43604304800502
2002-03-07,0.365936665748241,19.2332319367363,0.781,,11.2444800075695,,,0.432527804365302
2002-03-08,0.370139383812618,19.6104142594753,0.8175,,11.4051154362491,,,0.445442503824266
2002-03-11,0.376143266761728,19.73000865449,0.8355,,11.6460685792684,,,0.440246056704683
2002-03-12,0.371039966254985,19.1780345236526,0.8155,,11.5978779506646,,,0.417167718026534
2002-03-13,0.367587733559246,19.0431075138923,0.787,,11.1561305217958,,,0.409602302367141
2002-03-14,0.36668715111688,18.7732534943718,0.724,,10.7947008072668,,,0.386906055388962
2002-03-15,0.374492198950723,19.1627019089071,0.7015,,10.1200320068126,,,0.40325958014765
2002-03-18,0.37134016040244,19.0553736056887,0.7505,,10.1200320068126,,,0.40325958014765
2002-03-19,0.372991228213445,19.0829723122306,0.733,,10.2886992069261,,,0.394700726068336
2002-03-20,0.374041907729539,18.4298029240729,0.725,,10.0718413782087,,,0.355498117651481
2002-03-21,0.364285597937236,18.8161848156591,0.7585,,10.5617794356814,,,0.374373447629967
2002-03-22,0.361583850610137,18.5371312272913,0.7765,,10.320826292662,,,0.371163877350225
2002-03-25,0.350476667154284,18.1630154275015,0.737,,10.0557778353408,,,0.351982874011763
2002-03-26,0.352127734965289,18.117017583265,0.7415,,10.2083814925863,,,0.359166197971187
2002-03-27,0.352277832039016,18.2274124094325,0.7125,,10.1441273211145,,,0.347703446972107
2002-03-28,0.355279773513571,18.494199906004,0.715,,10.2806674354921,,,0.338991756212806
2002-04-01,0.367137442338063,18.5156655666476,0.74,,10.3127945212281,,,0.333413217393253
2002-04-02,0.361283656462681,17.5650434524276,0.7125,,10.0638096067747,,,0.324701526633952
2002-04-03,0.356480550103393,17.2737237722634,0.6835,,10.0236507496048,,,0.330814993833461
2002-04-04,0.373741713582084,17.3105220476525,0.677,,9.81482469232141,,,0.32921020869359
2002-04-05,0.37134016040244,17.1326637166049,0.675,,9.74253874941561,,,0.321721211374191
2002-04-08,0.368638413075341,17.546644314733,0.6975,,9.91120594952915,,,0.332496197313327
2002-04-09,0.361733947683864,16.8260114216952,0.68,,9.62206217790593,,,0.311481153815012
2002-04-10,0.370139383812618,17.2645242034161,0.6775,,9.27669600624487,,,0.294287027316392
2002-04-11,0.373141325287173,16.8014792381024,0.637,,8.78675794877219,,,0.281372327857428
2002-04-12,0.376143266761728,17.1510628542995,0.6655,,9.24456892050896,,,0.280302471097514
2002-04-15,0.375242684319361,17.0774663035211,0.6945,,9.07590172039541,,,0.291612385416606
2002-04-16,0.386349867775214,17.7275691687297,0.7005,,9.68631634937776,,,0.304297829855589
2002-04-17,0.391903459503141,17.3657194607363,0.741,,9.46142674922637,,,0.307889491835301
2002-04-18,0.381396664342199,17.2859898640597,0.713,,9.35701372058465,,,0.302769463055711
2002-04-19,0.374942490171906,17.5405112688348,0.7265,,9.58190332073604,,,0.282136511257367
2002-04-22,0.368188121854157,17.0468010740302,0.7155,,9.18031474903713,,,0.283512041377256
2002-04-23,0.363985403789781,16.5561574021747,0.703,,8.9313298345838,,,0.272049290378176
2002-04-24,0.356780744250849,16.2587046761123,0.8395,,8.43336000567715,,,0.248206768300088
2002-04-25,0.36203414183132,16.4764278054981,0.841,,8.43336000567715,,,0.257835479139316
2002-04-26,0.34537336664754,15.7925931878495,0.8455,,8.13618446261996,,,0.232082498561382
2002-04-29,0.359632588651676,16.0195158860827,0.809,,8.37713760563931,,,0.27075017859828
2002-04-30,0.364285597937236,16.0256489319809,0.8345,,8.06389851971415,,,0.26601224151866
2002-05-01,0.359932782799131,16.1759085564866,0.8245,,7.59002400510944,,,0.270826596938274
2002-05-02,0.355579967661027,15.7036640223257,0.816,,6.8671645760514,,,0.25989877431915
2002-05-03,0.352878220333928,15.1976877357247,0.8025,,6.77078331884366,,,0.250270063479923
2002-05-06,0.339969871993341,14.9094345785096,0.806,,6.60211611873011,,,0.240717770980689
2002-05-07,0.337268124666242,15.1700890291828,0.8055,,6.62621143303205,,,0.246754819840205
2002-05-08,0.365786568674514,16.8566766511862,0.866,,7.34907086209009,,,0.275106023977931
2002-05-09,0.363084821347414,15.9827176106935,0.8865,,6.81094217601355,,,0.263337599618875
2002-05-10,0.3500263759331,15.3479473602304,0.847,,6.43344891861657,,,0.243621667900456
2002-05-13,0.35933239450422,16.157509418792,0.866,,6.80291040457957,,,0.258370407519273
2002-05-14,0.384398605816754,16.8290779446443,0.9405,,7.07599063333483,,,0.284046969757213
2002-05-15,0.379445402383738,16.789213146306,0.997,,7.381197947826,,,0.289625508576766
2002-05-16,0.378394722867644,17.0927989182666,0.9805,,7.69443703375115,,,0.290160436956723
2002-05-17,0.375392781393089,17.1817280837904,0.958,,7.6783734908832,,,0.299330637755987
2002-05-20,0.37134016040244,16.5622904480729,0.9695,,7.31694377635418,,,0.30254020803573
2002-05-21,0.352127734965289,16.0041832713372,0.938,,7.10811771907074,,,0.279461869357581
2002-05-22,0.365036083305875,16.4641617137017,0.9375,,7.06795886190085,,,0.290771783676674
2002-05-23,0.377944431646461,16.8106788069497,0.9725,,7.52576983363761,,,0.273042728798096
2002-05-24,0.362484433052503,16.3323012268906,0.9735,,7.10811771907074,,,0.267693444998525
2002-05-28,0.359932782799131,16.0440480696755,0.953,,7.18040366197655,,,0.257071295739377
2002-05-29,0.359932782799131,15.9612519500498,0.9455,,6.74668800454172,,,0.266776424918599
2002-05-30,0.363234918421142,16.1421768040466,0.9185,,6.76275154740968,,,0.262879089578911
2002-05-31,0.349726181785645,15.6116683338528,0.9115,,6.34509943284281,,,0.255695765619488
2002-06-03,0.343872395910263,15.1547564144373,0.898,,5.88005986681547,,,0.240717770980689
2002-06-04,0.341921133951802,15.3264816995868,0.8985,,6.28084526137098,,,0.252791868699721
2002-06-05,0.341020551509436,15.8416575550351,0.8995,,6.95551406182516,,,0.249123788380015
2002-06-06,0.332615115380682,15.9152541058134,0.9085,,6.54589371869227,,,0.249200206720009
2002-06-07,0.321207737777373,15.9397862894062,0.929,,6.71456091880581,,,0.246831238180199
2002-06-10,0.322408514367195,16.1973742171303,0.865,,6.53786194725829,,,0.244767943000364
2002-06-11,0.307098612846965,16.1207111434029,0.857,,6.44951246148453,,,0.233840120381241
2002-06-12,0.301545021119039,17.0314684592847,0.854,,6.63424320446603,,,0.213589260282866
2002-06-13,0.293289682064013,16.6266874300039,0.8715,,6.63424320446603,,,0.211373128423043
2002-06-14,0.301695118192767,16.9425392937609,0.841,,6.88403129606275,,,0.215346882102725
2002-06-17,0.308299389436787,17.074399780572,0.9205,,7.38922971925998,,,0.217257340602571
2002-06-18,0.302445603561405,17.1694619919941,0.939,,7.17237189054257,,,0.216111065502663
2002-06-19,0.256966190221899,16.6696187512912,0.915,,7.06795886190085,,,0.182257740885379
2002-06-20,0.256816093148171,16.5898891546147,0.8775,,6.79487863314559,,,0.180576537405514
2002-06-21,0.25291356923125,16.0317819778791,0.8765,,6.52340475867713,,,0.173163958426109
2002-06-24,0.259217646327815,16.6082882923093,0.8755,,6.91535520465527,,,0.176373528705851
2002-06-25,0.257266384369354,16.2372390154686,0.767,,6.98764114756107,,,0.161777625767022
2002-06-26,0.248410657019417,16.599088723462,0.7925,,7.36513440495805,,,0.153371608367696
2002-06-27,0.256065607779532,16.8413440364407,0.793,,7.77475474809094,,,0.130522524709529
2002-06-28,0.265972014645563,16.7738805315605,0.8125,,7.60608754797739,,,0.131286708109468
2002-07-01,0.256065607779532,16.1483098499448,0.6775,,7.22859429058042,,,0.130981034749492
2002-07-02,0.254264442894799,15.7741940501549,0.666,,6.97157760469311,,,0.122727854030155
2002-07-03,0.263420364392192,15.8968549681188,0.7125,,7.67034171944922,,,0.133350003289302
2002-07-05,0.281281916165793,16.819878375797,0.7605,,8.01570789111029,,,0.145118427648358
2002-07-08,0.270324829783668,16.2280394466213,0.747,,7.47757920503374,,,0.149474273028009
2002-07-09,0.263120170244736,16.3169686121451,0.78,,7.54986514793955,,,0.142138112388597
2002-07-10,0.259968131696454,16.0195158860827,0.748,,7.21253074771246,,,0.13824077704891
2002-07-11,0.274677644921773,16.2249729236722,0.7775,,7.5659286908075,,,0.152301751607782
2002-07-12,0.262669879023553,15.902988014017,0.7715,,7.77475474809094,,,0.152148914927794
2002-07-15,0.273626965405678,15.8845888763224,0.797,,8.15224800548791,,,0.167279746246581
2002-07-16,0.268073373677752,15.7159301141221,0.8145,,8.02373966254426,,,0.162771064186942
2002-07-17,0.234601726236465,15.9459193353044,0.808,,8.40926469137522,,,0.148939344648052
2002-07-18,0.224995513517889,15.6729987928347,0.7775,,8.07193029114813,,,0.145118427648358
2002-07-19,0.224545222296706,15.1976877357247,0.7645,,7.80688183382685,,,0.138546450408886
2002-07-22,0.223944834001795,14.5690505311598,0.775,,7.41332503356192,,,0.132127309849401
2002-07-23,0.217190465684046,13.1891152040662,0.7275,,7.06795886190085,,,0.122269343990191
2002-07-24,0.228147552066172,14.1765355936754,0.705,,7.54986514793955,,,0.130064014669566
2002-07-25,0.215539397873041,13.1339177909824,0.6245,,7.23662606201439,,,0.115086020030768
2002-07-26,0.215239203725586,13.9066815741549,0.6465,,7.4936427479017,,,0.112411378130982
2002-07-29,0.225445804739072,14.795973229393,0.7165,,7.67034171944922,,,0.115544530070731
2002-07-30,0.23159978476191,14.7499753851565,0.7385,,7.92735840533652,,,0.123950547470056
2002-07-31,0.229048134508538,14.7131771097674,0.723,,8.03980320541222,,,0.0845951023732136
2002-08-01,0.222143669117062,14.0293424921187,0.708,,7.76672297665696,,,0.0764947583338635
2002-08-02,0.216890271536591,13.6184284169397,0.692,,7.55870009651692,,,0.0714511478942681
2002-08-05,0.209985806145115,13.4896344530777,0.6435,,7.23662606201439,,,0.0657197723947279
2002-08-06,0.221243086674695,14.004810308526,0.687,,7.4936427479017,,,0.069158597694452
2002-08-07,0.2255959018128,14.4402565672977,0.68,,7.64624640514729,,,0.0676149472265758
2002-08-08,0.229648522803449,14.9983637440334,0.695,,8.03980320541222,,,0.0720166436102227
2002-08-09,0.225145610591617,14.7561084310547,0.713,,7.87916777673265,,,0.07030487279436
2002-08-12,0.224995513517889,14.8634367342731,0.723,,7.81491360526083,,,0.07030487279436
2002-08-13,0.218991630568779,14.4310569984504,0.6965,,7.30088023348622,,,0.0688529243344765
2002-08-14,0.227697260844989,15.2436855799611,0.6955,,8.07193029114813,,,0.0735144430741026
2002-08-15,0.234301532089009,15.2620847176557,0.731,,8.12815269118598,,,0.0786344718536918
2002-08-16,0.237303473563564,15.332614745485,0.745,,8.34501051990339,,,0.0816912054534466
2002-08-19,0.239855123816936,15.9459193353044,0.775,,8.77872617733822,,,0.096669200092245
2002-08-20,0.238804444300842,15.651533132191,0.799,,8.64218606296059,,,0.0923897730525883
2002-08-21,0.241956482849124,16.0317819778791,0.769,,8.64218606296059,,,0.097280546812196
2002-08-22,0.239705026743208,16.3231016580433,0.7865,,8.98755223462165,,,0.0939945581924596
2002-08-23,0.236102696973742,16.0133828401845,0.7585,,8.66628137726252,,,0.0878046726529562
2002-08-26,0.233100755499187,15.9765845647953,0.7465,,8.489582405715,,,0.088492437712901
2002-08-27,0.222894154485701,15.5902026732091,0.726,,8.15224800548791,,,0.0834488272733056
2002-08-28,0.220642698379785,15.1424903226409,0.7285,,7.95948549107244,,,0.0782523801537225
2002-08-29,0.220642698379785,15.5104730765326,0.757,,7.99964434824233,,,0.0792458185736428
2002-08-30,0.221393183748423,15.050494634168,0.747,,7.70246880518513,,,0.0772589417338022
2002-09-03,0.210886388587481,14.4187909066541,0.73,,7.27678491918429,,,0.0724445863141884
2002-09-04,0.217340562757774,14.7837071375966,0.7415,,7.71050057661911,,,0.0719860762742252
2002-09-05,0.212837650545942,14.0784068593043,0.7125,,7.32577872493155,,,0.0692350160344459
2002-09-06,0.215839592020497,14.6641127425818,0.7655,,7.73459589092105,,,0.0707633828343232
2002-09-09,0.215689494946769,14.9339667621024,0.8255,,7.85507246243072,,,0.0706869644943294
2002-09-10,0.215089106651858,15.2682177635539,0.8565,,7.8606947024345,,,0.0807741853735202
2002-09-11,0.214488718356947,14.8971684867132,0.8555,,7.87113600529868,,,0.0847479390532014
2002-09-12,0.212237262251031,14.4586557049923,0.8375,,7.61411931941137,,,0.082073297153416
2002-09-13,0.212687553472214,14.6917114491237,0.8305,,7.81491360526083,,,0.0807741853735202
2002-09-16,0.21764075690523,14.6518466507854,0.8355,,7.45348389073181,,,0.0756541565939309
2002-09-17,0.222143669117062,14.5015870262797,0.8675,,7.25268960488235,,,0.0745078814940229
2002-09-18,0.225445804739072,14.6426470819381,0.8865,,6.6824338330699,,,0.0724445863141884
2002-09-19,0.218841533495052,14.4739883197378,0.8605,,6.51376663295635,,,0.0699991994343846
2002-09-20,0.223194348633156,14.5537179164143,0.793,,6.41738537574861,,,0.0703812911343539
2002-09-23,0.222894154485701,13.8698832987657,0.8025,,6.13627337555938,,,0.0673245575345991
2002-09-24,0.219742115937418,13.9956107396787,0.7965,,6.42541714718259,,,0.0678594859145562
2002-09-25,0.224094931075523,14.2623982362501,0.7865,,6.89607895321372,,,0.0716039845742558
2002-09-26,0.220642698379785,14.1673360248281,0.8575,,6.65833851876796,,,0.0677830675745623
2002-09-27,0.22094289252724,13.8760163446639,0.8505,,6.74668800454172,,,0.0654140990347524
2002-09-30,0.21764075690523,13.4129713793502,0.7965,,6.3129723471069,,,0.0654140990347524
2002-10-01,0.217790853978957,14.1765355936754,0.8475,,6.85913280461742,,,0.0689293426744704
2002-10-02,0.212687553472214,13.9864111708314,0.8505,,6.67440206163592,,,0.0688529243344765
2002-10-03,0.214638815430675,13.7380228119545,0.8375,,6.69046560450388,,,0.0654905173747462
2002-10-04,0.210586194440026,13.4221709481975,0.8275,,6.58605257586216,,,0.0622045287550099
2002-10-07,0.206683670523104,13.5080335907722,0.832,,6.18446400416325,,,0.0591477951552551
2002-10-08,0.205482893933282,13.7962867479874,0.847,,6.48163954722044,,,0.0573901733353961
2002-10-09,0.204132020269733,13.4896344530777,0.843,,6.48163954722044,,,0.0563203165754819
2002-10-10,0.211937068103575,14.2225334379118,0.898,,6.83503749031548,,,0.0592318553292483
2002-10-11,0.217790853978957,14.986097652237,0.923,,7.26875314775031,,,0.0673245575345991
2002-10-14,0.221693377895879,15.1148916160991,0.96,,7.42938857642987,,,0.0653376806947585
2002-10-15,0.227547163771261,16.0348485008282,0.947,,7.78278651952492,,,0.0721389129542129
2002-10-16,0.218541339347596,15.4583421863979,0.9745,,7.48561097646772,,,0.0661018640946972
2002-10-17,0.211786971029848,15.5687370125654,0.937,,7.92735840533652,,,0.0711454745342926
2002-10-18,0.215239203725586,16.2985694744505,0.952,,7.62215109084535,,,0.0718332395942374
2002-10-21,0.218541339347596,16.1023120057083,0.963,,7.74262766235502,,,0.0783287984937163
2002-10-22,0.220642698379785,15.8447240779842,0.969,,7.94342194820448,,,0.0809270220535079
2002-10-23,0.223344445706884,16.313902089196,0.9875,,7.99964434824233,,,0.0842130106732443
2002-10-24,0.220492601306057,15.7097970682239,0.993,,7.91932663390255,,,0.0799335836335876
2002-10-25,0.231449687688182,16.154442895843,0.965,,8.24059749126167,,,0.0848243573931953
2002-10-28,0.234301532089009,15.9305867205589,0.9295,,8.08799383401609,,,0.0852828674331585
2002-10-29,0.231749881835638,15.967384995948,0.9285,,7.99964434824233,,,0.0816147871134527
2002-10-30,0.239855123816936,16.2863033826541,0.9295,,8.03980320541222,,,0.0858942141531094
2002-10-31,0.241205997480486,16.3966982088216,0.9675,,8.18437509122383,,,0.0909378245927048
2002-11-01,0.24555881261859,16.2525716302141,0.99,,8.13618446261996,,,0.107749859391356
2002-11-04,0.253513957526161,17.2031937444341,0.939,,8.22453394839372,,,0.119518283750412
2002-11-05,0.253664054599888,17.3810520754817,0.936,,8.16831154835587,,,0.114780346670792
2002-11-06,0.258467160959176,17.4883803787001,0.967,,8.32091520560146,,,0.123644874110081
2002-11-07,0.240155317964391,17.1755950378923,0.956,,8.1924068626578,,,0.11118868469108
2002-11-08,0.237753764784747,16.8965414495244,0.9755,,7.67034171944922,,,0.0868876525730297
2002-11-11,0.227547163771261,16.5162926038364,0.95,,7.26875314775031,,,0.0800864203135753
2002-11-12,0.234751823310193,16.7156165955277,0.991,,7.63018286227933,,,0.0874989992929807
2002-11-13,0.234001337941554,16.9762710462009,1.0205,,7.72656411948707,,,0.0900208045127784
2002-11-14,0.244658230176224,17.4761142869038,1.0605,,8.31288343416748,,,0.0959050166923064
2002-11-15,0.239404832595753,17.3841185984308,1.1105,,8.6020272057907,,,0.102935503971742
2002-11-18,0.23490192038392,17.1265306707067,1.121,,8.26469280556361,,,0.106756420971436
2002-11-19,0.229198231582266,16.8229448987461,1.0645,,8.32894697703544,,,0.108284787771313
2002-11-20,0.233100755499187,17.3626529377872,1.145,,8.62612252009263,,,0.113710489910878
2002-11-21,0.245408715544862,17.736768737577,1.17,,9.20441006333906,,,0.123339200750106
2002-11-22,0.240305415038119,17.8532966096427,1.1995,,9.3007913205468,,,0.120129630470363
2002-11-25,0.239705026743208,17.8563631325918,1.2125,,9.56583977786809,,,0.124485475850014
2002-11-26,0.231299590614454,17.4485155803619,1.17,,9.34095017771669,,,0.121123068890283
2002-11-27,0.235952599900014,17.8103652883553,1.204,,9.63812572077389,,,0.130522524709529
2002-11-29,0.232650464278004,17.6877043703914,1.1675,,9.75860229228356,,,0.130904616409499
2002-12-02,0.227847357918716,17.6907708933405,1.2055,,9.55780800643411,,,0.129911177989578
2002-12-03,0.227547163771261,17.390251644329,1.187,,9.13212412043326,,,0.121352323910265
2002-12-04,0.224695319370434,17.3381207541944,1.1695,,8.87510743454596,,,0.106909257651424
2002-12-05,0.21959201886369,16.9701380003028,1.129,,8.58596366292274,,,0.10782627773135
2002-12-06,0.224395125222978,17.010002798641,1.1305,,9.05983817752746,,,0.107979114411338
2002-12-09,0.221393183748423,16.4150973465162,1.084,,8.45745531997909,,,0.0993438419920305
2002-12-10,0.229348328655994,16.5622904480729,1.093,,8.59399543435672,,,0.107673441051362
2002-12-11,0.232500367204276,16.7616144397642,1.106,,9.07590172039541,,,0.107062094331411
2002-12-12,0.227997454992444,16.6113548152584,1.112,,9.10802880613132,,,0.105228054171558
2002-12-13,0.221993572043334,16.0992454827592,1.109,,8.55383657718683,,,0.101177882151883
2002-12-16,0.222894154485701,16.7064170266804,1.1255,,9.07590172039541,,,0.107138512671405
2002-12-17,0.226346387181439,16.6696187512912,1.123,,8.85101212024402,,,0.106985675991417
2002-12-18,0.218691436421324,16.4150973465162,1.105,,8.53777303431887,,,0.0988089136120734
2002-12-19,0.213137844693397,16.2863033826541,1.0845,,8.83494857737606,,,0.096669200092245
2002-12-20,0.212237262251031,16.2648377220104,1.09,,8.62612252009263,,,0.0979683118721408
2002-12-23,0.217490659831502,16.5592239251238,1.112,,8.88313920597994,,,0.0986560769320857
2002-12-24,0.215539397873041,16.50402651204,1.094,,8.82691680594209,,,0.096669200092245
2002-12-26,0.216139786167952,16.3721660252288,1.015,,8.69840846299843,,,0.094911578272386
2002-12-27,0.211036485661209,16.2433720613668,0.943,,8.66628137726252,,,0.0913199162926742
2002-12-30,0.211186582734937,16.1759085564866,0.9625,,8.78675794877219,,,0.0881103460129316
2002-12-31,0.215089106651858,15.8539236468314,0.9445,,8.6743131486965,,,0.0879575093329439
2003-01-02,0.222143669117062,16.473361282549,0.9785,,9.00361577748961,,,0.0940709765324535
2003-01-03,0.223644639854339,16.4948269431927,1.026,,9.28472777767885,,,0.0940709765324535
2003-01-06,0.223644639854339,16.7953461922042,1.035,,9.60599863503798,,,0.10171281053184
2003-01-07,0.222894154485701,17.1111980559612,1.0775,,10.1923179497184,,,0.101407137171865
2003-01-08,0.218391242273868,16.6328204759021,1.051,,9.73450697798163,,,0.0913199162926742
2003-01-09,0.220342504232329,17.1142645789103,1.0725,,10.4493346356057,,,0.0929247014325454
2003-01-10,0.22094289252724,17.1479963313504,1.066,,10.4975252642096,,,0.0945294865724167
2003-01-13,0.21959201886369,17.2921229099579,1.102,,10.3850804641339,,,0.093765303172478
2003-01-14,0.219291824716235,17.4699812410056,1.137,,10.5296523499455,,,0.0944530682324228
2003-01-15,0.216590077389135,17.2553246345688,1.1135,,10.0638096067747,,,0.0915491713126558
2003-01-16,0.219441921789963,16.9732045232518,1.09,,9.77466583515152,,,0.0853592857731523
2003-01-17,0.21163687395612,15.7803270960531,1.07,,9.18834652047111,,,0.0821497154934098
2003-01-21,0.210436097366298,15.7404622977149,1.054,,9.29275954911282,,,0.0800864203135753
2003-01-22,0.208334738334109,15.6392670403947,1.0585,,9.33291840628272,,,0.0801628386535692
2003-01-23,0.212687553472214,16.0317819778791,1.0895,,10.0075872067369,,,0.0823789705133914
2003-01-24,0.207133961744287,15.2866169012485,1.1055,,9.45339497779239,,,0.0777174517737654
2003-01-27,0.212087165177303,15.0780933407099,1.089,,9.58190332073604,,,0.0765711766738573
2003-01-28,0.218841533495052,14.9707650374915,1.081,,9.61403040647195,,,0.0793222369136367
2003-01-29,0.218841533495052,15.3050160389431,1.081,,9.61403040647195,,,0.0793222369136367
2003-01-30,0.21493900957813,14.7929067064439,1.091,,9.43733143492443,,,0.0776410334337715
2003-01-31,0.215539397873041,14.5537179164143,1.0925,,9.66222103507582,,,0.0788637268736734
2003-02-03,0.220042310084874,14.891035440815,1.108,,9.64615749220787,,,0.0803920936735508
2003-02-04,0.219141727642507,14.510786595127,1.1025,,9.42126789205648,,,0.076800431693839
2003-02-05,0.216890271536591,14.4003917689595,1.1085,,9.25260069194293,,,0.0774881967537838
2003-02-06,0.216590077389135,14.5414518246179,1.1045,,9.26063246337691,,,0.0780995434737347
2003-02-07,0.212387359324759,14.2838638968938,1.072,,9.10802880613132,,,0.0745842998340167
2003-02-10,0.215389300799313,14.5291857328215,1.07,,9.43733143492443,,,0.0755013199139432
2003-02-11,0.215389300799313,14.2409325756064,1.039,,9.57387154930206,,,0.0741257897940535
2003-02-12,0.215989689094224,14.2409325756064,1.0515,,9.23653714907498,,,0.0745078814940229
2003-02-13,0.218241145200141,14.4095913378068,1.003,,9.26866423481089,,,0.0754249015739493
2003-02-14,0.220192407158601,14.8113058441385,1.003,,9.39717257775454,,,0.092007681352619
2003-02-18,0.229198231582266,15.3080825618922,1.0695,,9.97546012100097,,,0.097280546812196
2003-02-19,0.222894154485701,15.0934259554554,1.0595,,9.89514240666119,,,0.0981975668921224
2003-02-20,0.221693377895879,14.8534570959924,1.068,,9.88711063522721,,,0.0981975668921224
2003-02-21,0.225145610591617,15.1549564322408,1.089,,9.95136480669904,,,0.0982739852321163
2003-02-24,0.221243086674695,14.8103857622426,1.089,,9.49355383496228,,,0.0994966786720182
2003-02-25,0.225445804739072,14.8842223343851,1.094,,9.58993509217002,,,0.0988853319520673
2003-02-26,0.21764075690523,14.5273455690298,1.082,,9.4132361206225,,,0.0940709765324535
2003-02-27,0.223044251559428,14.5088864259942,1.081,,9.54977623500013,,,0.0960578533722941
2003-02-28,0.225295707665345,14.5827229981367,1.1005,,9.60599863503798,,,0.0964399450722634
2003-03-03,0.219892213011146,14.4842742352801,1.0905,,9.38914080632056,,,0.0948351599323922
2003-03-04,0.218541339347596,14.1950809943887,1.1135,,9.34095017771669,,,0.0940709765324535
2003-03-05,0.219441921789963,14.4227437584947,1.121,,8.9714886917537,,,0.0955993433323309
2003-03-06,0.218541339347596,14.3181419479595,1.1345,,8.96345692031972,,,0.0939945581924596
2003-03-07,0.218091048126413,14.4965803306371,1.1485,,8.88313920597994,,,0.0954465066523431
2003-03-10,0.215689494946769,14.1212444222463,1.144,,8.64218606296059,,,0.0927718647525577
2003-03-11,0.213588135914581,14.0289487070682,1.139,,8.57793189148876,,,0.0934596298125025
2003-03-12,0.213438038840853,14.391978520102,1.168,,8.83494857737606,,,0.0960578533722941
2003-03-13,0.22094289252724,15.1795686229549,1.221,,9.58190332073604,,,0.105610145871528
2003-03-14,0.221843474969606,15.2964765288472,1.2355,,9.58993509217002,,,0.102553412271773
2003-03-17,0.225295707665345,15.9548526304508,1.3275,,9.91923772096313,,,0.108514042791295
2003-03-18,0.225145610591617,16.0225361549147,1.339,,9.83892000662335,,,0.107673441051362
2003-03-19,0.224395125222978,16.1948214899138,1.327,,9.08393349182939,,,0.108208369431319
2003-03-20,0.223794736928067,16.151750156164,1.3725,,9.23653714907498,,,0.10920180785124
2003-03-21,0.225145610591617,16.3486476818773,1.3965,,9.1160605775653,,,0.108208369431319
2003-03-24,0.215689494946769,15.5610575790243,1.3115,,8.859043891678,,,0.104158197411644
2003-03-25,0.218391242273868,15.6841185325951,1.345,,9.07590172039541,,,0.107138512671405
2003-03-26,0.21628988324168,15.5364453883102,1.388,,9.18834652047111,,,0.110118827931166
2003-03-27,0.217490659831502,15.4072313870609,1.3885,,9.12409234899928,,,0.106985675991417
2003-03-28,0.218691436421324,15.1795686229549,1.359,,8.91526629171585,,,0.102629830611767
2003-03-31,0.212237262251031,14.8965284297422,1.3015,,8.71447200586639,,,0.0984268219121041
2003-04-01,0.212537456398486,14.9826710972417,1.277,,8.64218606296059,,,0.101330718831871
2003-04-02,0.219141727642507,15.8256386292015,1.319,,9.20441006333906,,,0.105075217491571
2003-04-03,0.217040368610319,15.83179167688,1.3325,,9.33291840628272,,,0.106466031279459
2003-04-04,0.21628988324168,15.4379966254536,1.311,,9.13212412043326,,,0.102324157251791
2003-04-07,0.217490659831502,15.4872210068819,1.341,,9.40520434918852,,,0.103394014011706
2003-04-08,0.216890271536591,15.739495961702,1.326,,9.23653714907498,,,0.102400575591785
2003-04-09,0.21298774761967,15.1180381461695,1.253,,8.9714886917537,,,0.101865647211828
2003-04-10,0.215689494946769,15.1303442415266,1.2835,,9.13212412043326,,,0.102400575591785
2003-04-11,0.198128137320623,14.8903753820636,1.2875,,9.06786994896143,,,0.101254300491877
2003-04-14,0.203831826122277,15.2349460520618,1.2525,,9.36504549201863,,,0.103011922311736
2003-04-15,0.20097998172145,15.1364972892052,1.2565,,9.26866423481089,,,0.102476993931779
2003-04-16,0.198728525615534,15.3333948149184,1.219,,9.3007913205468,,,0.102476993931779
2003-04-17,0.196927360730801,15.6902715802736,1.2495,,9.63812572077389,,,0.104311034091632
2003-04-21,0.197227554878256,15.511833197596,1.2625,,9.50961737783024,,,0.106985675991417
2003-04-22,0.202781146606183,15.8502508199157,1.279,,9.74253874941561,,,0.108361206111307
2003-04-23,0.203831826122277,15.8256386292015,1.2715,,9.63812572077389,,,0.110806592991111
2003-04-24,0.201730467090089,15.6841185325951,1.256,,9.66222103507582,,,0.107520604371375
2003-04-25,0.200379593426539,15.5179862452746,1.4485,,9.46945852066034,,,0.103546850691693
2003-04-28,0.208034544186654,15.8379447245586,1.4555,,9.61403040647195,,,0.106680002631442
2003-04-29,0.211036485661209,15.8748630106298,1.4445,,9.65418926364184,,,0.109965991251178
2003-04-30,0.213438038840853,15.7333429140234,1.4345,,9.54174446356615,,,0.109048971171252
2003-05-01,0.215539397873041,15.8256386292015,1.433,,9.57387154930206,,,0.11019524627116
2003-05-02,0.216890271536591,16.059454440986,1.4715,,9.79876114945345,,,0.121505160590253
2003-05-05,0.241506191627941,15.911781296701,1.498,,9.70237989224571,,,0.124485475850014
2003-05-06,0.262669879023553,16.2255867283065,1.544,,9.967428349567,,,0.124638312530001
2003-05-07,0.264921335129469,15.991770916522,1.535,,9.79072937801948,,,0.122651435690161
2003-05-08,0.27017473270994,15.8379447245586,1.5225,,9.71844343511367,,,0.122727854030155
2003-05-09,0.274677644921773,16.219433680628,1.54825,,9.97546012100097,,,0.163305992566899
2003-05-12,0.278580168838694,16.1209849177714,1.585,,10.0075872067369,,,0.158720892167267
2003-05-13,0.280231236649699,15.991770916522,1.6475,,9.97546012100097,,,0.155740576907506
2003-05-14,0.278430071764966,15.7641081524161,1.63,,10.0638096067747,,,0.155587740227519
2003-05-15,0.281131819092066,15.8687099629513,1.6315,,10.3690169212659,,,0.160937024027089
2003-05-16,0.28218249860816,15.7333429140234,1.6525,,10.0879049210767,,,0.162465390826967
2003-05-19,0.271675703447218,15.2349460520618,1.578,,9.77466583515152,,,0.151996078247807
2003-05-20,0.267022694161658,15.1549564322408,1.574,,9.76976645457679,,,0.154365046787617
2003-05-21,0.267923276604024,14.7857735715285,1.5875,,9.71844343511367,,,0.159790748927181
2003-05-22,0.273777062479406,14.8657631913495,1.65,,9.87907886379324,,,0.160325677307138
2003-05-23,0.274977839069228,14.9026814774207,1.636,,9.71844343511367,,,0.159485075567206
2003-05-27,0.283383275197982,15.2534051950974,1.7425,,10.1601908639825,,,0.173622468466072
2003-05-28,0.274377450774317,15.0195893833129,1.743,,10.6501289214551,,,0.173163958426109
2003-05-29,0.271675703447218,15.0134363356344,1.7775,,10.3047627497941,,,0.185008801125158
2003-05-30,0.269424247341301,15.1426503368837,1.7945,,10.4493346356057,,,0.199986795763957
2003-06-02,0.261919393654914,15.1611094799193,1.77,,10.2806674354921,,,0.188906136464846
2003-06-03,0.259818034622726,15.3087826242042,1.7615,,10.4573664070397,,,0.192803471804533
2003-06-04,0.26417084976083,15.3026295765257,1.7695,,10.9071456073425,,,0.197388572204165
2003-06-05,0.264771238055741,14.8226918575997,1.776,,10.7304466357949,,,0.203043529363712
2003-06-06,0.257416481443082,14.5642638551011,1.6675,,10.5135888070775,,,0.196853643824208
2003-06-09,0.252012986788883,14.6134882365294,1.684,,10.3280548869526,,,0.194484675284398
2003-06-10,0.257866772664265,15.1857216706335,1.7035,,10.4573664070397,,,0.197312153864171
2003-06-11,0.261919393654914,15.3087826242042,1.7325,,10.6581606928891,,,0.197464990544159
2003-06-12,0.266722500014202,15.3764661486682,1.76005,,10.706351321493,,,0.194484675284398
2003-06-13,0.261469102433731,15.1672625275979,1.7065,,10.8268278930027,,,0.179353843965612
2003-06-16,0.274227353700589,15.6225880558097,1.792,,10.9633680073803,,,0.183174760965305
2003-06-17,0.273026577110767,15.9733117734864,1.792,,10.7208085100742,,,0.187530606344956
2003-06-18,0.286985604967448,16.0409952979503,1.7925,,10.7786372643988,,,0.19471393030438
2003-06-19,0.287285799114903,16.0409952979503,1.775,,10.714383092927,,,0.18286908760533
2003-06-20,0.28818638155727,16.2009745375924,1.752,,10.3842772869905,,,0.180958629105483
2003-06-23,0.286085022525081,15.8625569152727,1.779,,10.2565721211902,,,0.174539488545998
2003-06-24,0.281882304460704,15.8133325338444,1.77,,10.1601908639825,,,0.174157396846029
2003-06-25,0.286535313746264,15.5425984359887,1.7695,,9.94333303526506,,,0.175303671945937
2003-06-26,0.289537255220819,15.8440977722371,1.836,,10.0525651267672,,,0.175532926965918
2003-06-27,0.281131819092066,15.7702612000946,1.815,,9.98349189243495,,,0.172376849524172
2003-06-30,0.286085022525081,15.7764142477732,1.816,,9.64615749220787,,,0.175074416925955
2003-07-01,0.286535313746264,16.0902196793787,1.8625,,9.90317417809517,,,0.182257740885379
2003-07-02,0.289237061073364,16.539392159912,1.8925,,9.99955543530291,,,0.181722812505422
2003-07-03,0.287135702041175,16.3055763481275,1.884,,9.75860229228356,,,0.179659517325587
2003-07-07,0.298242885497028,16.8716567345531,1.9525,,10.0959366925106,,,0.191427941684643
2003-07-08,0.306198030404599,17.0439420695522,2.0255,,10.2244450354543,,,0.189288228164815
2003-07-09,0.298543079644484,16.9024219729458,2.025,,10.1762544068504,,,0.193644073544466
2003-07-10,0.293890070358924,16.5578513029476,1.9125,,10.1200320068126,,,0.185696566185103
2003-07-11,0.297942691349573,16.8039732100891,1.8825,,10.3127945212281,,,0.186690004605023
2003-07-14,0.298693176718212,16.859350639196,1.9635,,10.1521590925485,,,0.18523805614514
2003-07-15,0.294340361580107,16.779361019375,1.9215,,10.1441273211145,,,0.179201007285624
2003-07-16,0.298242885497028,16.9331872113385,1.884,,9.967428349567,,,0.176984875425802
2003-07-17,0.313702884090986,16.4224842540197,1.816,,9.71041166367969,,,0.168120347986513
2003-07-18,0.313087486088702,16.5455452075905,1.74899,,9.69997036081552,,,0.162465390826967
2003-07-21,0.309350068952882,16.0225361549147,1.7665,,9.38914080632056,,,0.160020003947163
2003-07-22,0.312201913353709,16.231739775985,1.7435,,9.69434812081174,,,0.162694645846948
2003-07-23,0.312051816279981,16.2748111097348,2.0055,,9.71844343511367,,,0.164834359366777
2003-07-24,0.307849098215604,15.9979239642006,2.0655,,9.38110903488658,,,0.158415218807292
2003-07-25,0.323309096809562,16.5455452075905,2.08,,9.71844343511367,,,0.160937024027089
2003-07-28,0.315053757754536,16.3732598725914,2.104,,9.54174446356615,,,0.155969831927488
2003-07-29,0.311001136763887,16.2871172050919,2.0695,,9.57387154930206,,,0.145729774368309
2003-07-30,0.304396865519866,16.139444060807,2.033,,9.54174446356615,,,0.144124989228438
2003-07-31,0.316404631418086,16.2501989190207,2.082,,9.63009394933991,,,0.145882611048297
2003-08-01,0.311151233837615,16.1025257747357,2.0015,,9.49355383496228,,,0.150696966467911
2003-08-04,0.318355893376546,16.1086788224143,1.9825,,9.52568092069819,,,0.156351923627457
2003-08-05,0.305897836257143,15.7887203431303,1.9335,,9.34898194915067,,,0.155893413587494
2003-08-06,0.294640555727563,15.7825672954517,1.947,,9.19637829190509,,,0.149550691368003
2003-08-07,0.299143467939395,15.819485581523,1.9505,,9.14818766330122,,,0.147487396188168
2003-08-08,0.29479065280129,15.739495961702,1.9575,,9.06786994896143,,,0.118448426990498
2003-08-11,0.295090846948746,15.7579551047376,1.9465,,9.38110903488658,,,0.124867567549983
2003-08-12,0.295691235243657,15.83179167688,1.9925,,9.76663406371754,,,0.127389372769781
2003-08-13,0.302895894782589,15.751802057059,2.0105,,9.55780800643411,,,0.128229974509713
2003-08-14,0.299743856234306,15.7702612000946,2.015,,9.73450697798163,,,0.123797710790069
2003-08-15,0.295841332317385,15.7148837709878,2.005,,9.70237989224571,,,0.123415619090099
2003-08-18,0.305297447962232,15.8133325338444,2.151,,9.7826976065855,,,0.127083699409805
2003-08-19,0.304997253814777,16.37941292027,2.1785,,9.75860229228356,,,0.136788828589027
2003-08-20,0.315353951901991,16.2748111097348,2.188,,9.73450697798163,,,0.13487837008918
2003-08-21,0.32541045584175,16.1455971084855,2.285,,9.76663406371754,,,0.138554092242885
2003-08-22,0.313402689943531,16.1332910131284,2.261,,9.87907886379324,,,0.139539888828806
2003-08-25,0.313102495796075,16.3055763481275,2.2925,,9.93530126383108,,,0.138775705428867
2003-08-26,0.315954340196902,16.3486476818773,2.2965,,9.99152366386893,,,0.136559573569045
2003-08-27,0.322408514367195,16.2563519666992,2.294,,9.99955543530291,,,0.140686163928714
2003-08-28,0.333065406601865,16.3117293958061,2.297,,10.2565721211902,,,0.137018083609008
2003-08-29,0.33936948369843,16.3178824434846,2.316,,10.3047627497941,,,0.138852123768861
2003-09-02,0.342971813467896,16.7732079716965,2.3665,,10.7545419500969,,,0.137629430328959
2003-09-03,0.344472784205174,17.4131249302645,2.3095,,11.0517174931541,,,0.134954788429174
2003-09-04,0.342671619320441,17.4931145500855,2.3645,,11.0195904074181,,,0.136253900209069
2003-09-05,0.337718415887425,17.4623493116928,2.326,,10.5055570356435,,,0.142749459108548
2003-09-08,0.341320745656891,17.7453895049056,2.364,,10.8268278930027,,,0.149321436348021
2003-09-09,0.335767153928965,17.4561962640142,2.334,,10.7304466357949,,,0.158491637147286
2003-09-10,0.332915309528137,16.9516463543741,2.311,,10.320826292662,,,0.147640232868156
2003-09-11,0.338618998329792,17.1300847370517,2.2595,,10.4252393213038,,,0.145729774368309
2003-09-12,0.34672424031109,17.4377371209786,2.284,,10.0798731496427,,,0.147869487888138
2003-09-15,0.333365600749321,17.4500432163357,2.2755,,9.99955543530291,,,0.145424101008334
2003-09-16,0.335617056855237,17.7823077909768,2.312,,10.0638096067747,,,0.149932783067972
2003-09-17,0.332014727085771,17.5361858838352,2.308,,9.86301532092528,,,0.151690404887831
2003-09-18,0.34342210468908,18.1514906516891,2.3945,,9.92726949239711,,,0.152836679987739
2003-09-19,0.338919192477247,18.4345308449019,2.379,,9.73450697798163,,,0.151613986547837
2003-09-22,0.33141433879086,17.886909601512,2.3734,,9.61403040647195,,,0.145653356028315
2003-09-23,0.336667736371331,18.2130211284745,2.522,,9.66222103507582,,,0.147028886148205
2003-09-24,0.320006961187551,17.5115736931211,2.4805,,9.31685486341476,,,0.1358718085091
2003-09-25,0.306648321625782,17.3762066441932,2.5025,,9.28472777767885,,,0.133961350009253
2003-09-26,0.310550845542704,17.3454414058005,2.428,,9.16425120616917,,,0.128841321229664
2003-09-29,0.319706767040096,17.739236457227,2.493,,9.34898194915067,,,0.121887252290222
2003-09-30,0.311001136763887,17.1054725463375,2.4215,,9.03574286322552,,,0.12204008897021
2003-10-01,0.312051816279981,17.5484919791923,2.456,,9.38914080632056,,,0.12303352739013
2003-10-02,0.308749680657971,17.5361858838352,2.5045,,9.1562194347352,,,0.124943985889977
2003-10-03,0.325560552915478,17.8930626491905,2.6445,,9.62206217790593,,,0.128229974509713
2003-10-06,0.334566377339143,17.9607461736544,2.7075,,9.79072937801948,,,0.127236536089793
2003-10-07,0.348525405195823,17.9299809352617,2.7455,,9.79876114945345,,,0.128382811189701
2003-10-08,0.346123852016179,17.7330834095485,2.785,,10.1441273211145,,,0.123874129130063
2003-10-09,0.351977637891561,17.806919981691,2.893,,9.90317417809517,,,0.125631750949922
2003-10-10,0.355429870587299,17.7884608386553,2.903,,9.90317417809517,,,0.127847882809744
2003-10-13,0.365486374527058,17.7084712188343,2.915,,9.86301532092528,,,0.12914699458964
2003-10-14,0.368488316001613,17.6469407420489,2.9955,,9.90317417809517,,,0.13151596312945
2003-10-15,0.372540936992262,17.9853583643686,2.927,,9.73450697798163,,,0.129834759649584
2003-10-16,0.348975696417006,18.0843489848811,2.9955,,9.61403040647195,,,0.131439544789456
2003-10-17,0.341470842730619,17.8987415714201,2.9845,,9.4132361206225,,,0.127312954429787
2003-10-20,0.348525405195823,18.1585919502655,2.9795,,9.56583977786809,,,0.13014043300956
2003-10-21,0.347925016900912,18.1585919502655,2.9675,,9.62206217790593,,,0.134114186689241
2003-10-22,0.341620939804347,17.873993916292,2.7015,,9.4132361206225,,,0.131821636489425
2003-10-23,0.345073172500085,17.8863677438561,2.716,,9.43733143492443,,,0.131210289769474
2003-10-24,0.339219386624703,16.4633775739886,2.72545,,9.42126789205648,,,0.130751779729511
2003-10-27,0.339219386624703,16.6489849874495,2.741,,9.39717257775454,,,0.131439544789456
2003-10-28,0.35603025888221,16.8284054871285,2.8365,,9.62206217790593,,,0.139692725508794
2003-10-29,0.355579967661027,16.543807453155,2.8345,,9.54977623500013,,,0.139692725508794
2003-10-30,0.346574143237362,16.160218798669,2.792,,9.79072937801948,,,0.137094501949002
2003-10-31,0.343572201762807,16.172592626233,2.7215,,9.61403040647195,,,0.134801951749186
2003-11-03,0.347474725679729,16.5066859704628,2.837,,9.79072937801948,,,0.137629430328959
2003-11-04,0.343872395910263,16.1292842297588,2.843,,9.80679292088743,,,0.138087940368922
2003-11-05,0.345673560794996,16.1478449711049,2.837,,9.91923772096313,,,0.138622868748879
2003-11-06,0.347024434458545,16.2282748502713,2.7495,,10.2003497211524,,,0.138852123768861
2003-11-07,0.337718415887425,16.1478449711049,2.7155,,10.0075872067369,,,0.166209889486666
2003-11-10,0.328712591463761,16.0859758332846,2.599,,10.0959366925106,,,0.165751379446703
2003-11-11,0.323309096809562,15.9622375576439,2.6115,,10.0718413782087,,,0.161624789087034
2003-11-12,0.335166765634054,16.0736020057205,2.7065,,10.2565721211902,,,0.163764502606863
2003-11-13,0.336517639297603,15.8941815060416,2.74,,10.0959366925106,,,0.163840920946856
2003-11-14,0.32210832021974,15.776630144183,2.6225,,9.87104709235926,,,0.154158717269633
2003-11-17,0.317155116786724,15.5600881618118,2.518,,9.71041166367969,,,0.152531006627764
2003-11-18,0.306348127478327,15.5600881618118,2.425,,9.4855220635283,,,0.150314874767942
2003-11-19,0.306496723581317,15.6838264374525,2.4765,,9.66222103507582,,,0.154517883467604
2003-11-20,0.30582278772028,15.5291535929017,2.4425,,9.49355383496228,,,0.150391293107935
2003-11-21,0.304396865519866,15.5353405066837,2.429,,9.54174446356615,,,0.151002639827886
2003-11-24,0.31745531093418,15.9189291611697,2.5665,,9.67828457794378,,,0.160096422287157
2003-11-25,0.310400748468976,15.7147610063626,2.6235,,9.53371269213217,,,0.162847482526936
2003-11-26,0.311001136763887,15.7456955752728,2.648,,9.6702528065098,,,0.163000319206924
2003-11-28,0.313852981164714,15.9065553336056,2.6985,,9.65418926364184,,,0.162236135806985
2003-12-01,0.325860747062933,15.9869852127721,2.7325,,10.0477460639068,,,0.164528686006801
2003-12-02,0.323309096809562,15.8756207646955,2.6965,,9.95939657813302,,,0.163840920946856
2003-12-03,0.315654146049447,15.8818076784775,2.5755,,10.3609851498319,,,0.162159717466991
2003-12-04,0.31745531093418,16.2097141089252,2.59,,10.4332710927377,,,0.161319115727059
2003-12-05,0.312952398722347,16.0736020057205,2.578,,10.2324768068883,,,0.156122668607476
2003-12-08,0.315954340196902,16.2344617640534,2.554,,10.2886992069261,,,0.157268943707384
2003-12-09,0.306948515773238,16.3210785570018,2.467,,10.1280637782466,,,0.14909218132804
2003-12-10,0.305897836257143,16.4510037464245,2.46,,10.2646038926242,,,0.152339960777779
2003-12-11,0.318355893376546,16.4633775739886,2.54,,10.3047627497941,,,0.160096422287157
2003-12-12,0.313552787017258,16.4881252291167,2.5495,,10.3047627497941,,,0.159255820547224
2003-12-15,0.302745797708861,16.543807453155,2.5205,,10.2003497211524,,,0.156046250267482
2003-12-16,0.301995312340222,16.74178869418,2.475,,10.5376841213795,,,0.15818596378731
2003-12-17,0.298392982570756,16.729414866616,2.379,,10.6420971500212,,,0.155129230187555
2003-12-18,0.3007945357504,16.9521437627691,2.4375,,10.706351321493,,,0.158644473827273
2003-12-19,0.295691235243657,16.927396107641,2.462,,10.5135888070775,,,0.161013442367083
2003-12-22,0.297942691349573,16.8160316595644,2.4945,,10.6019382928513,,,0.161242697387065
2003-12-23,0.297342303054662,16.7974709182183,2.624,,10.4814617213416,,,0.167814674626538
2003-12-24,0.306348127478327,16.729414866616,2.666,,10.4172075498698,,,0.166591981186636
2003-12-26,0.311901719206253,16.8345924009105,2.6735,,10.4413028641717,,,0.173782946980059
2003-12-29,0.31745531093418,16.9892652454613,2.6735,,10.5858747499833,,,0.181111465785471
2003-12-30,0.31940657289264,17.0263867281535,2.6415,,10.5939065214173,,,0.18149355748544
2003-12-31,0.32075744655619,16.933583021423,2.631,,10.6260336071532,,,0.177290548785777
2004-01-02,0.31940657289264,16.9830783316793,2.595,,10.5537476642474,,,0.176373528705851
2004-01-05,0.33276521245441,17.4099753826395,2.6635,,10.8830502930405,,,0.182104904205391
2004-01-06,0.331564435864588,17.4718445204599,2.6515,,10.9232091502104,,,0.189517483184797
2004-01-07,0.339069289550975,17.4532837791138,2.595,,11.2203846932676,,,0.191198686664662
2004-01-08,0.350626764228011,17.4223492102036,2.512,,11.437242521985,,,0.191886451724607
2004-01-09,0.345223269573812,17.113003521102,2.5795,,11.3810201219472,,,0.194637511964386
2004-01-12,0.356180355955938,17.0573212970637,2.6475,,11.7745769222121,,,0.196853643824208
2004-01-13,0.36203414183132,16.9707045041152,2.7455,,11.5336237791928,,,0.186690004605023
2004-01-14,0.363234918421142,17.1377511762301,2.79,,11.7183545221743,,,0.185314474485134
2004-01-15,0.342971813467896,17.0387605557176,2.809,,11.9593076651936,,,0.185597222343111
2004-01-16,0.341020551509436,17.2058072278325,2.786,,11.9271805794577,,,0.188447626424882
2004-01-20,0.341170648583163,17.3852277275114,2.8305,,11.814735779382,,,0.193720491884459
2004-01-21,0.33936948369843,17.5089660031521,2.81,,11.814735779382,,,0.184779546105177
2004-01-22,0.332915309528137,17.3295455034731,2.859,,11.6701638935704,,,0.18050011906552
2004-01-23,0.338618998329792,17.6203304512287,2.8555,,11.6781956650044,,,0.176449947045845
2004-01-26,0.34537336664754,17.8183116922537,2.8515,,11.6219732649665,,,0.183404015985287
2004-01-27,0.346273949089907,17.4780314342419,2.787,,11.4059186133925,,,0.172934703406127
2004-01-28,0.338018610034881,17.1439380900121,2.598,,11.1962893789657,,,0.172476193366164
2004-01-29,0.340420163214525,17.2676763656528,2.461,,11.3970836648151,,,0.167432582926568
2004-01-30,0.338618998329792,17.10681660732,2.52,,11.1320352074938,,,0.17003080648636
2004-02-02,0.335016668560326,16.9521437627691,2.4135,,10.9553362359463,,,0.172781866726139
2004-02-03,0.334116086117959,16.8840877111668,2.247,,11.1721940646637,,,0.172170520006188
2004-02-04,0.327061523652755,16.7108541252699,2.2695,,10.6581606928891,,,0.167509001266562
2004-02-05,0.336517639297603,16.6799195563597,2.302,,10.8910820644745,,,0.17003080648636
2004-02-06,0.340870454435708,16.7541625217441,2.3175,,10.7786372643988,,,0.173928141826047
2004-02-09,0.340225037018679,16.6427980736675,2.293,,10.6661924643231,,,0.172705448386145
2004-02-10,0.344923075426357,16.7170410390519,2.2795,,10.7545419500969,,,0.179048170605636
2004-02-11,0.357231035472032,16.7974709182183,2.357,,11.0035268645502,,,0.185314474485134
2004-02-12,0.356180355955938,16.6737326425777,2.353,,11.0195904074181,,,0.179735935665581
2004-02-13,0.345223269573812,16.4510037464245,2.319,,11.075812807456,,,0.178054732185716
2004-02-17,0.347624822753456,16.6984802977058,2.2765,,11.0517174931541,,,0.180041609025557
2004-02-18,0.349125793490734,16.5623681945011,2.2435,,11.2926706361734,,,0.180041609025557
2004-02-19,0.337268124666242,16.3705738672581,2.2325,,11.08384457889,,,0.179965190685563
2004-02-20,0.336217445150148,16.4386299188604,2.2585,,11.0115586359842,,,0.184473872745201
2004-02-23,0.333065406601865,16.4633775739886,2.19845,,10.714383092927,,,0.178054732185716
2004-02-24,0.335617056855237,16.6304242461034,2.116,,10.6501289214551,,,0.170947826566286
2004-02-25,0.342371425172985,16.5190597980269,2.147,,10.5939065214173,,,0.171941264986207
2004-02-26,0.345823657868723,16.3953215223862,2.1825,,10.6661924643231,,,0.173087540086115
2004-02-27,0.359032200356765,16.4138822637323,2.1505,,10.33688983553,,,0.17003080648636
2004-03-01,0.360533171094042,16.5190597980269,2.1485,,10.5055570356435,,,0.172552611706158
2004-03-02,0.35738113254576,16.3272654707839,2.1005,,10.4252393213038,,,0.169343041426415
2004-03-03,0.359032200356765,16.3148916432198,2.1585,,10.4493346356057,,,0.167126909566593
2004-03-04,0.377644237499005,16.3148916432198,2.2195,,10.4413028641717,,,0.170794989886299
2004-03-05,0.401359575147989,16.3025178156557,2.2045,,10.2083814925863,,,0.169572296446397
2004-03-08,0.390252391692136,15.98079829899,2.175,,9.92726949239711,,,0.163688084266869
2004-03-09,0.406763069802188,15.9127422473877,2.1355,,9.88711063522721,,,0.162541809166961
2004-03-10,0.415468700078397,15.6962002650165,2.0775,,9.967428349567,,,0.160172840627151
2004-03-11,0.407513555170826,15.5229666791196,2.064,,9.83892000662335,,,0.158950147187249
2004-03-12,0.413667535193664,15.7023871787986,2.122,,9.68631634937776,,,0.162312554146979
2004-03-15,0.397006760009884,15.5662750755939,2.054,,9.36504549201863,,,0.158644473827273
2004-03-16,0.387550644365036,15.5786489031579,2.1065,,9.39717257775454,,,0.165445706086728
2004-03-17,0.393104236092963,15.5477143342478,2.14,,9.51764914926422,,,0.169495878106403
2004-03-18,0.38529918825912,15.399228403479,2.1505,,9.32488663484874,,,0.17140633660625
2004-03-19,0.388151032659947,15.2383686451461,2.14,,9.23653714907498,,,0.169419459766409
2004-03-22,0.388151032659947,15.1579387659797,2.0425,,9.10802880613132,,,0.168120347986513
2004-03-23,0.379595499457466,14.9413967836086,2.0115,,9.1562194347352,,,0.168808113046458
2004-03-24,0.382747538005749,15.1022565419414,1.9815,,9.26063246337691,,,0.176373528705851
2004-03-25,0.40331083710645,15.58483581694,2.0995,,9.58993509217002,,,0.18661358626503
2004-03-26,0.405862487359821,15.4858451964274,2.085,,9.57387154930206,,,0.186078657885072
2004-03-29,0.418920932774135,15.6590787823243,2.138,,9.70237989224571,,,0.194102583584429
2004-03-30,0.419071029847863,15.591022730722,2.19,,9.70237989224571,,,0.199910377423963
2004-03-31,0.405862487359821,15.4239760586071,2.164,,9.63812572077389,,,0.201744417583816
2004-04-01,0.406913166875915,15.5167797653376,2.237,,9.87104709235926,,,0.198152755604104
2004-04-02,0.412766952751298,15.9931721265541,2.3045,,10.1039684639446,,,0.200980234183877
2004-04-05,0.425074912796973,16.0556599557526,2.348,,10.2565721211902,,,0.208163558143301
2004-04-06,0.417720156184313,15.9622375576439,2.322,,10.0075872067369,,,0.199757540743975
2004-04-07,0.40991510835047,15.8323123682213,2.2925,,9.91923772096313,,,0.198687683984061
2004-04-08,0.413217243972481,15.7642563166189,2.405,,9.94333303526506,,,0.204342641143607
2004-04-12,0.420872194732596,15.8446861957853,2.398,,9.967428349567,,,0.200521724143914
2004-04-13,0.404211419548816,15.7456955752728,2.329,,9.88711063522721,,,0.195860205404288
2004-04-14,0.399858604410712,15.782817057965,2.3395,,9.93530126383108,,,0.196853643824208
2004-04-15,0.439784426022292,15.600303101395,2.3495,,9.70237989224571,,,0.186537167925036
2004-04-16,0.437983261137559,15.5662750755939,2.275,,9.63009394933991,,,0.180423700725526
2004-04-19,0.425525204018156,15.7951908855291,2.3555,,9.89514240666119,,,0.180194445705544
2004-04-20,0.416219185447036,15.6714526098884,2.26,,9.63812572077389,,,0.172552611706158
2004-04-21,0.416219185447036,15.7456955752728,2.286,,9.69434812081174,,,0.172781866726139
2004-04-22,0.416969670815674,16.0550412643744,2.443,,9.93530126383108,,,0.173775305146059
2004-04-23,0.415768894225852,17.0387605557176,2.3145,,10.0638096067747,,,0.177596222145753
2004-04-26,0.407213361023371,16.8531531422566,2.3625,,9.88711063522721,,,0.170642153206311
2004-04-27,0.404361516622544,16.8407793146926,2.4,,9.75860229228356,,,0.169190204746427
2004-04-28,0.397006760009884,16.4324430050784,2.3485,,9.55780800643411,,,0.168502439686482
2004-04-29,0.401809866369172,16.3829476948221,2.3095,,9.18031474903713,,,0.163840920946856
2004-04-30,0.386950256070126,16.166405712451,2.18,,9.03574286322552,,,0.15681043366742
2004-05-03,0.39130307120823,16.3025178156557,2.2205,,9.09999703469735,,,0.15482355682758
2004-05-04,0.392353750724324,16.2901439880917,2.1975,,9.1160605775653,,,0.164681522686789
2004-05-05,0.400008701484439,16.2715832467456,2.213,,9.1160605775653,,,0.166057052806679
2004-05-06,0.398958021968345,16.160218798669,2.157,,9.228505377641,,,0.167432582926568
2004-05-07,0.400308895631895,15.9498637300799,2.095,,9.1562194347352,,,0.168731694706464
2004-05-10,0.394455109756513,16.0426674368104,2.063,,9.1562194347352,,,0.162159717466991
2004-05-11,0.407363458097099,16.0488543505924,2.135,,9.37307726345261,,,0.166133471146673
2004-05-12,0.409765011276743,16.0488543505924,2.151,,9.30882309198078,,,0.163840920946856
2004-05-13,0.408113943465737,16.1478449711049,2.1805,,9.47749029209433,,,0.164375849326814
2004-05-14,0.406162681507277,15.9993590403361,2.1525,,9.31685486341476,,,0.164375849326814
2004-05-17,0.399858604410712,15.8013777993111,2.104,,9.12409234899928,,,0.161777625767022
2004-05-18,0.406162681507277,15.98079829899,2.0995,,9.13212412043326,,,0.164375849326814
2004-05-19,0.39730695415734,15.8508731095674,2.0845,,9.06786994896143,,,0.163993757626844
2004-05-20,0.400909283926806,15.9189291611697,2.049,,9.01967932035756,,,0.161624789087034
2004-05-21,0.406913166875915,16.0179197816822,2.0585,,9.01967932035756,,,0.162006880787004
2004-05-24,0.410365399571654,15.9374899025158,2.0815,,9.12409234899928,,,0.161471952407046
2004-05-25,0.426425786460522,16.1478449711049,2.181,,9.23653714907498,,,0.168502439686482
2004-05-26,0.4279267571978,16.172592626233,2.2345,,9.22047360620702,,,0.171941264986207
2004-05-27,0.422823456691056,16.2035271951432,2.381,,9.22047360620702,,,0.172476193366164
2004-05-28,0.421172388880051,16.2282748502713,2.425,,9.1562194347352,,,0.179201007285624
2004-06-01,0.421172388880051,16.1540318848869,2.5115,,8.9313298345838,,,0.179048170605636
2004-06-02,0.434080737220637,16.166405712451,2.5175,,8.95542514888574,,,0.177672640485747
2004-06-03,0.426275689386795,16.0179197816822,2.47,,8.81085326307413,,,0.169113786406433
2004-06-04,0.431979378188449,16.0550412643744,2.5475,,8.86707566311198,,,0.167432582926568
2004-06-07,0.447439376782407,16.352013125912,2.588,,9.17228297760315,,,0.171482754946243
2004-06-08,0.455544618763705,16.4571906602065,2.597,,9.30882309198078,,,0.168426021346489
2004-06-09,0.453293162657789,16.3767607810401,2.512,,9.26866423481089,,,0.16055493232712
2004-06-10,0.461398404639087,16.5623681945011,2.497,,9.40520434918852,,,0.158950147187249
2004-06-14,0.452092386067967,16.6427980736675,2.4625,,9.27268012052788,,,0.153982955087647
2004-06-15,0.460647919270448,16.9552372196602,2.5055,,9.40520434918852,,,0.156275505287463
2004-06-16,0.491417819384636,16.9026484525129,2.5285,,9.1160605775653,,,0.15383011840766
2004-06-17,0.49246849890073,17.1804408813261,2.4885,,8.94739337745176,,,0.150773384807905
2004-06-18,0.493969469638007,17.5399005720622,2.48,,8.94739337745176,,,0.151002639827886
2004-06-21,0.485263839361798,17.5399005720622,2.4885,,8.95542514888574,,,0.148327997928101
2004-06-22,0.495320343301557,17.50277908937,2.45,,8.9313298345838,,,0.152531006627764
2004-06-23,0.505827138462499,17.5089660031521,2.5405,,8.95542514888574,,,0.155129230187555
2004-06-24,0.498022090628656,17.5646482271904,2.551,,9.23653714907498,,,0.153753700067666
2004-06-25,0.505827138462499,17.6760126752669,2.59,,9.47749029209433,,,0.154747138487586
2004-06-28,0.487665392541442,17.496592175588,2.6695,,9.34095017771669,,,0.15344802670769
2004-06-29,0.48781548961517,17.6327042787927,2.6855,,9.45339497779239,,,0.158720892167267
2004-06-30,0.488415877910081,17.6698257614849,2.72,,9.58190332073604,,,0.156428341967451
2004-07-01,0.484813548140615,17.7131341579591,2.628,,9.4855220635283,,,0.149245018008027
2004-07-02,0.46650170514583,17.6760126752669,2.6295,,9.35701372058465,,,0.147181722828193
2004-07-06,0.464550443187369,17.3357324172552,2.562,,8.99558400605563,,,0.138546450408886
2004-07-07,0.456145007058616,17.3852277275114,2.55,,8.99558400605563,,,0.13923421546883
2004-07-08,0.452392580215422,17.1006296935379,2.475,,8.77069440590424,,,0.134954788429174
2004-07-09,0.450741512404417,17.2367417967426,2.416,,8.859043891678,,,0.12914699458964
2004-07-12,0.437382872842648,17.2553025380887,2.4525,,8.90723452028187,,,0.126166679329879
2004-07-13,0.43858364943247,17.0758820384098,2.48,,8.83494857737606,,,0.125937424309897
2004-07-14,0.443987144086668,17.4037884688575,2.475,,8.66628137726252,,,0.120358885490345
2004-07-15,0.494269663785463,17.2429287105247,2.4335,,8.61005897722467,,,0.119518283750412
2004-07-16,0.483312577403338,17.0016390730254,2.355,,8.20847040552576,,,0.116003040110694
2004-07-19,0.479860344707599,17.2924240207809,2.301,,8.29681989129952,,,0.11730215189059
2004-07-20,0.483312577403338,17.5213398307161,2.3495,,8.43336000567715,,,0.1196711204304
2004-07-21,0.474606947127128,17.8554331749459,2.238,,8.31288343416748,,,0.112411378130982
2004-07-22,0.475507529569495,17.9420499678943,2.291,,8.32091520560146,,,0.114780346670792
2004-07-23,0.460798016344176,17.3419193310372,1.999,,8.11208914831802,,,0.111723613071037
2004-07-26,0.46920345247293,17.7316948993052,1.939,,8.09602560545007,,,0.108590461131289
2004-07-27,0.486764810099076,17.5955827961005,1.9555,,8.33697874846941,,,0.112182123111001
2004-07-28,0.484363256919432,17.682199589049,1.8985,,8.2325657198277,,,0.109354644531227
2004-07-29,0.489916848647358,17.6203304512287,1.929,,8.33697874846941,,,0.116537968490651
2004-07-30,0.485413936435526,17.6265173650107,1.946,,8.44139177711113,,,0.117837080270547
2004-08-02,0.474006558832217,17.6450781063568,1.915,,8.56990012005478,,,0.119365447070424
2004-08-03,0.469653743694113,17.3666669861653,1.8805,,8.48155063428102,,,0.113175561530921
2004-08-04,0.4771585973805,17.3604800723833,1.856,,8.70644023443241,,,0.114398254970823
2004-08-05,0.47115471443139,17.0325736419356,1.7805,,8.54580480575285,,,0.111265103031074
2004-08-06,0.446989085561223,16.7912840044363,1.7745,,8.18437509122383,,,0.072062494614219
2004-08-09,0.454794133395066,16.8160316595644,1.766,,8.32894697703544,,,0.0752720648939616
2004-08-10,0.473105976389851,17.1501250037942,1.855,,8.51367772001693,,,0.0812326954134834
2004-08-11,0.465451025629736,16.9583306765512,1.828,,8.18437509122383,,,0.0788637268736734
2004-08-12,0.45584481291116,16.6304242461034,1.8145,,7.95145371963846,,,0.0770296867138206
2004-08-13,0.462899375376364,16.7170410390519,1.8065,,8.2325657198277,,,0.0802392569935631
2004-08-16,0.461998792933998,16.7603494355261,1.8975,,8.2325657198277,,,0.0794750735936244
2004-08-17,0.463349666597548,16.735601780398,1.9115,,8.25666103412963,,,0.083830918973275
2004-08-18,0.476408112011861,16.9892652454613,1.968,,8.44139177711113,,,0.0894094577928274
2004-08-19,0.460948113417904,16.7789101768722,1.9315,,8.36910583420533,,,0.089103784432852
2004-08-20,0.462298987081453,16.8284054871285,1.9755,,8.28075634843157,,,0.094376649892429
2004-08-23,0.46650170514583,16.9026484525129,1.9725,,8.27272457699759,,,0.0964399450722634
2004-08-24,0.479560150560144,16.9026484525129,1.9525,,8.29681989129952,,,0.0928482830925516
2004-08-25,0.496070828670196,17.0950060523763,2.015,,8.35304229133737,,,0.0968220367722328
2004-08-26,0.520236457540363,17.0267501298441,2.0095,,8.21650217695974,,,0.0970512917922144
2004-08-27,0.515583448254803,17.0391602975772,1.995,,8.26469280556361,,,0.0988853319520673
2004-08-30,0.512131215559064,16.9398789557122,1.9155,,8.120120919752,,,0.0955993433323309
2004-08-31,0.517684807286991,16.9398789557122,1.907,,8.00767611967631,,,0.0952172516323615
2004-09-01,0.538248106387692,16.9957247105113,1.912,,8.07193029114813,,,0.0970512917922144
2004-09-02,0.535246164913137,17.1384416394422,1.959,,8.26469280556361,,,0.101025045471896
2004-09-03,0.528791990742844,16.8219823622476,1.937,,8.05586674828018,,,0.0979683118721408
2004-09-07,0.536747135650415,16.9771094589116,1.9255,,8.09602560545007,,,0.096134271712288
2004-09-08,0.545602863000352,16.915058620246,1.9005,,7.91932663390255,,,0.0941473948724473
2004-09-09,0.535846553208048,16.9274687879791,1.9035,,7.97554903394039,,,0.103546850691693
2004-09-10,0.53839820346142,17.0577755491769,1.9285,,8.40123291994124,,,0.107520604371375
2004-09-13,0.534195485397043,16.9088535363794,2.0005,,8.52974126288489,,,0.109583899551209
2004-09-14,0.532694514659765,17.0267501298441,2.1335,,8.47351886284704,,,0.110042409591172
2004-09-15,0.528341699521661,16.8716230331801,2.1105,,9.09999703469735,,,0.103928942391663
2004-09-16,0.545602863000352,16.915058620246,2.1285,,9.01967932035756,,,0.10782627773135
2004-09-17,0.557460531824843,17.07018571691,2.148,,9.24456892050896,,,0.112258541450994
2004-09-20,0.566016065027325,17.07018571691,2.1635,,9.1562194347352,,,0.112105704771007
2004-09-21,0.570518977239157,16.915058620246,2.16465,,9.16425120616917,,,0.115086020030768
2004-09-22,0.554158396202833,16.8281874461141,2.069,,8.94739337745176,,,0.109736736231197
2004-09-23,0.559411793783304,16.9709043750451,2.0915,,8.87510743454596,,,0.110730174651117
2004-09-24,0.559711987930759,16.9336738718457,2.047,,8.86707566311198,,,0.107367767691387
2004-09-27,0.563314317700225,16.8716230331801,1.9965,,8.98755223462165,,,0.10545730919154
2004-09-28,0.57096926846034,16.9212637041126,1.9715,,9.12409234899928,,,0.106985675991417
2004-09-29,0.580575481178916,17.113621303976,2.042,,9.18031474903713,,,0.109583899551209
2004-09-30,0.58162616069501,17.1570568910419,2.043,,9.05983817752746,,,0.110959429671099
2004-10-01,0.580425384105188,17.5293619230356,2.0235,,9.55780800643411,,,0.115544530070731
2004-10-04,0.582226548989921,17.4486958327703,2.0505,,9.53371269213217,,,0.118830518690467
2004-10-05,0.59093217926613,17.6100280133009,2.048,,9.80679292088743,,,0.116155876790682
2004-10-06,0.609994507629554,17.7031042712993,2.068,,9.83088823518937,,,0.116614386830645
2004-10-07,0.594684606109324,17.4797212521031,2.0575,,9.87104709235926,,,0.11730215189059
2004-10-08,0.58627916998057,17.368029742505,2.0,,9.77466583515152,,,0.110883011331105
2004-10-11,0.579224607515366,17.4114653295709,2.0075,,9.79876114945345,,,0.111035848011093
2004-10-12,0.574721695303534,17.3928500779712,2.011,,9.75860229228356,,,0.109431062871221
2004-10-13,0.596635868067785,17.3928500779712,1.999,,9.63009394933991,,,0.108743297811276
2004-10-14,0.675136637627395,17.2501331490403,1.955,,9.63812572077389,,,0.10545730919154
2004-10-15,0.682941685461238,17.368029742505,1.9275,,9.83088823518937,,,0.102553412271773
2004-10-18,0.71671352704998,17.6286432649005,1.9635,,9.97546012100097,,,0.104387452431626
2004-10-19,0.711760323616965,17.4859263359696,1.9165,,9.88711063522721,,,0.103699687371681
2004-10-20,0.712510808985603,17.8079701886442,1.9175,,9.97546012100097,,,0.104922380811583
2004-10-21,0.719565371450807,17.721719522899,1.9735,,9.99152366386893,,,0.107291349351393
2004-10-22,0.711610226543237,17.2129026458409,1.73,,9.88711063522721,,,0.101483555511859
2004-10-25,0.713711585575425,17.1446467233088,1.6985,,9.74253874941561,,,0.101942065551822
2004-10-26,0.720015662671991,17.3121839877059,1.6915,,9.8549835494913,,,0.110730174651117
2004-10-27,0.754988280850555,17.46731108437,1.7115,,10.1120002353786,,,0.113786908250872
2004-10-28,0.783356627785099,17.3804399102381,1.7225,,10.2324768068883,,,0.11256421481097
2004-10-29,0.786508666333381,17.3556195747719,1.7065,,10.1682226354165,,,0.110577337971129
2004-11-01,0.78725915170202,17.423875497304,1.755,,10.2405085783223,,,0.112946306510939
2004-11-02,0.803019344443433,17.523156839169,1.812,,10.2806674354921,,,0.114551091650811
2004-11-03,0.830186914788155,17.6658737680999,1.796,,10.3047627497941,,,0.115620948410725
2004-11-04,0.817278566447569,17.9947432130277,1.8455,,10.5216205785115,,,0.117760661930553
2004-11-05,0.821331187438218,18.1871008128911,1.828,,10.5778429785493,,,0.134801951749186
2004-11-08,0.816227886931475,18.1684855612914,1.866,,10.5296523499455,,,0.136253900209069
2004-11-09,0.811274683498459,18.4725346707529,1.87,,10.722414864361,,,0.135413298469137
2004-11-10,0.821781478659401,18.4477143352866,1.9045,,10.7465101786629,,,0.135413298469137
2004-11-11,0.830036817714427,18.6028414319507,1.9415,,10.5537476642474,,,0.138087940368922
2004-11-12,0.833038759188982,18.5966363480841,2.023,,10.7545419500969,,,0.138317195388904
2004-11-15,0.829136235272061,18.9068905414122,2.0445,,10.4493346356057,,,0.140380490568738
2004-11-16,0.824558274523365,18.7205137452756,2.0035,,10.3770486926999,,,0.139921980528775
2004-11-17,0.824032934765318,18.7550279667824,1.995,,10.5457158928134,,,0.142290949068585
2004-11-18,0.831387691377977,18.6859995237688,2.0185,,10.4172075498698,,,0.144124989228438
2004-11-19,0.828085555755967,18.5410397934403,1.9275,,10.2405085783223,,,0.144889172628377
2004-11-22,0.920845547319713,18.3960800631119,1.9025,,10.1842861782844,,,0.149015762988046
2004-11-23,0.919644770729891,18.3132459314956,1.9155,,10.2003497211524,,,0.149627109707997
2004-11-24,0.961371757226204,18.3891772188105,1.9375,,10.2726356640582,,,0.150238456427948
2004-11-26,0.968876610912591,18.3615658416051,1.9545,,10.1682226354165,,,0.151766823227825
2004-11-29,1.02726437259268,18.4789141947281,1.947,,10.1842861782844,,,0.148786507968064
2004-11-30,1.00640087934453,18.5065255719336,1.984,,10.2324768068883,,,0.146188284408273
2004-12-01,1.01750806280038,18.8102507211932,1.999,,10.5135888070775,,,0.149856364727978
2004-12-02,0.978783017778622,18.6998052123715,2.0085,,10.4011440070018,,,0.151843241567819
2004-12-03,0.940808458125503,18.7964450325905,2.0045,,10.4653981784736,,,0.158415218807292
2004-12-06,0.987338550981104,18.865473475604,1.9745,,10.714383092927,,,0.165980634466685
2004-12-07,0.943960496673786,18.6859995237688,1.91,,10.4894934927756,,,0.174310233526017
2004-12-08,0.949814282549168,18.8861820085081,1.936,,10.6099700642853,,,0.176373528705851
2004-12-09,0.960471174783837,18.7964450325905,1.991,,10.6742242357571,,,0.17476874356598
2004-12-10,0.977882435336256,18.6929023680702,1.9525,,10.6661924643231,,,0.17813115052571
2004-12-13,0.97428010556679,18.8102507211932,1.9915,,11.7504816079102,,,0.173240376766102
2004-12-14,0.979983794368444,18.7964450325905,2.022,,11.429210750551,,,0.17675562040582
2004-12-15,0.979533503147261,18.7136109009742,2.05,,11.3167659504753,,,0.178360405545692
2004-12-16,0.999586472197288,18.748125122481,2.0025,,11.3167659504753,,,0.180729374085502
2004-12-17,0.975480882156612,18.6100682364539,2.0005,,11.2284164647016,,,0.176213050191864
2004-12-20,0.941408846420414,18.6031653921525,1.9475,,10.9071456073425,,,0.174310233526017
2004-12-21,0.955968262572005,18.6859995237688,1.9695,,11.075812807456,,,0.175609345305912
2004-12-22,0.956868845014372,18.6169710807552,1.976,,11.0035268645502,,,0.175838600325894
2004-12-23,0.960771368931293,18.6445824579607,1.9465,,10.9553362359463,,,0.176297110365857
2004-12-27,0.948013117664435,18.534136949139,2.1125,,10.9633680073803,,,0.17476874356598
2004-12-28,0.963323019184665,18.6031653921525,2.2315,,11.1159716646259,,,0.173851723486053
2004-12-29,0.967225543101586,18.5686511706458,2.241,,11.0195904074181,,,0.175380090285931
2004-12-30,0.972629037755785,18.4720113504268,2.2485,,11.1480987503618,,,0.174692325225986
2004-12-31,0.966625154806675,18.4443999732214,2.2145,,11.0195904074181,,,0.180041609025557
2005-01-03,0.949964379622895,18.4582056618241,2.226,,10.7706054929648,,,0.180194445705544
2005-01-04,0.959720689415199,18.5272341048376,2.107,,10.4894934927756,,,0.171712009966225
2005-01-05,0.968126125543952,18.4858170390295,2.0885,,10.5216205785115,,,0.173316795106096
2005-01-06,0.968876610912591,18.4651085061254,2.0525,,10.6180018357192,,,0.171635591626231
2005-01-07,1.03942223556463,18.4098857517146,2.116,,10.706351321493,,,0.168349603006495
2005-01-10,1.03506942042653,18.4996227276322,2.092,,10.5939065214173,,,0.168731694706464
2005-01-11,0.969026707986319,18.4513028175227,2.082,,10.6019382928513,,,0.163535247586881
2005-01-12,0.982535444621816,18.4858170390295,2.115,,10.8268278930027,,,0.162159717466991
2005-01-13,1.04767757461966,18.1337719796604,2.13,,10.8268278930027,,,0.163840920946856
2005-01-14,1.05368145756877,18.03022931514,2.2275,,10.9473044645123,,,0.164375849326814
2005-01-18,1.06043582588652,18.1682862011671,2.229,,11.067781036022,,,0.166974072886605
2005-01-19,1.04887835120948,17.9335894949211,2.198,,10.8187961215687,,,0.163153155886912
2005-01-20,1.05758398148569,17.8507553633048,2.118,,10.6661924643231,,,0.163535247586881
2005-01-21,1.05803427270687,17.7057956329763,2.058,,10.690287778625,,,0.163840920946856
2005-01-24,1.06208689369752,17.7196013215791,2.019,,10.6340653785872,,,0.157268943707384
2005-01-25,1.0814494162084,17.9612008721265,2.047,,10.9151773787764,,,0.160020003947163
2005-01-26,1.08445135768295,17.9542980278251,2.067,,10.9392726930784,,,0.162083299126997
2005-01-27,1.09030514355834,18.0233264708387,2.1155,,11.2203846932676,,,0.175074416925955
2005-01-28,1.11041815143785,18.0716463809482,2.111,,10.9874633216822,,,0.174845161905974
2005-01-31,1.15424649696636,18.1406748239617,2.161,,11.059749264588,,,0.175150835265949
2005-02-01,1.1637026126112,18.2166061112766,2.124,,10.9633680073803,,,0.178436823885686
2005-02-02,1.19522299809403,18.2649260213861,2.094,,10.8910820644745,,,0.188371208084889
2005-02-03,1.16790533067558,18.0716463809482,1.7875,,10.714383092927,,,0.186384331245048
2005-02-04,1.18336532926954,18.1682862011671,1.786,,10.9713997788143,,,0.19708289884419
2005-02-07,1.18486630000682,18.0578406923455,1.7845,,10.8830502930405,,,0.19471393030438
2005-02-08,1.21428532645745,18.1130634467563,1.815,,10.8187961215687,,,0.196624388804226
2005-02-09,1.18186435853226,17.9957150936333,1.7945,,10.5778429785493,,,0.189746738204778
2005-02-10,1.17616066973061,17.9888122493319,1.789,,10.5537476642474,,,0.194179001924423
2005-02-11,1.21893833574301,17.9266866506197,1.789,,10.722414864361,,,0.199833959083969
2005-02-14,1.2702715349579,17.9542980278251,1.8015,,10.690287778625,,,0.195630950384306
2005-02-15,1.32700822882699,17.9542980278251,1.807,,10.6742242357571,,,0.197388572204165
2005-02-16,1.35282492550816,17.8573600515854,1.783,,10.706351321493,,,0.19670080714422
2005-02-17,1.31800240440332,17.7604220753457,1.7845,,10.4091757784358,,,0.194943185324361
2005-02-18,1.30299269703055,17.6427116756261,1.7655,,10.3931122355678,,,0.216034647162669
2005-02-22,1.28017794182393,17.4696081466266,1.736,,10.1682226354165,,,0.218785707402449
2005-02-23,1.32430648149989,17.4488357231467,1.707,,10.4011440070018,,,0.211671159949019
2005-02-24,1.33481327666083,17.5665461228663,1.7345,,10.4493346356057,,,0.217257340602571
2005-02-25,1.3357138591032,17.4834564289466,1.7495,,10.5457158928134,,,0.22039049254232
2005-02-28,1.34667094548532,17.4211391585068,1.759,,10.4011440070018,,,0.221536767642228
2005-03-01,1.33586395617693,17.5042288524265,1.7695,,10.5617794356814,,,0.221001839262271
2005-03-02,1.32448659798836,17.4903805701066,1.775,,10.4814617213416,,,0.214506280362792
2005-03-03,1.25451134221649,17.4280632996667,1.7825,,10.5135888070775,,,0.211602383443025
2005-03-04,1.28513114525695,17.4280632996667,1.7925,,10.6661924643231,,,0.210685363363098
2005-03-07,1.28332998037222,17.6357875344661,1.816,,10.9232091502104,,,0.212825076882927
2005-03-08,1.2166868796371,17.5873185463463,1.7915,,10.9392726930784,,,0.202050090943791
2005-03-09,1.18126397023735,17.5250012759064,1.76995,,10.722414864361,,,0.196777225484214
2005-03-10,1.19567328931521,17.6080909698262,1.7455,,10.6501289214551,,,0.19670080714422
2005-03-11,1.20888183180325,17.3726701703869,1.7375,,10.5135888070775,,,0.192268543424576
2005-03-14,1.21038280254053,17.3865184527069,1.73,,10.5617794356814,,,0.197694245564141
2005-03-15,1.22959522797768,17.2480356295073,1.709,,10.5617794356814,,,0.193720491884459
2005-03-16,1.2361994992217,17.0541596770279,1.6935,,10.4573664070397,,,0.190434503264723
2005-03-17,1.26832027299944,16.9918424065881,1.6985,,10.5698112071154,,,0.188524044764876
2005-03-18,1.28963405746878,16.8325871599086,1.708,,10.0718413782087,,,0.184703127765183
2005-03-21,1.31184842438049,16.7564216071488,1.6835,,10.1601908639825,,,0.191045849984674
2005-03-22,1.28573153355186,16.6110146427892,1.6575,,10.0316825210388,,,0.18760702468495
2005-03-23,1.27732609742311,16.7425733248288,1.659,,10.0477460639068,,,0.191657196704625
2005-03-24,1.27582512668583,16.8118147364286,1.644,,9.95939657813302,,,0.192039288404594
2005-03-28,1.2767257091282,16.7564216071488,1.6695,,9.98349189243495,,,0.189899574884766
2005-03-29,1.25331056562667,16.5625456546694,1.6715,,9.86301532092528,,,0.185696566185103
2005-03-30,1.28483095110949,16.7287250425089,1.716,,10.0236507496048,,,0.185696566185103
2005-03-31,1.25090901244702,16.7356491836689,1.7135,,10.0236507496048,,,0.181569975825434
2005-04-01,1.2274938689455,16.701028477869,1.7005,,10.0638096067747,,,0.179812354005575
2005-04-04,1.2334977518946,16.7771940306287,1.75,,10.1923179497184,,,0.178742497245661
2005-04-05,1.25751328369104,16.9433734184682,1.764,,9.99955543530291,,,0.175609345305912
2005-04-06,1.27072182617909,17.0818562416678,1.741,,9.94333303526506,,,0.178283987205698
2005-04-07,1.30764570631611,17.3795943115469,1.745,,9.99955543530291,,,0.181569975825434
2005-04-08,1.31304920097031,17.2688080529872,1.73,,9.92726949239711,,,0.179201007285624
2005-04-11,1.25841386613341,17.2895804764672,1.73,,9.95939657813302,,,0.175685763645906
2005-04-12,1.28062823304512,17.5319254170664,1.7315,,10.0316825210388,,,0.177825477165735
2005-04-13,1.23199678115733,17.338049464587,1.715,,9.84695177805732,,,0.170412898186329
2005-04-14,1.11852339341915,17.1995666413874,1.6985,,9.71041166367969,,,0.16903736806644
2005-04-15,1.06118631125515,16.9364492773082,1.651,,9.39717257775454,,,0.163153155886912
2005-04-18,1.06929155323645,17.0680079593478,1.65,,9.47749029209433,,,0.162006880787004
2005-04-19,1.11342009291241,17.0541596770279,1.639,,9.54174446356615,,,0.16766183794655
2005-04-20,1.06598941761444,16.8395113010685,1.6625,,9.46142674922637,,,0.162541809166961
2005-04-21,1.11492106364969,17.4765322877866,1.6835,,9.7826976065855,,,0.171712009966225
2005-04-22,1.06568922346699,17.2965046176271,1.652,,9.57387154930206,,,0.169954388146366
2005-04-25,1.1101179572904,17.3034287587871,1.6765,,9.69434812081174,,,0.172629030046151
2005-04-26,1.08640261964142,17.1441735121076,1.6355,,9.54174446356615,,,0.171864846646213
2005-04-27,1.07919796010248,17.3034287587871,1.586,,9.55780800643411,,,0.16529286940674
2005-04-28,1.06689000005681,16.9295251361483,1.626,,9.33291840628272,,,0.165827797786697
2005-04-29,1.08250009572449,17.5180771347465,1.618,,9.28472777767885,,,0.167585419606556
2005-05-02,1.09360727918035,17.4696081466266,1.655,,9.31685486341476,,,0.166974072886605
2005-05-03,1.08700300793633,17.5596219817063,1.6605,,9.30882309198078,,,0.166057052806679
2005-05-04,1.11522125779714,17.4557598643067,1.698,,9.4132361206225,,,0.171329918266256
2005-05-05,1.10111213286673,17.4696081466266,1.698,,9.36504549201863,,,0.174692325225986
2005-05-06,1.11792300512424,17.4626840054666,1.726,,9.44536320635841,,,0.177061293765796
2005-05-09,1.10981776314294,17.3865184527069,1.732,,9.43733143492443,,,0.180347282385532
2005-05-10,1.09330708503289,17.2411114883473,1.7115,,9.25260069194293,,,0.173316795106096
2005-05-11,1.068991359089,17.2480356295073,1.691,,9.39717257775454,,,0.170412898186329
2005-05-12,1.02456262526558,17.3103528999471,1.6925,,9.54977623500013,,,0.174157396846029
2005-05-13,1.04377505070274,17.5180771347465,1.695,,9.92726949239711,,,0.193567655204472
2005-05-16,1.06719019420426,17.7050289460659,1.727,,9.91923772096313,,,0.194255420264417
2005-05-17,1.06148650540261,17.6841913286323,1.7365,,9.80679292088743,,,0.196395133784245
2005-05-18,1.07589582448047,17.850892268101,1.7665,,9.90317417809517,,,0.197847082244128
2005-05-19,1.12722902369536,18.0037014626139,1.7795,,9.98349189243495,,,0.197464990544159
2005-05-20,1.12722902369536,17.8786757580124,1.775,,10.0798731496427,,,0.200980234183877
2005-05-23,1.19357193028302,17.9550803552689,1.784,,10.2003497211524,,,0.205641752923503
2005-05-24,1.19177076539829,17.8856216304903,1.777,,10.2806674354921,,,0.20854564984327
2005-05-25,1.19417231857794,17.8578381405788,1.7625,,10.2405085783223,,,0.205871007943485
2005-05-26,1.22299095673366,17.9898097176582,1.7725,,10.3770486926999,,,0.211678801783019
2005-05-27,1.21758746207946,18.1078895497818,1.775,,10.320826292662,,,0.210303271663129
2005-05-31,1.1935509166927,17.9203509928796,1.7755,,10.2806674354921,,,0.207093701383387
2005-06-01,1.20978241424562,17.9272968653574,1.825,,10.320826292662,,,0.209004159883233
2005-06-02,1.20197736641178,17.9134051204017,1.8205,,10.4252393213038,,,0.216798830562608
2005-06-03,1.14794241986979,17.6633537111987,1.7795,,10.1120002353786,,,0.216263902182651
2005-06-06,1.13833620715121,17.6216784763316,1.7885,,10.1601908639825,,,0.214200607002817
2005-06-07,1.09690941480236,17.7189206910216,1.7675,,10.1120002353786,,,0.209004159883233
2005-06-08,1.10831679240567,17.6425160937652,1.7415,,10.1762544068504,,,0.20755221142335
2005-06-09,1.13023096516992,17.7189206910216,1.76,,10.1762544068504,,,0.216263902182651
2005-06-10,1.07499524203811,17.6633537111987,1.7475,,10.1521590925485,,,0.213818515302847
2005-06-13,1.07769698936521,17.5800032414644,1.7435,,10.1200320068126,,,0.218556452382467
2005-06-14,1.08069893083976,17.6147326038537,1.752,,10.0236507496048,,,0.205641752923503
2005-06-15,1.11462086950223,17.5452738790751,1.762,,10.1360955496805,,,0.205030406203552
2005-06-16,1.14013737203595,17.3924646845622,1.779,,10.0075872067369,,,0.206100262963466
2005-06-17,1.15004377890198,17.3924646845622,1.7655,,9.91120594952915,,,0.205641752923503
2005-06-20,1.12903018858009,17.4410857919072,1.7845,,9.967428349567,,,0.208774904863252
2005-06-21,1.13653504226648,17.4688692818186,1.769,,10.0798731496427,,,0.210761781703092
2005-06-22,1.15724843844091,17.4133023019958,1.761,,10.1441273211145,,,0.210532526683111
2005-06-23,1.1674550394544,17.5800032414644,1.7715,,10.0477460639068,,,0.213818515302847
2005-06-24,1.13353310079193,17.3924646845622,1.751,,10.0397142924728,,,0.207017283043393
2005-06-27,1.11372028705986,17.39941055704,1.725,,10.0718413782087,,,0.205336079563528
2005-06-28,1.12002436415643,17.4133023019958,1.6855,,10.3047627497941,,,0.206635191343423
2005-06-29,1.09180611429561,17.4271940469515,1.6675,,10.8991138359085,,,0.204724732843577
2005-06-30,1.10501465678366,17.253547235005,1.6545,,10.6019382928513,,,0.20418980446362
2005-07-01,1.09570863821254,17.1632508927928,1.6455,,10.6742242357571,,,0.205106824543546
2005-07-05,1.14013737203595,17.350789449695,1.704,,10.6581606928891,,,0.208316394823289
2005-07-06,1.12242591733607,17.1563050203149,1.703,,10.698319550059,,,0.213894933642841
2005-07-07,1.12963057687501,17.1215756579256,1.698,,10.6742242357571,,,0.212366566842964
2005-07-08,1.14824261401725,17.4271940469515,1.737,,10.8910820644745,,,0.215041208742749
2005-07-11,1.14373970180541,17.5661114965087,1.7795,,11.0115586359842,,,0.218250779022492
2005-07-12,1.14794241986979,17.7883794158002,1.8155,,11.08384457889,,,0.21702808558259
2005-07-13,1.1512445554918,17.8231087781895,1.8255,,11.2123529218336,,,0.217333758942565
2005-07-14,1.22329115088112,18.0384308250032,1.8595,,11.2846388647394,,,0.207705048103338
2005-07-15,1.24730668267756,17.9134051204017,1.8575,,11.2766070933054,,,0.205488916243515
2005-07-18,1.24550551779282,17.7467041809331,1.8595,,11.1641622932298,,,0.200368887463926
2005-07-19,1.29653852286026,18.1704024020825,1.9085,,11.1962893789657,,,0.203119947703705
2005-07-20,1.3097470653483,18.1912400195161,1.9085,,11.2685753218715,,,0.20617668130346
2005-07-21,1.29954046433481,18.3648868314626,1.8975,,11.0195904074181,,,0.202661437663742
2005-07-22,1.32085424880415,17.8370005231452,1.8975,,11.08384457889,,,0.197388572204165
2005-07-25,1.3151505600025,17.8439463956231,1.8975,,11.075812807456,,,0.198534847304073
2005-07-26,1.3097470653483,17.7397583084552,1.887,,11.075812807456,,,0.202661437663742
2005-07-27,1.3205540546567,17.8647840130567,2.1825,,11.1159716646259,,,0.206788028023411
2005-07-28,1.31485036585504,17.8856216304903,2.284,,11.1240034360599,,,0.208392813163282
2005-07-29,1.28032803889766,17.7883794158002,2.2575,,10.8991138359085,,,0.206788028023411
2005-08-01,1.28332998037222,18.0037014626139,2.2465,,10.8589549787386,,,0.20992117996316
2005-08-02,1.29653852286026,18.6218841131435,2.3255,,10.9071456073425,,,0.212748658542933
2005-08-03,1.29743910530262,18.9275025021693,2.3055,,10.7465101786629,,,0.212748658542933
2005-08-04,1.28212920378239,18.9761236095143,2.273,,10.6822560071911,,,0.210532526683111
2005-08-05,1.29053463991115,19.2817419985402,2.2635,,10.6661924643231,,,0.215881810482682
2005-08-08,1.28032803889766,18.844152032435,2.283,,10.6742242357571,,,0.21664599388262
2005-08-09,1.31545075414995,18.9969612269479,2.2965,,10.7304466357949,,,0.216111065502663
2005-08-10,1.30224221166191,18.7191263278335,2.238,,10.722414864361,,,0.212901495222921
2005-08-11,1.32085424880415,18.941394247125,2.2605,,10.7384784072289,,,0.215881810482682
2005-08-12,1.38389501976981,18.7885850526121,2.21,,10.6822560071911,,,0.228872928281639
2005-08-15,1.43132569506777,18.8997190122579,2.252,,10.6742242357571,,,0.234680722121174
2005-08-16,1.38839793198164,18.6280311974853,2.2135,,10.6822560071911,,,0.230706968441492
2005-08-17,1.41541540525263,18.774324636209,2.206,,10.6340653785872,,,0.230706968441492
2005-08-18,1.38989890271891,18.6837620312848,2.1865,,10.5135888070775,,,0.22474633792197
2005-08-19,1.37578977778851,18.6140984890354,2.186,,10.4975252642096,,,0.223141552782099
2005-08-22,1.37699055437833,18.7464592193092,2.1885,,10.5135888070775,,,0.221307512622246
2005-08-23,1.37308803046141,18.7185938024095,2.171,,10.5216205785115,,,0.22275946108213
2005-08-24,1.37398861290377,18.6767956770598,2.1185,,10.4011440070018,,,0.222912297762118
2005-08-25,1.38269424317998,18.8300554700085,2.1155,,10.4172075498698,,,0.224440664561995
2005-08-26,1.37308803046141,18.7882573446589,2.1185,,10.3609851498319,,,0.221001839262271
2005-08-29,1.37608997193596,18.9136517207077,2.1395,,10.5055570356435,,,0.22138393096224
2005-08-30,1.39800414470021,18.9345507833826,2.1245,,10.4653981784736,,,0.229331438321603
2005-08-31,1.40761035741879,19.0738778678813,2.135,,10.4332710927377,,,0.234451467101192
2005-09-01,1.38869812612909,18.9484834918324,2.092,,10.690287778625,,,0.234527885441186
2005-09-02,1.38749734953927,18.8230891157835,2.0755,,10.7545419500969,,,0.230706968441492
2005-09-06,1.46494743958279,18.8091564073337,2.181,,10.8910820644745,,,0.232617426941339
2005-09-07,1.46134510981332,18.7046610939596,2.1865,,10.7706054929648,,,0.240030005920744
2005-09-08,1.49436646603342,18.5374685925611,2.148,,10.7384784072289,,,0.242857484500518
2005-09-09,1.54029617059411,18.5165695298863,2.1475,,10.6661924643231,,,0.245990636440266
2005-09-12,1.54299791792121,18.5374685925611,2.225,,10.8348596644366,,,0.245150034700334
2005-09-13,1.5255866573688,18.4469059876369,2.1965,,10.9553362359463,,,0.252562613679739
2005-09-14,1.48926316552668,18.3284779658129,2.155,,10.7947008072668,,,0.249505880079984
2005-09-15,1.49706821336052,18.3006125489132,2.1355,,10.7384784072289,,,0.253938143799629
2005-09-16,1.53729422911956,18.1612854644144,2.14,,10.6420971500212,,,0.254090980479616
2005-09-19,1.58022199220569,18.1125209848398,2.1375,,10.6742242357571,,,0.250499318499905
2005-09-20,1.59673267031575,18.0010593172408,2.0935,,10.7625737215308,,,0.255390092259512
2005-09-21,1.56431170239055,17.757236919368,2.0625,,10.6742242357571,,,0.25317396039969
2005-09-22,1.55800762529399,17.6527416059939,2.104,,10.8589549787386,,,0.246372728140236
2005-09-23,1.5970328644632,17.6039771264193,2.1095,,9.99955543530291,,,0.249964390119947
2005-09-26,1.61624528990035,17.6039771264193,2.167,,9.95939657813302,,,0.252027685299782
2005-09-27,1.60423752400213,17.6527416059939,2.158,,9.90317417809517,,,0.252868287039715
2005-09-28,1.53339170520264,17.8826312954169,2.1685,,9.79072937801948,,,0.254396653839592
2005-09-29,1.57121616778203,18.0707228594902,2.2395,,9.89514240666119,,,0.259669519299169
2005-09-30,1.60934082450888,17.9244294207665,2.265,,9.95939657813302,,,0.261962069498985
2005-10-03,1.63425693874768,17.7642032735929,2.3005,,9.94333303526506,,,0.269145393458409
2005-10-04,1.61354354257325,17.4019528538961,2.2465,,9.83088823518937,,,0.265630149818691
2005-10-05,1.58442771221155,17.185995872923,2.2245,,9.77466583515152,,,0.256842040719396
2005-10-06,1.55200374234488,17.2277939982727,2.2005,,9.66222103507582,,,0.255925020639469
2005-10-07,1.53999597644666,17.1302650391235,2.186,,9.62206217790593,,,0.252639032019733
2005-10-10,1.5120779207333,17.0397024341993,2.188,,9.64615749220787,,,0.246219891460248
2005-10-11,1.54870160672287,17.0048706630746,2.17,,9.70237989224571,,,0.243163157860493
2005-10-12,1.47845617621828,16.9282407666003,2.1275,,9.63812572077389,,,0.24606705478026
2005-10-13,1.6132433484258,17.1302650391235,2.131,,9.70237989224571,,,0.244767943000364
2005-10-14,1.62104839625964,17.185995872923,2.1895,,9.88711063522721,,,0.244767943000364
2005-10-17,1.60423752400213,17.0884669137739,2.251,,9.94333303526506,,,0.247136911540174
2005-10-18,1.56731364386511,17.1163323306736,2.2325,,9.93530126383108,,,0.243086739520499
2005-10-19,1.64926664612046,17.4785827503704,2.293,,9.79072937801948,,,0.241023444340665
2005-10-20,1.68528994381512,17.2695921236223,2.2505,,9.75057052084959,,,0.24270464782053
2005-10-21,1.67088062473725,17.2626257693973,2.2975,,9.84695177805732,,,0.24408017794042
2005-10-24,1.70480256339972,17.4855491045954,2.3465,,10.2967309783601,,,0.250728573519886
2005-10-25,1.68408916722529,17.4367846250208,2.3085,,10.4172075498698,,,0.252333358659757
2005-10-26,1.71200722293865,17.4925851223626,1.9875,,10.1682226354165,,,0.245455708060309
2005-10-27,1.66337577105087,17.3113902489719,1.953,,9.99955543530291,,,0.24033567928072
2005-10-28,1.63515752119005,17.7851023362677,1.9475,,10.2083814925863,,,0.247748258260125
2005-10-31,1.72881809519616,17.9035303580917,1.993,,10.1842861782844,,,0.256383530679432
2005-11-01,1.72611634786906,18.0846555679401,2.0185,,10.2244450354543,,,0.253250378739684
2005-11-02,1.79966391399566,18.432973279187,2.0375,,10.0236507496048,,,0.267922700018507
2005-11-03,1.85669780007073,18.4190405707371,2.078,,9.79876114945345,,,0.264789548078758
2005-11-04,1.83568721169032,18.5723003636858,2.0545,,10.1280637782466,,,0.26028086601912
2005-11-07,1.80806935012441,18.8161227615586,2.0695,,10.1280637782466,,,0.259134590919212
2005-11-08,1.79816294325838,18.8436398607471,2.0975,,10.1360955496805,,,0.254320235499598
2005-11-09,1.80446702035495,18.7812909904339,2.07,,10.0477460639068,,,0.265782986498678
2005-11-10,1.83658779413268,18.8718535953581,2.109,,10.2003497211524,,,0.255925020639469
2005-11-11,1.84739478344108,19.0042143256319,2.134,,10.2886992069261,,,0.260128029339132
2005-11-14,1.84469303611398,19.0529788052065,2.1265,,10.2967309783601,,,0.265630149818691
2005-11-15,1.86960915035279,19.2132049523801,2.2225,,10.1762544068504,,,0.266241496538642
2005-11-16,1.9497609877234,19.3808838319645,2.265,,10.0316825210388,,,0.265324476458715
2005-11-17,1.93685263938282,19.5415760915662,2.337,,10.1280637782466,,,0.277092900817771
2005-11-18,1.93805341597264,19.6114422913931,2.399,,10.1360955496805,,,0.276557972437814
2005-11-21,1.95006118187086,19.6743218712372,2.3995,,9.99152366386893,,,0.281448746197422
2005-11-22,1.99689146887391,19.4996563716701,2.4425,,9.95136480669904,,,0.288937743516821
2005-11-23,2.01460292357379,19.5066429916528,2.412,,10.1521590925485,,,0.288097141776888
2005-11-25,2.08154621845636,19.3948570719299,2.403,,10.1280637782466,,,0.290924620356662
2005-11-28,2.09115243117494,19.3878704519472,2.4175,,10.0718413782087,,,0.289472671896778
2005-11-29,2.04432214417188,19.3389641120684,2.4275,,10.2244450354543,,,0.271132270298249
2005-11-30,2.03591670804313,19.3389641120684,2.423,,10.1200320068126,,,0.276252299077839
2005-12-01,2.14939309772278,19.4856831317048,2.45,,10.328858064096,,,0.279538287697575
2005-12-02,2.18031009296922,19.569522571497,2.453,,10.2485403497562,,,0.279614706037569
2005-12-05,2.15599436702532,19.457736651774,2.4415,,10.0477460639068,,,0.274418258917986
2005-12-06,2.2229376619079,19.3459507320511,2.463,,10.0557778353408,,,0.275564534017894
2005-12-07,2.21993572043334,19.3878704519472,2.4415,,10.0477460639068,,,0.276023044057857
2005-12-08,2.22383824435026,19.3459507320511,2.4175,,9.99152366386893,,,0.273806912198035
2005-12-09,2.23135810774402,19.3599239720164,2.437,,10.0397142924728,,,0.277704247537722
2005-12-12,2.24875435858907,19.1782718524667,2.4535,,10.3127945212281,,,0.281754419557397
2005-12-13,2.25085571762126,18.9547698792206,2.475,,10.3047627497941,,,0.285422499877103
2005-12-14,2.16169805582698,18.9267535330901,2.4705,,10.2886188892118,,,0.282747857977317
2005-12-15,2.16680135633372,18.8079809933844,2.474,,10.3047627497941,,,0.279156195997606
2005-12-16,2.13468058255598,18.7940077534191,2.4605,,10.1923179497184,,,0.281601582877409
2005-12-19,2.14278582453728,18.7451014135403,2.4185,,9.89514240666119,,,0.276940064137783
2005-12-20,2.16469999730153,18.7660612734883,2.407,,9.86301532092528,,,0.276787227457796
2005-12-21,2.20642698379784,18.6752352137134,2.4485,,9.7826976065855,,,0.276252299077839
2005-12-22,2.22203707946553,18.5774225339559,2.461,,9.89514240666119,,,0.284658316477164
2005-12-23,2.20192407158601,18.6123556338693,2.461,,9.91120594952915,,,0.286874448336986
2005-12-27,2.2283411565621,18.486596474181,2.428,,9.91923772096313,,,0.288632070156845
2005-12-28,2.20852834283003,18.4376901343022,2.403,,9.86301532092528,,,0.291306712056631
2005-12-29,2.14488718356947,18.35385069451,2.3995,,9.87104709235926,,,0.284811153157152
2005-12-30,2.15809572605751,18.2700112547178,2.3575,,9.80679292088743,,,0.279385451017587
2006-01-03,2.24395125222978,18.752088033523,2.379,,10.1200320068126,,,0.29207089545657
2006-01-04,2.2505555234738,18.8429140932979,2.3625,,10.1360955496805,,,0.300247657835914
2006-01-05,2.23284406877393,18.8568873332632,2.3825,,10.2726356640582,,,0.307048890095368
2006-01-06,2.29048134508538,18.8009943734018,2.3935,,10.5376841213795,,,0.312092500534963
2006-01-09,2.28297649139899,18.7660612734883,2.354,,10.3448412892496,,,0.320804191294265
2006-01-10,2.42736987632509,18.8638739532459,2.28255,,10.1360955496805,,,0.320880609634258
2006-01-11,2.51862889715155,19.0664859327437,2.2465,,10.1200320068126,,,0.332496197313327
2006-01-12,2.53036648831706,18.9616866330035,2.218,,10.0557778353408,,,0.327758260233707
2006-01-13,2.56935870613006,18.9966197329169,2.22,,10.0477460639068,,,0.32485436331394
2006-01-17,2.54294762503692,18.8568873332632,2.2,,9.99152366386893,,,0.324624344110558
2006-01-18,2.4763045243018,18.7451014135403,2.216,,9.91120594952915,,,0.326307075957223
2006-01-19,2.37258444441446,18.8778471932113,2.2225,,10.0556975176264,,,0.34441745835237
2006-01-20,2.28414724857407,18.4516633742676,2.196,,9.87104709235926,,,0.334789511696543
2006-01-23,2.33160794328678,18.4097436543715,2.1865,,9.87907886379324,,,0.336699206012989
2006-01-24,2.28267629725154,18.3608373144927,2.201,,9.79876114945345,,,0.338380409492855
2006-01-25,2.22744057411973,18.4446767542849,2.18,,10.0477460639068,,,0.335400094233094
2006-01-26,2.17130426854555,18.5145429541117,2.234,,9.99152366386893,,,0.346862845232174
2006-01-27,2.16229844412189,19.4158169318779,2.261,,9.967428349567,,,0.353434822471647
2006-01-30,2.25145610591617,19.5625359515143,2.248,,10.1280637782466,,,0.349461068791966
2006-01-31,2.2667660074364,19.6673352512545,2.241,,10.0959366925106,,,0.343576856612438
2006-02-01,2.2640642601093,19.590482431445,2.199,,10.1039684639446,,,0.343806111632419
2006-02-02,2.16439980315408,19.3389641120684,2.137,,9.95136480669904,,,0.333336799053259
2006-02-03,2.15680489122345,19.2411514323108,1.9165,,9.80679292088743,,,0.336393532653014
2006-02-06,2.02030661237544,18.9826464929515,1.8975,,9.83892000662335,,,0.345869406812254
2006-02-07,2.02931243679911,18.8219542333498,1.876,,9.93530126383108,,,0.333566054073241
2006-02-08,2.06563592864122,18.8009943734018,1.9085,,10.0959366925106,,,0.343194764912468
2006-02-09,1.9497609877234,18.6263288738347,1.8995,,10.1923179497184,,,0.337386971072934
2006-02-10,2.0206068065229,18.6472887337827,1.926,,10.1923179497184,,,0.335476512573088
2006-02-13,1.94255632818447,18.4376901343022,1.893,,10.0316825210388,,,0.336622787672996
2006-02-14,2.03066331046266,18.619342253852,1.9125,,9.95939657813302,,,0.337234134392947
2006-02-15,2.0779438886869,18.8429140932979,1.963,,9.967428349567,,,0.343729693292425
2006-02-16,2.11847009859339,18.7938440045132,1.9575,,9.99152366386893,,,0.360694564771065
2006-02-17,2.11006466246463,18.7167338649945,1.9595,,9.95939657813302,,,0.362757859950899
2006-02-21,2.07374117062252,18.6045736620582,1.9145,,9.91120594952915,,,0.355039607611518
2006-02-22,2.14098465965255,18.7307538903616,1.936,,10.0236507496048,,,0.354428260891567
2006-02-23,2.15389300799313,18.6886938142604,1.895,,9.95939657813302,,,0.349002558752002
2006-02-24,2.14518737771693,18.6676637762099,1.9175,,10.0075872067369,,,0.348926140412009
2006-02-27,2.13107825278652,18.9620843089177,1.9005,,10.0075872067369,,,0.363063533310874
2006-02-28,2.05602971592264,18.8359040806143,1.872,,9.97546012100097,,,0.360159636391107
2006-03-01,2.07434155891743,19.0251744230693,1.856,,10.2886992069261,,,0.37383851925001
2006-03-02,2.08965146043766,18.9060042074495,1.844,,10.2806674354921,,,0.374373447629967
2006-03-03,2.03291476656857,18.8779641567154,1.8605,,10.2726356640582,,,0.375672559409863
2006-03-06,1.96567127753854,18.8639441313484,1.843,,10.2565721211902,,,0.374908376009924
2006-03-07,1.99058739177735,18.9690943216012,1.8465,,10.344921606964,,,0.368489235450439
2006-03-08,1.97107477219274,19.102284562588,1.8405,,10.328858064096,,,0.366655195290586
2006-03-09,1.91914118468294,18.9270342455001,1.806,,10.3127945212281,,,0.368565653790433
2006-03-10,1.89692681777124,19.0462044611199,1.811,,10.3609851498319,,,0.362146513230948
2006-03-13,1.97167516048765,19.0041443850188,1.8095,,10.3609851498319,,,0.366502358610599
2006-03-14,2.02090700067035,19.088264537221,1.8455,,10.4091757784358,,,0.376665997829783
2006-03-15,1.9881858385977,19.1793947021067,1.8445,,10.6340653785872,,,0.382703046689299
2006-03-16,1.93054856228625,19.1163045879551,1.8385,,10.8428914358706,,,0.369711928890341
2006-03-17,1.94105535744719,19.277534879676,1.7995,,10.9232091502104,,,0.372692244150102
2006-03-20,1.92094234956767,19.5509253743332,1.8115,,11.0195904074181,,,0.369864765570329
2006-03-21,1.85550002542238,19.4457751840804,1.796,,10.9392726930784,,,0.388128748828864
2006-03-22,1.851297307358,19.0321844357529,1.8,,11.2364482361356,,,0.376971671189759
2006-03-23,1.80596799109222,18.8218840552473,1.784,,11.08384457889,,,0.384002158469195
2006-03-24,1.79996410814311,18.9340442581836,1.7735,,11.075812807456,,,0.396993276268153
2006-03-27,1.78645537150762,18.9340442581836,1.7625,,11.1159716646259,,,0.407691843867294
2006-03-28,1.76243983971118,18.8569341186649,1.7845,,10.9151773787764,,,0.413958147746792
2006-03-29,1.87111012109006,18.9410542708671,1.816,,11.0195904074181,,,0.436195884685008
2006-03-30,1.88371827528319,19.088264537221,1.8335,,11.067781036022,,,0.439176199944769
2006-03-31,1.88281769284083,19.074244511854,1.8265,,10.9954950931162,,,0.437571414804897
2006-04-03,1.88071633380864,19.3195949557771,1.807,,11.075812807456,,,0.442462188564505
2006-04-04,1.83628759998523,19.3756750572453,1.8385,,11.1159716646259,,,0.463171558702844
2006-04-05,2.01760486504834,19.4457751840804,1.867,,11.2043211503996,,,0.466916057362543
2006-04-06,2.1385831064729,19.3195949557771,1.9255,,11.08384457889,,,0.46783307744247
2006-04-07,2.09505495509186,19.102284562588,1.8545,,11.0436857217201,,,0.466610384002568
2006-04-10,2.06143321057684,19.1303246133221,1.8305,,11.1079398931919,,,0.458510039963218
2006-04-11,2.04102000854987,19.0181644103858,1.803,,11.1159716646259,,,0.447352962324113
2006-04-12,2.00259515767557,19.0672344991704,1.8065,,11.067781036022,,,0.465387690562666
2006-04-13,1.99536047872189,18.9761043342847,1.831,,10.9874633216822,,,0.452396572763708
2006-04-17,1.94558828907377,18.8148740425638,1.7635,,11.0356539502861,,,0.45361926620361
2006-04-18,1.98788564445025,19.0812545245375,1.814,,11.2444800075695,,,0.442920698604468
2006-04-19,1.97077457804529,18.9480642835506,1.8445,,11.4934649220229,,,0.445671758844248
2006-04-20,2.03021301924147,18.9480642835506,1.817,,11.3649565790792,,,0.445060412124297
2006-04-21,2.0125015645416,19.0321844357529,1.8015,,11.4693696077209,,,0.429012560725584
2006-04-24,1.97377651951984,19.0041443850188,1.7895,,11.6300050364005,,,0.44215651520453
2006-04-25,1.98638467371297,19.0041443850188,1.7775,,11.7665451507781,,,0.441850841844554
2006-04-26,2.04582311490916,18.9971343723353,1.7895,,11.822767550816,,,0.438794108244799
2006-04-27,2.08214660675127,19.102284562588,1.787,,11.9914347509295,,,0.445824595524235
2006-04-28,2.11306660393919,16.9291806306973,1.7605,,11.7183545221743,,,0.446588778924174
2006-05-01,2.0893512662902,17.0273208082666,1.7295,,11.7103227507403,,,0.472265341162114
2006-05-02,2.14999048407621,16.831040453128,1.719,,11.5898461792306,,,0.471653994442163
2006-05-03,2.13558116499835,16.2421993877125,1.698,,11.5014966934568,,,0.474726011709917
2006-05-04,2.13528097085089,16.4314697301675,1.7235,,11.4774013791549,,,0.471653994442163
2006-05-05,2.15809572605751,16.6838301867741,1.752,,11.6059097220986,,,0.478073135001648
2006-05-08,2.15809572605751,16.6347600979895,1.7345,,11.429210750551,,,0.47593342148182
2006-05-09,2.13227902937634,16.5576499584708,1.742,,11.3328294933433,,,0.461413936882985
2006-05-10,2.11937068103575,16.6628001487236,1.708,,11.437242521985,,,0.451173879323806
2006-05-11,2.04582311490916,16.2772494511301,1.6765,,11.1721940646637,,,0.435126027925093
2006-05-12,2.03231437827366,16.2421993877125,1.6365,,11.2284164647016,,,0.402418978407717
2006-05-15,2.03501612560076,16.2912694764971,1.639,,11.2203846932676,,,0.408226772247251
2006-05-16,1.95066157016577,16.1927477604405,1.638,,11.3970836648151,,,0.39752820464811
2006-05-17,1.95906700629452,15.9957043283274,1.5805,,11.1240034360599,,,0.381480353249397
2006-05-18,1.89662662362378,16.0660769826535,1.6305,,11.059749264588,,,0.364209808410782
2006-05-19,1.93655244523536,15.876070815973,1.697,,11.0035268645502,,,0.371851642410169
2006-05-22,1.90263050657289,16.1012633098166,1.7415,,10.8830502930405,,,0.366808031970574
2006-05-23,1.89572604118141,16.0379279209231,1.688,,10.8187961215687,,,0.362834278290893
2006-05-24,1.90142972998307,16.5375737666385,1.7595,,11.067781036022,,,0.367572215370513
2006-05-25,1.93114895058116,16.7064681370212,1.7815,,11.3007024076074,,,0.365585338530672
2006-05-26,1.90770378766489,16.692393606156,1.8035,,11.2846388647394,,,0.366349521930611
2006-05-30,1.8377885707225,16.2912694764971,1.732,,11.2605435504375,,,0.351065853931837
2006-05-31,1.79426041934146,15.9394062048665,1.7305,,11.4211789791171,,,0.351218690611825
2006-06-01,1.86630701473078,16.0590397172209,1.7535,,11.4211789791171,,,0.369559092210353
2006-06-02,1.85099711321055,16.0168161246252,1.738,,11.3649565790792,,,0.364209808410782
2006-06-05,1.80116488473293,15.8338472233773,1.6745,,11.1320352074938,,,0.348926140412009
2006-06-06,1.79284950684842,15.5734684023707,1.6705,,11.0999081217579,,,0.339603102932756
2006-06-07,1.75808702457307,15.5101330134772,1.6885,,10.8750185216065,,,0.333489635733247
2006-06-08,1.82397963993955,15.5593938715054,1.6775,,10.8669867501726,,,0.327376168533737
2006-06-09,1.78675556565507,15.5030957480445,1.694,,10.8509232073046,,,0.329515882053566
2006-06-12,1.71110664049629,15.277903254201,1.68,,10.6420971500212,,,0.30827158353527
2006-06-13,1.75103246210787,15.1371579455487,1.6735,,10.5617794356814,,,0.30353364645565
2006-06-14,1.72941848349107,15.3975367665554,1.684,,10.5939065214173,,,0.312398173894939
2006-06-15,1.78255284759069,15.531244809775,1.748,,11.0035268645502,,,0.339755939612744
2006-06-16,1.7279175127538,15.5523566060728,1.7545,,11.3970836648151,,,0.331044248853443
2006-06-19,1.7171105234454,15.8690335505404,1.7535,,11.4774013791549,,,0.32110986465424
2006-06-20,1.7252157654267,15.876070815973,1.774,,11.445274293419,,,0.316066254214645
2006-06-21,1.73692333717746,16.2420086184688,1.8325,,11.6701638935704,,,0.319581497854363
2006-06-22,1.7885567305398,16.1012633098166,1.8185,,11.5095284648908,,,0.310258460375111
2006-06-23,1.76604216948064,15.8338472233773,1.8275,,11.9673394366276,,,0.310411297055098
2006-06-26,1.77084527583993,16.0590397172209,1.8385,,11.7826086936461,,,0.307507400135331
2006-06-27,1.72401498883687,16.0871887789514,1.824,,11.6460685792684,,,0.297725852616116
2006-06-28,1.68168761404565,16.2983067419297,1.835,,11.7103227507403,,,0.314232214054792
2006-06-29,1.77024488754502,16.5166027156493,1.926,,11.8388310936839,,,0.328446025293652
2006-06-30,1.71921188247759,16.3968284579863,1.934,,11.6380368078345,,,0.325389291693897
2006-07-03,1.73962508450456,16.6783190752908,1.9305,,11.8950534937218,,,0.330127228773517
2006-07-05,1.71115166961841,16.4320147851493,1.8555,,11.7022909793063,,,0.315302070814706
2006-07-06,1.67418276035926,16.5234992357733,1.84,,11.6460685792684,,,0.305520523295491
2006-07-07,1.66307557690341,16.3968284579863,1.8055,,11.8709581794198,,,0.296044649136251
2006-07-10,1.65106781100519,16.5375737666385,1.7895,,11.7183545221743,,,0.283206368017281
2006-07-11,1.6705804305898,16.256083149334,1.783,,11.6781956650044,,,0.292682242176521
2006-07-12,1.58982820492427,15.9323689394339,1.7315,,11.4211789791171,,,0.278621267617649
2006-07-13,1.56851442045493,15.6649528529946,1.6865,,11.3247977219093,,,0.271437943658225
2006-07-14,1.52108374515696,15.6860646492925,1.646,,11.4774013791549,,,0.270062413538335
2006-07-17,1.5721167502244,15.8197726925121,1.6835,,11.5818144077966,,,0.272202127058163
2006-07-18,1.58802704003954,16.00274159376,1.6745,,11.822767550816,,,0.287027285016974
2006-07-19,1.6240503377342,16.4672011123124,1.724,,12.1038795510052,,,0.299559892775969
2006-07-20,1.81617459210571,16.0801515135187,1.709,,12.1440384081751,,,0.293599262256447
2006-07-21,1.82277886334973,16.7979525876452,1.6595,,12.1440384081751,,,0.271590780338213
2006-07-24,1.84379245367161,16.8894370382691,1.7155,,12.0315936080994,,,0.298948546056018
2006-07-25,1.85904231636235,17.0442568777866,1.6795,,11.9914347509295,,,0.309494276975172
2006-07-26,1.91734001979821,17.1498158592758,1.313,,12.0637206938353,,,0.309494276975172
2006-07-27,1.9032308948678,16.7979525876452,1.328,,11.9432441223256,,,0.313926540694816
2006-07-28,1.96897341316055,17.0653686740844,1.3585,,12.1038795510052,,,0.346480753532205
2006-07-31,2.0401194261075,16.9316606308648,1.3445,,12.0235618366654,,,0.338380409492855
2006-08-01,2.01670428260598,16.8823997728365,1.316,,11.8307993222499,,,0.324777944973946
2006-08-02,2.04612330905661,17.1005550012475,1.3045,,11.8950534937218,,,0.349690323811947
2006-08-03,2.08905107214275,17.037219612354,1.3345,,11.8629264079859,,,0.371698805730182
2006-08-04,2.05032602712099,17.0935177358149,1.3645,,11.7424498364762,,,0.366655195290586
2006-08-07,2.01760486504834,17.0442568777866,1.339,,11.7424498364762,,,0.36237576825093
2006-08-08,1.94465768721666,17.1287040629779,1.318,,11.8870217222878,,,0.372004479090157
2006-08-09,1.90893458366946,17.1990767173041,1.3105,,12.0074982937975,,,0.371851642410169
2006-08-10,1.92334390274732,17.2131512481693,1.3245,,12.1520701796091,,,0.369253418850378
2006-08-11,1.91073574855419,17.1920394518715,1.3035,,12.0396253795334,,,0.35763783117131
2006-08-14,1.9194413788304,17.2624121061976,1.3265,,12.2805785225527,,,0.355803791011457
2006-08-15,1.99479010984173,17.3890828839846,1.3885,,12.6259446942138,,,0.39003920732871
2006-08-16,2.04071981440242,17.4455868088716,1.3975,,12.4813728084022,,,0.418008319766467
2006-08-17,2.02901224265165,17.4455868088716,1.4545,,12.6982306371196,,,0.411436342526994
2006-08-18,2.03861845537023,18.2154527854575,1.456,,12.6179129227798,,,0.418161156446454
2006-08-21,1.99809224546374,18.4485314756165,1.4065,,12.561690522742,,,0.402724651767693
2006-08-22,2.02991282509402,18.0953819450725,1.4185,,12.4331821797983,,,0.402113305047742
2006-08-23,2.0206068065229,18.1306968981269,1.407,,12.3046738368547,,,0.401807631687766
2006-08-24,2.03561651389567,18.1801378324031,1.3985,,12.3528644654585,,,0.405934222047435
2006-08-25,2.06383476375649,18.2578307291227,1.4015,,12.3769597797605,,,0.404711528607533
2006-08-28,2.01070039965687,18.3284606352315,1.4455,,12.4813728084022,,,0.418619666486418
2006-08-29,1.99569069228409,18.2507677385119,1.476,,12.4653092655342,,,0.437571414804897
2006-08-30,2.01010001136195,18.2225157760683,1.5335,,12.6580717799497,,,0.446588778924174
2006-08-31,2.03681729048549,18.1518858699595,1.5415,,12.5777540656099,,,0.444907575444309
2006-09-01,2.05272758030063,18.2507677385119,1.588,,12.4492457226663,,,0.426261500485805
2006-09-05,2.14578776601184,18.0883189544616,1.6115,,12.7223259514215,,,0.435584537965057
2006-09-06,2.10225961463079,18.0883189544616,1.54,,12.545626979874,,,0.41372889272681
2006-09-07,2.18541339347596,17.9611851234658,1.4865,,12.8588660657992,,,0.421982073446148
2006-09-08,2.17700795734721,18.0812559638508,1.5255,,12.7785483514594,,,0.423357603566038
2006-09-11,2.1764075690523,18.300208672788,1.5395,,13.0837556659506,,,0.42992958080551
2006-09-12,2.18031009296922,18.3143346540098,1.586,,13.0917874373845,,,0.441239495124603
2006-09-13,2.22744057411973,18.3496496070642,1.5835,,13.1640733802903,,,0.444754738764321
2006-09-14,2.22653999167736,18.5968542784449,1.5825,,13.2283275517622,,,0.443073535284456
2006-09-15,2.22443863264517,18.9641297902107,1.626,,13.1158827516865,,,0.451785226043757
2006-09-18,2.21813455554861,18.9217518465454,1.604,,13.0516285802146,,,0.468902934202384
2006-09-19,2.21453222577914,18.9711927808215,1.579,,12.9552473230069,,,0.456675999803365
2006-09-20,2.25926115375001,19.1972084803697,1.606,,14.400966181123,,,0.473335197922028
2006-09-21,2.24094931075523,18.9994447432651,1.511,,14.5214427526327,,,0.469514280922335
2006-09-22,2.19141727642507,18.829932968604,1.542,,14.0877270951978,,,0.455606143043451
2006-09-25,2.27397066697533,19.0347596963195,1.5895,,14.4330932668589,,,0.471959667802139
2006-09-26,2.32980677840205,19.2113344615914,1.625,,14.6097922384064,,,0.462025283602936
2006-09-27,2.29378348070739,19.3808462362525,1.6165,,14.400966181123,,,0.460649753483046
2006-09-28,2.31179512955472,19.352594273809,1.592,,14.4491568097269,,,0.451938062723745
2006-09-29,2.31089454711236,19.3172793207546,1.606,,14.2483625238774,,,0.45224373608372
2006-10-02,2.24725338785179,19.3243423113655,1.5435,,14.1841083524056,,,0.44078098508464
2006-10-03,2.22353805020281,19.3314053019764,1.593,,14.3768708668211,,,0.432527804365302
2006-10-04,2.26286348351948,19.7339957667965,1.638,,14.5937286955385,,,0.475016401401893
2006-10-05,2.24635280540943,19.7198697855747,1.666,,14.6660146384443,,,0.461566773562972
2006-10-06,2.22804096241464,19.6845548325203,1.6295,,14.6097922384064,,,0.472723851202077
2006-10-09,2.24034892246032,19.5786099733571,1.669,,14.8989360100296,,,0.503138350519638
2006-10-10,2.21573300236897,19.5574210015245,1.631,,15.0515396672752,,,0.491675599520557
2006-10-11,2.19832174181655,19.4514761423613,1.6455,,14.9230313243316,,,0.494426659760336
2006-10-12,2.25926115375001,19.9317595039011,1.6775,,15.2523339531247,,,0.496413536600177
2006-10-13,2.25205649421108,20.0377043630643,1.666,,15.3165881245965,,,0.516129468318595
2006-10-16,2.26346387181439,20.0942082879513,1.63,,15.2523339531247,,,0.515212448238669
2006-10-17,2.23014232144683,20.0871452973405,1.6235,,14.9631901815015,,,0.495496516520251
2006-10-18,2.23734698098576,20.1436492222275,1.6155,,15.0515396672752,,,0.482352562041305
2006-10-19,2.37123357075091,19.9812004381773,1.627,,15.1559526959169,,,0.491522762840569
2006-10-20,2.40005220890664,20.0800823067296,1.6285,,15.2443021816907,,,0.485867805681023
2006-10-23,2.44538152517241,20.0942082879513,1.644,,15.3808422960683,,,0.48265823540128
2006-10-24,2.43307356512674,19.9741374475664,1.6815,,15.1720162387849,,,0.496719209960152
2006-10-25,2.45198579641644,19.995326419399,1.884,,14.9551584100675,,,0.501304310359785
2006-10-26,2.46729569793666,20.0235783818425,1.915,,15.0354761244073,,,0.51719932507851
2006-10-27,2.41386113968959,20.0165153912317,1.912,,14.5375062955006,,,0.4948851698003
2006-10-30,2.41416133383704,20.1507122128384,1.9075,,14.8748406957277,,,0.500845800319821
2006-10-31,2.43397414756911,20.2778460438342,1.9045,,14.8346818385578,,,0.532941503117247
2006-11-01,2.37633687125765,20.348475949943,1.878,,14.8346818385578,,,0.491828436200545
2006-11-02,2.37093337660345,20.3202239874995,1.8725,,14.6740464098782,,,0.488466029240815
2006-11-03,2.35021998042902,20.2919720250559,1.873,,14.2804896096133,,,0.49824757676003
2006-11-06,2.3928475493677,20.3696649217756,1.9105,,14.5375062955006,,,0.513378408078816
2006-11-07,2.41686308116414,20.4473578184953,1.9385,,14.6178240098404,,,0.521173078758191
2006-11-08,2.47510074577051,20.4685467903279,1.9735,,14.746332352784,,,0.528814912757578
2006-11-09,2.50181802489405,20.6663105274325,1.942,,14.8909042385957,,,0.539360643676732
2006-11-10,2.49521375365003,20.6521845462108,1.963,,15.0836667530111,,,0.526369525877774
2006-11-13,2.53213763378705,20.7298774429305,1.9995,,15.4049376103703,,,0.550212047955861
2006-11-14,2.55165025337166,20.7146920131171,2.0755,,15.3969058389363,,,0.55571416843542
2006-11-15,2.52313180936339,20.6377963775756,2.13,,15.3567469817664,,,0.546543967636155
2006-11-16,2.56996209636644,20.8858468148061,2.142,,15.3406834388984,,,0.553574454915591
2006-11-17,2.57716675590537,20.83623672736,2.1275,,15.6298272105217,,,0.555102821715469
2006-11-20,2.59577879304761,21.1835073394827,2.122,,15.6458907533896,,,0.560299268835052
2006-11-21,2.65972014645563,21.204768805531,2.127,,15.6458907533896,,,0.551587578075751
2006-11-22,2.71105334567052,21.204768805531,2.148,,15.7904626392012,,,0.561063452234991
2006-11-24,2.75067897313465,21.0913743199399,2.1205,,15.7422720105974,,,0.56519004259466
2006-11-27,2.68793839631645,20.8929339701555,2.0425,,15.1961115530868,,,0.539666317036707
2006-11-28,2.75608246778885,20.8291495720106,2.046,,15.1800480102189,,,0.549753537915898
2006-11-29,2.75578227364139,20.9567183683005,2.0315,,15.3808422960683,,,0.557853881955248
2006-11-30,2.75157955557701,20.8078881059622,2.017,,15.3005245817285,,,0.565342879274647
2006-12-01,2.74137295456353,20.6377963775756,1.9705,,15.1077620673131,,,0.543181560676425
2006-12-04,2.73536907161442,20.7866266399139,1.955,,15.48525532471,,,0.56519004259466
2006-12-05,2.73987198382625,20.6448835329251,1.949,,15.147920924483,,,0.559382248755126
2006-12-06,2.69664402659266,20.5456633580329,1.945,,14.3608073239531,,,0.558618065355187
2006-12-07,2.61288985945258,20.4464431831407,1.906,,14.0556000094619,,,0.545168437516266
2006-12-08,2.64951354544215,20.83623672736,1.923,,14.2965531524813,,,0.543334397356413
2006-12-11,2.66422305866747,20.9354569022522,1.9345,,14.5134109811987,,,0.552657434835665
2006-12-12,2.58587238618158,20.8574981934083,1.923,,14.4491568097269,,,0.547002477676119
2006-12-13,2.67322888309113,20.9425440576016,1.925,,14.4732521240288,,,0.553421618235604
2006-12-14,2.65821917571836,21.3110761357726,1.951,,14.4732521240288,,,0.563203165754819
2006-12-15,2.63330306147955,21.3961219999659,2.0005,,14.2001718952735,,,0.573137549954022
2006-12-18,2.56575937830207,21.1835073394827,1.963,,14.384902638255,,,0.583071934153225
2006-12-19,2.59097568668833,21.2543788929771,1.971,,13.7343291521028,,,0.591477951552551
2006-12-20,2.54444559383273,21.3252504464715,2.0005,,13.7343291521028,,,0.58475313763309
2006-12-21,2.48860948240601,21.2472917376277,1.9945,,13.7343291521028,,,0.579709527193495
2006-12-22,2.46759589208412,21.0063284557466,2.012,,13.7423609235368,,,0.565954225994598
2006-12-26,2.44688249590969,21.2543788929771,1.99,,13.7584244664047,,,0.565801389314611
2006-12-27,2.44718269005715,21.2756403590254,2.0145,,13.7343291521028,,,0.57329038663401
2006-12-28,2.42767007047254,21.2472917376277,2.0105,,13.8146468664426,,,0.569163796274341
2006-12-29,2.54684714701237,21.1622458734343,1.973,,13.7664562378387,,,0.565648552634623
2007-01-03,2.515626955677,21.1622458734343,1.935,,14.0636317808959,,,0.551434741395763
2007-01-04,2.57146306710372,21.1268100966871,1.945,,14.2001718952735,,,0.548836517835971
2007-01-05,2.55315122410894,21.0063284557466,1.9185,,14.1680448095376,,,0.51444826483873
2007-01-08,2.56575937830207,21.2118559608804,1.875,,14.3447437810851,,,0.518269181838424
2007-01-09,2.77889722299546,21.2331174269288,1.889,,14.3126166953492,,,0.508181960959233
2007-01-10,2.91188323031824,21.0205027664455,1.8575,,14.2724578381793,,,0.533247176477222
2007-01-11,2.87585993262359,21.7575669227875,1.87,,13.9672505236882,,,0.531260299637381
2007-01-12,2.84043702322384,22.119011845609,1.91,,14.0556000094619,,,0.538443623596805
2007-01-16,2.9148851717928,22.0835760688618,1.933,,13.8949645807824,,,0.539360643676732
2007-01-17,2.85034343008987,22.0410531367652,1.894,,14.0716635523299,,,0.528050729357639
2007-01-18,2.67382927138604,21.9701815832708,1.849,,13.7503926949707,,,0.484339438881146
2007-01-19,2.65671820498108,22.0481402921146,1.851,,13.8708692664804,,,0.487235693966913
2007-01-22,2.60538500576619,21.7717412334864,1.8475,,13.654011437763,,,0.487243335800913
2007-01-23,2.57266384369354,21.7859155441853,1.8215,,13.7503926949707,,,0.4873961724809
2007-01-24,2.60268325843909,22.0339659814157,1.863,,13.7664562378387,,,0.502527003799687
2007-01-25,2.58917452180359,21.5803880390514,1.854,,13.6379478948951,,,0.484950785601097
2007-01-26,2.56305763097497,21.6866953692931,1.8425,,13.7744880092727,,,0.480977031921415
2007-01-29,2.57986850323247,21.637085281847,1.8715,,13.8708692664804,,,0.461261100202997
2007-01-30,2.56816093148171,21.6016495050998,1.8525,,13.7825197807067,,,0.470125627642286
2007-01-31,2.57356442613591,21.8709614083786,1.8835,,13.7825197807067,,,0.468444424162421
2007-02-01,2.54384520553781,21.6583467478953,1.935,,13.6941702949329,,,0.474405054681942
2007-02-02,2.54414539968527,21.3961219999659,1.8695,,13.9913458379901,,,0.486784825760949
2007-02-05,2.51982967374138,20.9850669896983,1.858,,13.7825197807067,,,0.494732333120312
2007-02-06,2.52613375083794,20.9141954362039,1.9135,,13.670074980631,,,0.512308551318902
2007-02-07,2.58617258032904,20.8149752613117,1.949,,13.5817254948572,,,0.532330156397296
2007-02-08,2.58707316277141,20.7370165524678,1.955,,13.4210900661776,,,0.525452505797847
2007-02-09,2.49971666586186,20.5385762026834,1.936,,13.4130582947437,,,0.499011760159968
2007-02-12,2.54804792360219,20.5102275812857,1.9425,,13.3728994375738,,,0.510016001119086
2007-02-13,2.54264442894799,20.6307092222262,1.9655,,13.3488041232718,,,0.519644711958313
2007-02-14,2.56065607779532,20.9080610525146,2.007,,13.4692806947815,,,0.512767061358865
2007-02-15,2.55795433046822,20.9507305648667,2.003,,13.5817254948572,,,0.51582379495862
2007-02-16,2.54654695286491,20.4386964166419,2.0165,,13.4130582947437,,,0.500081616919883
2007-02-20,2.57866772664265,20.50270068517,2.0755,,13.6379478948951,,,0.504513880639527
2007-02-21,2.67773179530296,20.8725031255546,2.063,,13.8146468664426,,,0.497024883320128
2007-02-22,2.68703781387408,20.9009494671226,2.05,,13.8708692664804,,,0.50023445359987
2007-02-23,2.67382927138604,20.5524817829141,2.039,,13.5094395519514,,,0.499011760159968
2007-02-26,2.66122111719291,20.6733787345783,2.043995,,13.5094395519514,,,0.491369926160582
2007-02-27,2.51952947959392,19.8199884875368,1.9415,,13.0837556659506,,,0.476544768201771
2007-02-28,2.53994268162089,20.0333360492972,1.957,,13.1962004660262,,,0.473793707961992
2007-03-01,2.61349024774749,19.9764433661611,1.9425,,13.4692806947815,,,0.467985914122457
2007-03-02,2.56395821341733,19.7417610482247,1.8845,,13.4210900661776,,,0.4549947963235
2007-03-05,2.59127287889431,19.5923466391385,1.8525,,13.1480098374224,,,0.439588858980736
2007-03-06,2.64741218640996,19.7915421459688,1.929,,13.5576301805553,,,0.465540527242654
2007-03-07,2.63330306147955,19.6350872673445,1.918,,13.2443910946301,,,0.452396572763708
2007-03-08,2.6417084976083,19.4288512909762,1.905,,13.4050265233097,,,0.471042647722212
2007-03-09,2.64080791516594,19.4004049494081,1.942,,13.3568358947058,,,0.466304710642592
2007-03-12,2.69784480318248,19.5141903156803,1.9405,,13.7102338378009,,,0.463553650402813
2007-03-13,2.65371626350652,19.0021561674555,1.891,,13.3728994375738,,,0.443990555364382
2007-03-14,2.7017473270994,19.4857439741123,1.904,,13.5576301805553,,,0.441850841844554
2007-03-15,2.68883897875882,19.4004049494081,1.889,,13.4291218376116,,,0.43741857812491
2007-03-16,2.68943936705373,19.4359628763682,1.8925,,13.4130582947437,,,0.433291987765241
2007-03-19,2.73566926576187,19.7915421459688,1.9225,,13.7985833235746,,,0.435431701285069
2007-03-20,2.74617606092281,19.7986537313608,1.929,,14.0957588666318,,,0.433291987765241
2007-03-21,2.81792246216468,20.2822415380176,1.99,,14.5937286955385,,,0.458051529923254
2007-03-22,2.82062420949178,20.1044519032173,1.9745,,14.8507453814258,,,0.468138750802445
2007-03-23,2.80741566700373,19.926662268417,1.949,,14.6499510955763,,,0.462942303682862
2007-03-26,2.87736090336086,20.0688939762573,1.9505,,14.770427667086,,,0.463859323762788
2007-03-27,2.8656533316101,19.7133147066567,1.9685,,14.8507453814258,,,0.455147633003487
2007-03-28,2.79901023087498,19.6564220235206,1.967,,14.5937286955385,,,0.446435942244186
2007-03-29,2.81432013239521,19.7346494628327,1.9905,,14.5856969241045,,,0.438641271564811
2007-03-30,2.78910382400895,19.8199884875368,1.9895,,14.5616016098025,,,0.439863965004713
2007-04-02,2.81131819092066,19.7275378774407,2.021,,14.5696333812365,,,0.43940545496475
2007-04-03,2.83683469345437,19.8199884875368,2.0595,,14.746332352784,,,0.437724251484885
2007-04-04,2.8299302280629,20.2680183672336,2.0765,,14.9069677814636,,,0.436807231404959
2007-04-05,2.84223818810857,20.3035762941936,2.084,,14.9953172672374,,,0.472265341162114
2007-04-09,2.81131819092066,20.3177994649777,2.083,,14.9149995528976,,,0.463706487082801
2007-04-10,2.82932983976798,20.1969025133135,2.093,,15.139889153049,,,0.458968550003181
2007-04-11,2.77949761129037,19.9906665369451,2.084,,14.9310630957656,,,0.450715369283843
2007-04-12,2.76748984539215,20.2964647088016,2.1135,,15.0194125815393,,,0.463553650402813
2007-04-13,2.70895198663833,20.3462458065457,2.1205,,14.9631901815015,,,0.467374567402506
2007-04-16,2.74467509018554,20.4315848312499,2.26,,15.1800480102189,,,0.464929180522703
2007-04-17,2.71225412226034,20.516923855954,2.2535,,15.1720162387849,,,0.469361444242347
2007-04-18,2.71375509299762,20.3391342211537,2.2495,,15.0435078958412,,,0.475169238081881
2007-04-19,2.7098525690807,20.4031384896818,2.232,,15.0676032101432,,,0.481741215321354
2007-04-20,2.73086615940258,20.6378208076182,2.2475,,15.2603657245587,,,0.4873961724809
2007-04-23,2.80711547285628,20.4671427582099,2.2385,,15.2121750959548,,,0.479448665121538
2007-04-24,2.79901023087498,20.4742543436019,2.2375,,15.115793838747,,,0.497483393360091
2007-04-25,2.8622911571586,20.6164860514422,2.8405,,15.1800480102189,,,0.506042247439405
2007-04-26,2.96711895345005,20.6947134907543,3.14,,15.2202068673888,,,0.512307022952102
2007-04-27,2.99953992137525,21.4200952007395,3.13005,,15.3406834388984,,,0.505430900719454
2007-04-30,2.99593759160578,21.2920866636833,3.0665,,15.0997302958791,,,0.502679840479674
2007-05-01,2.98603118473975,21.4716541948316,3.05925,,14.9310630957656,,,0.508029124279245
2007-05-02,3.01364904630566,21.7685628849481,3.059,,15.147920924483,,,0.502068493759723
2007-05-03,3.01394924045311,22.0245799590605,3.1095,,15.2764292674266,,,0.511544367918963
2007-05-04,3.02625720049879,21.733004957988,3.1615,,15.2844610388606,,,0.515212448238669
2007-05-07,3.11961758035744,21.8396787388682,3.041,,15.3005245817285,,,0.50497239067949
2007-05-08,3.15383971316737,21.8681250804362,3.0915,,15.2202068673888,,,0.508793307679184
2007-05-09,3.20847504800427,21.8893887207584,3.1425,,15.123825610181,,,0.511085857879
2007-05-10,3.22228397878722,21.747228128772,3.046,,14.8507453814258,,,0.50160998371976
2007-05-11,3.26431115943099,21.9676872759244,3.078,,15.2443021816907,,,0.537068093476916
2007-05-14,3.28292319657323,22.0245799590605,3.085,,15.2121750959548,,,0.531718809677345
2007-05-15,3.22768747344142,22.0459147152365,3.029,,15.131857381615,,,0.526980872597725
2007-05-16,3.22228397878722,22.1672029191715,3.161,,15.2523339531247,,,0.533705686517185
2007-05-17,3.28532474975287,22.1029915170883,3.1085,,15.3005245817285,,,0.524841159077897
2007-05-18,3.30273601030529,21.9959725136163,3.165,,15.4611600104081,,,0.535234053317063
2007-05-21,3.36157406320657,22.1529337187086,3.415,,15.517382410446,,,0.536915256796928
2007-05-22,3.40840435020962,21.8960881103757,3.444,,15.5575412676159,,,0.539819153716695
2007-05-23,3.38889173062502,21.8176075078295,3.45,,15.3888740675023,,,0.525452505797847
2007-05-24,3.32284901818481,21.5250888983394,3.4675,,15.0595714387092,,,0.506500757479368
2007-05-25,3.41080590338927,21.7462615055149,3.4275,,15.4531282389741,,,0.51444826483873
2007-05-29,3.43272007615352,21.9674341126904,3.4815,,15.509350639012,,,0.519950385318289
2007-05-30,3.56540588932884,22.1957413200974,3.493,,15.5977001247857,,,0.521173078758191
2007-05-31,3.63808289242782,21.896159456378,3.457,,15.5655730390498,,,0.52941097580953
2007-06-01,3.55429870587299,21.824742108061,3.429,,15.7904626392012,,,0.533094339797234
2007-06-04,3.64225559107745,21.9139246109544,3.521,,15.7984944106352,,,0.535998236717001
2007-06-05,3.68248160683649,21.8176075078295,3.6825,,15.6458907533896,,,0.551893251435726
2007-06-06,3.71160043913967,21.610704101117,3.6145,,15.5414777247479,,,0.556019841795395
2007-06-07,3.72447876806551,21.1326858856086,3.601995,,15.0435882135556,,,0.550059211275873
2007-06-08,3.73711694167338,21.4394736955617,3.662,,15.3085563531625,,,0.558618065355187
2007-06-11,3.60803345826752,21.4180698948673,3.5585,,15.4290329246722,,,0.560604942195027
2007-06-12,3.61373714706918,21.2967816909324,3.5035,,15.131857381615,,,0.554797148355493
2007-06-13,3.527281232602,21.6820501034317,3.5444,,15.501318867578,,,0.568093939514427
2007-06-14,3.56480550103393,21.7747999064407,3.597,,15.7743990963333,,,0.578181160393617
2007-06-15,3.61733947683864,21.7533961057463,3.62,,15.9510980678808,,,0.604469069351508
2007-06-18,3.75512859052071,21.7676653062093,3.5915,,15.8948756678429,,,0.604774742711484
2007-06-19,3.71220082743458,21.7319923050519,3.4905,,15.9671616107487,,,0.608595659711177
2007-06-20,3.64885986232147,21.4109352946359,3.455,,15.6860496105595,,,0.609207006431128
2007-06-21,3.71940548697351,21.5607618994967,3.4835,,15.8065261820692,,,0.656892050587303
2007-06-22,3.69238801370252,21.0399360825995,3.443,,15.5736048104838,,,0.666673598106518
2007-06-25,3.67257519997045,21.0399360825995,3.433,,15.6458907533896,,,0.649097379907928
2007-06-26,3.59182297430493,21.0613398832939,3.374,,15.3888740675023,,,0.618988553950344
2007-06-27,3.65906646333496,21.3110508913953,3.407,,15.8145579535032,,,0.635647752069007
2007-06-28,3.61914064172338,21.2825124904694,3.4445,,15.9430662964468,,,0.641761219268517
2007-06-29,3.66356937554679,21.0256668821366,3.4205,,15.8306214963711,,,0.631368325029351
2007-07-02,3.64015423204526,21.2183010883862,3.4805,,15.9992886964847,,,0.657656233987242
2007-07-03,3.81756897319146,21.4180698948673,3.4725,,16.1197652679943,,,0.658726090747156
2007-07-05,3.98507730747162,21.3966660941729,3.4365,,16.4570996682214,,,0.665756578026592
2007-07-06,3.97156857083612,21.38239689371,3.4485,,16.3848137253156,,,0.668966148306334
2007-07-09,3.91243332572886,21.3110508913953,3.603495,,16.1920512109001,,,0.688376406664777
2007-07-10,3.9730695415734,20.925782478896,3.514,,15.8386532678051,,,0.695101220584238
2007-07-11,3.97427031816322,21.0399360825995,3.5365,,16.0474793250885,,,0.692044486984483
2007-07-12,4.02469993299427,21.4537428960247,3.6395,,16.4651314396554,,,0.705396299348212
2007-07-13,4.13457399290445,21.275377890238,3.755,,16.3848137253156,,,0.70106185110376
2007-07-16,4.1456811763603,21.4252044950988,3.6845,,16.224178296636,,,0.713747295542742
2007-07-17,4.16999390036272,21.9602281664566,3.6895,,16.3687501824477,,,0.710745583147783
2007-07-18,4.14628156465522,22.0601839156995,3.666,,16.3928454967496,,,0.697699444144029
2007-07-19,4.20271806437685,22.4811253293561,3.6675,,16.5454491539952,,,0.696935260744091
2007-07-20,4.31529086967266,22.2314143212547,3.5815,,16.5534809254292,,,0.689293426744704
2007-07-23,4.31378989893538,22.2528181219491,3.587,,16.6900210398068,,,0.696171077344152
2007-07-24,4.04931585308562,21.9745687129219,3.4625,,16.5774959220168,,,0.677775654540828
2007-07-25,4.12046486797404,21.9103573108386,4.308995,,16.5293856111272,,,0.674621105465881
2007-07-26,4.38283455285014,21.3895314939415,4.2005,,16.0715746393905,,,0.677983512425611
2007-07-27,4.31829281114721,20.9686614262872,4.201995,,15.7583355534653,,,0.676302308945746
2007-07-30,4.24564582746298,20.9757246805163,4.135,,15.7262084677294,,,0.695254057264226
2007-07-31,3.95535808687352,20.6832060710261,3.927,,15.3567469817664,,,0.699380647623895
2007-08-01,4.0526209906491,20.9043786782016,3.8655,,15.8948756678429,,,0.694184200504312
2007-08-02,4.09734991861997,21.0613398832939,3.9855,,16.1358288108623,,,0.691127466904557
2007-08-03,3.95805683225915,20.661873616334,3.839995,,15.7904626392012,,,0.650167236667843
2007-08-06,4.06012584433549,21.0756090837569,3.95,,16.1277970394283,,,0.655669357147401
2007-08-07,4.05352457503294,21.0827436839883,3.957,,15.8065261820692,,,0.666062251386567
2007-08-08,4.02290177005101,21.4038006944044,3.889,,16.224178296636,,,0.696782424064103
2007-08-09,3.79415382968993,20.9043786782016,3.7055,,16.1358288108623,,,0.705035604783441
2007-08-10,3.75242684319361,20.483437264545,3.739005,,16.0555110965225,,,0.672328555266065
2007-08-13,3.8361810103337,20.4263604626933,3.7435,,15.8386532678051,,,0.664992394626653
2007-08-14,3.72330801089043,20.2408608566751,3.6725,,15.5414777247479,,,0.690821793544581
2007-08-15,3.59932782799131,20.1191436177068,3.619,,15.4049376103703,,,0.661629987666923
2007-08-16,3.5137724959665,19.911508327702,3.6395,,15.3728105246344,,,0.650625746707806
2007-08-17,3.6641697638417,20.2265411815024,3.751,,15.5414777247479,,,0.688987753384728
2007-08-20,3.66897287020099,20.2337010190887,3.735,,15.3487152103324,,,0.686236693144949
2007-08-21,3.82957673908967,20.0976641049476,3.8745,,15.4772235532761,,,0.72337600638197
2007-08-22,3.97787264793269,20.2050616687432,3.925,,15.517382410446,,,0.739882367820645
2007-08-23,3.9346446906991,20.2623403694342,3.865,,15.5575412676159,,,0.733616063941148
2007-08-24,4.06162681507277,20.6274920863392,3.9625,,16.0153522393526,,,0.737436980940842
2007-08-27,3.97006760009884,20.3983772835753,3.9325,,15.9510980678808,,,0.754096179059505
2007-08-28,3.80706217803051,19.9974263787384,3.811,,15.5495094961819,,,0.708092338383196
2007-08-29,4.0250031290832,20.469975659439,3.9525,,16.1679558965982,,,0.748288385219971
2007-08-30,4.09014525908104,20.3697379332298,3.934,,16.23221006807,,,0.744008958180314
2007-08-31,4.15708855396361,20.5702133856482,3.9955,,16.2884324681079,,,0.781912454817274
2007-09-04,4.32759882971833,20.6274920863392,4.135,,16.6418304112029,,,0.806060650255337
2007-09-05,4.10545516060127,20.3912174459889,4.1875,,16.6498621826369,,,0.799947183055827
2007-09-06,4.05292118479656,20.6990904622029,4.3105,,16.4972585253913,,,0.803462426695545
2007-09-07,3.95565828102098,20.3625780956434,4.226,,16.1920512109001,,,0.774117784137899
2007-09-10,4.10395418986399,20.3912174459889,4.167,,16.2000829823341,,,0.776257497657727
2007-09-11,4.06733050387442,20.7134101373757,4.314,,16.4330043539195,,,0.792763462714669
2007-09-12,4.10815690792837,20.7134101373757,4.365,,16.4972585253913,,,0.761584795586504
2007-09-13,4.11866370308931,20.8780864018622,4.363,,16.4249725824855,,,0.761814050491858
2007-09-14,4.16699496082965,20.7921683508258,4.3885,,16.1197652679943,,,0.739347069767151
2007-09-17,4.15498719493142,20.566633466855,4.3455,,16.0796064108244,,,0.737742285429672
2007-09-18,4.23033592594275,20.7134101373757,4.4375,,16.6498621826369,,,0.802392168739544
2007-09-19,4.22583001178945,20.52725436013,4.45,,16.7382116684107,,,0.787717562247824
2007-09-20,4.21202408294797,20.3483300188465,4.4825,,16.8988470970902,,,0.783134756689795
2007-09-21,4.32729863557088,20.5128630865814,4.565,,17.6498177261672,,,0.790700168566482
2007-09-24,4.45127881846999,20.8208077011713,4.6295,,17.5012299546386,,,0.810874600237647
2007-09-25,4.59837395072318,21.1644083069413,4.673995,,17.6217065261483,,,0.821193363527638
2007-09-26,4.58606599067751,21.1215208797989,4.6715,,17.4851664117706,,,0.840677737933688
2007-09-27,4.63799957818731,21.1143610422125,4.669,,17.3727216116949,,,0.843201834441637
2007-09-28,4.60707958099939,21.0928815294534,4.6575,,17.3887851545629,,,0.830819777003459
2007-10-01,4.69320528190437,21.3149080930068,4.6705,,17.6458018404502,,,0.865893484973591
2007-10-02,4.75657626643222,21.2647176315264,4.618,,17.5495009009568,,,0.857585287203557
2007-10-03,4.74066897855856,21.0875116512636,4.62275,,17.3225230402326,,,0.821193363527638
2007-10-04,4.69023335984456,21.2718774691127,4.613,,17.4771346403367,,,0.824859149464251
2007-10-05,4.8466315087274,21.3649553577356,4.6715,,17.8135052279917,,,0.846636072923842
2007-10-08,5.04055992992512,21.3649553577356,4.7925,,18.079517497885,,,0.860393659794145
2007-10-09,5.03905895918784,21.5510395366054,4.766185,,18.1397557836399,,,0.845290346629413
2007-10-10,5.0069381854101,21.6441890236041,4.733,,18.4088201266781,,,0.846179855662187
2007-10-11,4.8700496541704,21.4150742208402,4.467,,18.0393586407151,,,0.808582051184106
2007-10-12,5.02085818802761,21.6012299980859,4.6185,,18.0233754155615,,,0.828297973044563
2007-10-15,5.01264187421176,21.508152109463,4.5265,,17.72611955479,,,0.834258600583771
2007-10-16,5.09069235255019,21.7086275618815,4.4765,,17.4691028689027,,,0.841824012460458
2007-10-17,5.18585389729357,22.2527752184458,4.5275,,17.2602768116192,,,0.90647389577033
2007-10-18,5.20836845835274,22.3100539191368,4.4925,,17.2120861830154,,,0.905786131054268
2007-10-19,5.11590866093645,21.6012299980859,4.488,,16.6659257255048,,,0.857184091119187
2007-10-22,5.23418515503391,21.8446644760225,4.5645,,17.0273554400339,,,0.897762209366872
2007-10-23,5.58841424903139,22.1238981418911,5.041,,17.2281497258833,,,0.902118052568601
2007-10-24,5.58150978363991,22.3744924574141,4.4365,,17.0112918971659,,,0.871627150156499
2007-10-25,5.48694862719143,22.9043204388057,4.4105,,16.8667200113543,,,0.795514521578919
2007-10-26,5.54458590350288,25.0809110650629,4.5,,17.1478320115435,,,0.788636874418294
2007-10-29,5.55629347525365,24.7515585360898,4.505,,17.4851664117706,,,0.770067227084608
2007-10-30,5.61363055741765,25.467542294727,4.412,,17.3727216116949,,,0.798265580443169
2007-10-31,5.70218783091702,26.3553621554372,4.4575,,17.8064372691298,,,0.811103855143002
2007-11-01,5.62683909990569,26.5343580950965,4.3825,,17.4771346403367,,,0.811103855143002
2007-11-02,5.63974744824627,26.5343580950965,4.299,,17.6939924690541,,,0.842282522271167
2007-11-05,5.5890146373263,26.2980834547462,4.2185,,17.72611955479,,,0.842282522271167
2007-11-06,5.75742355404883,26.0689686519823,4.3635,,18.3365341837723,,,0.868876091292249
2007-11-07,5.59261396515429,25.4317431067952,4.35219,,17.7502148690919,,,0.827610208328501
2007-11-08,5.26739563356691,24.8732757750581,4.179,,16.3446548681457,,,0.775741285992123
2007-11-09,4.96431061647142,24.1501321788345,3.9445,,15.5495094961819,,,0.764794364261462
2007-11-12,4.6157852112756,23.8995378633115,3.85,,15.6137636676537,,,0.688452480778529
2007-11-13,5.10209973015349,24.7515585360898,3.993,,16.4811949825233,,,0.74920503069738
2007-11-14,4.98652498338313,24.3708758308046,3.9255,,16.2081147537681,,,0.737513030524318
2007-11-15,4.93218984269369,24.2487700574112,3.8925,,16.4008772681836,,,0.727655069594089
2007-11-16,4.99493041951188,24.4857989116454,3.93,,16.7060845826747,,,0.743932167874234
2007-11-19,4.92168304753274,24.3924239084622,3.959,,16.4892267539573,,,0.693725343601674
2007-11-20,5.06877817978593,24.8377508467204,4.0195,,16.617735096901,,,0.688452480778529
2007-11-21,5.05707060803517,24.5863566073811,3.988,,16.23221006807,,,0.681116323807196
2007-11-23,5.14953040545146,24.5001642967505,4.0715,,16.3125277824098,,,0.692808323980257
2007-11-26,5.17960685708503,23.6813373457597,4.065175,,15.8225897249371,,,0.676760480605467
2007-11-27,5.24769389166941,23.7459815787327,4.2795,,15.9751933821827,,,0.705875853585444
2007-11-28,5.41009892544283,24.2056739020959,4.515,,16.4731632110894,,,0.7531023640884
2007-11-29,5.53227794345721,24.1266642840179,4.4575,,16.4490678967874,,,0.759292246532963
2007-11-30,5.47013775493392,24.1338469765704,4.528,,16.2081147537681,,,0.723069971487006
2007-12-03,5.36927252138888,23.645423882997,4.5455,,16.256305382372,,,0.733615697133297
2007-12-04,5.39779096539715,23.5376834947087,4.7205,,16.0876381822584,,,0.732927932417235
2007-12-05,5.56860143529932,24.5288950669607,4.6595,,17.0434189829018,,,0.770984246706025
2007-12-06,5.7022718852783,24.8162027690627,4.7105,,17.2040544115814,,,0.786573580270107
2007-12-07,5.83277228506015,24.8018373839576,4.7155,,16.97916481143,,,0.776715619339878
2007-12-10,5.83007053773305,24.9670393126663,4.651,,17.3807533831289,,,0.785198050837982
2007-12-11,5.65987246389169,24.492981604198,4.5375,,16.9229424113922,,,0.786105900263185
2007-12-12,5.72950549833547,24.7587412286423,4.564,,17.1638955544115,,,0.813167149291189
2007-12-13,5.75862433063865,25.2974431700836,4.62,,17.356658068827,,,0.790929423471836
2007-12-14,5.71539637340506,25.3620874030566,4.454,,17.0273554400339,,,0.803996953077023
2007-12-17,5.53558007907922,24.7012796882219,4.2545,,16.8185293827504,,,0.762960325018629
2007-12-18,5.49295251014054,24.9526739275612,4.3445,,17.0675142972038,,,0.782446991973732
2007-12-19,5.49715522820492,24.9885873903239,4.469,,16.6739574969388,,,0.789783148945065
2007-12-20,5.61993463451421,25.5129239466602,4.529,,17.7502148690919,,,0.806289502130564
2007-12-21,5.82106471330939,25.9007893444979,4.563,,18.2401529265646,,,0.80606024722521
2007-12-24,5.96785965141512,26.2742893572305,4.5505,,18.2803117837345,,,0.820274051357168
2007-12-26,5.97236256362696,26.2958374348882,4.6425,,18.47307429815,,,0.831278286814167
2007-12-27,5.96095518602365,25.8361451115249,4.7125,,18.5052013838859,,,0.805601737414502
2007-12-28,5.99877964860304,25.9438854998132,4.7225,,18.448978983848,,,0.797577815727107
2007-12-31,5.94624567279833,25.5703854870806,4.632,,18.1357398979229,,,0.779925188014837
2008-01-02,5.84898276902275,25.2974431700836,4.8125,,18.0634539550171,,,0.756770442574067
2008-01-03,5.85168451634985,25.4051835583719,4.7605,,18.5614237839237,,,0.750809815034859
2008-01-04,5.40499562493608,24.6940969956694,4.4395,,17.6939924690541,,,0.687764716062466
2008-01-07,5.33264883539931,24.859298924378,4.441,,17.8706914406016,,,0.616695695402678
2008-01-08,5.14082477517525,24.0261065882822,4.394,,16.987196582864,,,0.629763225007865
2008-01-09,5.38548300535148,24.7371931509847,4.261,,17.356658068827,,,0.662317421568155
2008-01-10,5.34405621300262,24.6581835329066,4.213,,17.4128804688648,,,0.648562127246906
2008-01-11,5.18405273240884,24.3565104456995,4.054,,16.9470377256941,,,0.62013451898299
2008-01-14,5.36687096820924,24.7012796882219,4.1435,,17.718087783356,,,0.661400401946738
2008-01-15,5.07448186858759,24.4211546786724,4.012,,17.1157049258076,,,0.612798362011657
2008-01-16,4.79229936997943,23.868087352126,4.0175,,17.6036350404218,,,0.543563380594702
2008-01-17,4.82982363841136,23.7818950414954,4.006,,17.1960226401474,,,0.534163929475182
2008-01-18,4.84393276334177,23.7100681159699,3.988,,17.332562754525,,,0.569469184899722
2008-01-22,4.67222171099723,22.9774334756097,3.924,,16.240241839504,,,0.54287561587864
2008-01-23,4.17486004749298,22.9343373202944,3.6985,,16.5534809254292,,,0.550899537566035
2008-01-24,4.07063263949643,23.8824527372311,3.8835,,16.5534809254292,,,0.5930824401512
2008-01-25,3.90282411106881,23.6597892681021,3.88,,16.2884324681079,,,0.571990988858618
2008-01-28,3.90282411106881,23.501770031946,3.791,,16.2723689252399,,,0.565113341697993
2008-01-29,3.9487538156295,23.4155777213153,3.6975,,16.1197652679943,,,0.582536714504909
2008-01-30,3.96796624106666,23.1282700192133,3.7105,,16.2804006966739,,,0.577493106587117
2008-01-31,4.0634279799575,23.4155777213153,3.885,,16.5052902968253,,,0.563737812265868
2008-02-01,4.01509672221717,21.8711551686659,3.7315,,16.609703325467,,,0.615780968330315
2008-02-04,3.95205595125151,21.6845488161506,3.6975,,16.224178296636,,,0.596521263731512
2008-02-05,3.88331149148421,20.8800872502649,3.6045,,15.4691114641278,,,0.559152714158785
2008-02-06,3.66236859895697,20.4850391598746,3.4245,,15.8065261820692,,,0.557318674915952
2008-02-07,3.63955384375035,20.1977314577726,3.5455,,15.4210011532382,,,0.562820792644451
2008-02-08,3.76683616227148,20.5137699300849,3.675,,15.4129693818042,,,0.572908008480034
2008-02-11,3.88601323881131,20.2623756907456,3.7595,,15.6137636676537,,,0.574742047722868
2008-02-12,3.74822412512924,20.3557506939287,3.7225,,15.5896683533518,,,0.596062753920804
2008-02-13,3.88451226807403,20.8010776321869,3.8865,,15.7904626392012,,,0.619446754266928
2008-02-14,3.82627460346766,20.4706737747695,3.79,,15.3326516674645,,,0.518345341005745
2008-02-15,3.74131965973776,20.4132122343491,3.648,,15.3326516674645,,,0.510550674223704
2008-02-19,3.66777209361117,20.3126545386134,3.604,,15.2764292674266,,,0.502985262347017
2008-02-20,3.71700393379387,20.34870823854,3.682,,15.6057318962197,,,0.49931718386135
2008-02-21,3.64855966817401,20.2621793587163,3.495,,15.1720162387849,,,0.488083693498997
2008-02-22,3.58611928550327,19.9593282793333,3.604,,15.1800480102189,,,0.511696948750475
2008-02-25,3.59452472163203,20.0747001190983,3.6635,,15.2362704102567,,,0.511467693845121
2008-02-26,3.57681326693215,20.4640800783049,3.5845,,15.4290329246722,,,0.51582353704685
2008-02-27,3.69118723711269,20.3775511984812,3.5435,,15.4129693818042,,,0.523847458734245
2008-02-28,3.89982216959426,20.139596778966,3.3925,,15.5896683533518,,,0.504131536873788
2008-02-29,3.75302723148853,19.6131406526387,3.2235,,15.0997302958791,,,0.490376242552538
2008-03-03,3.65426335697567,19.4617872203471,3.1215,,15.2202068673888,,,0.484644869918684
2008-03-04,3.74101946559031,19.8944316194655,3.267,,14.8105865242559,,,0.479830516906247
2008-03-05,3.73711393973191,20.276528731287,3.249505,,15.0996499781648,,,0.485330342085693
2008-03-06,3.63024782517923,19.8800101394949,3.137,,15.4450964675402,,,0.454841732222644
2008-03-07,3.66987345264335,20.0963323390542,3.2045,,15.2603657245587,,,0.448193339967374
2008-03-10,3.59302375089475,20.2261256587897,3.1735,,15.48525532471,,,0.422516790567708
2008-03-11,3.82297546978713,21.1130466769827,3.3575,,15.6714317865497,,,0.436501339794312
2008-03-12,3.78334684038153,20.6443485779376,3.3255,,15.8065261820692,,,0.424580084715896
2008-03-13,3.84068392254553,20.6371378379523,3.416,,15.9350345250128,,,0.451632163547686
2008-03-14,3.80075810093395,20.161228998922,3.411,,15.6780178391255,,,0.419994986608813
2008-03-17,3.80436043070341,20.4063941584224,3.3265,,15.48525532471,,,0.409449260962521
2008-03-18,3.98717866650381,21.213997036777,3.585,,16.0796064108244,,,0.434896555456833
2008-03-19,3.89261751005533,20.6371378379523,3.5085,,15.7100646071471,,,0.404864162855438
2008-03-20,4.0006874031393,21.0409392771296,3.6595,,16.1277970394283,,,0.424580084715896
2008-03-24,4.18860893944644,21.0337285371443,3.7975,,16.6819892683728,,,0.459197575424373
2008-03-25,4.23213709082749,21.0120963171883,3.7585,,16.9309741828261,,,0.465845967679644
2008-03-26,4.35461630298933,20.5938733980405,3.69,,16.8185293827504,,,0.450944398831624
2008-03-27,4.21022291806324,20.2261256587897,3.54,,15.6057318962197,,,0.444525261481707
2008-03-28,4.29307650276095,20.1251752989954,3.488,,15.5575412676159,,,0.451173653736978
2008-03-31,4.30778601598627,20.4640800783049,3.565,,15.7101449248614,,,0.453695457695873
2008-04-01,4.4888060888434,21.2716108492596,3.835,,16.3928454967496,,,0.481435301243726
2008-04-02,4.42756348082101,21.026517797159,3.8685,,16.4570996682214,,,0.46676298730106
2008-04-03,4.55124346957267,20.911145957394,3.747,,16.609703325467,,,0.458051300897602
2008-04-04,4.59537200924863,21.026517797159,3.8435,,16.3446548681457,,,0.430540712255104
2008-04-07,4.67972656468362,21.026517797159,3.845,,16.248273610938,,,0.440857182996041
2008-04-08,4.5881673497097,20.7308774577613,3.865,,15.9992886964847,,,0.438335379037145
2008-04-09,4.54614016906593,20.8318278175556,3.7195,,16.240241839504,,,0.447047065440603
2008-04-10,4.63950054892458,20.9904640972324,3.7415,,16.4249725824855,,,0.455758751844061
2008-04-11,4.41705668566007,20.3919726784518,3.5995,,15.9350345250128,,,0.42480933962125
2008-04-14,4.43626911109722,20.233336398775,3.6305,,15.9510980678808,,,0.410595535489292
2008-04-15,4.45428075994455,20.3703404584959,3.625,,16.2081147537681,,,0.41540988850173
2008-04-16,4.61398404639087,20.8750922574675,3.7295,,16.6819892683728,,,0.431916241687229
2008-04-17,4.63769938403985,21.0697822370708,3.702,,17.0273554400339,,,0.425955614148021
2008-04-18,4.8343265506232,21.6322199559248,4.005,,17.5092617260726,,,0.436042829983603
2008-04-21,5.0480647836115,21.9350710353078,4.009,,17.4771346403367,,,0.455529496938707
2008-04-22,4.80911024223694,21.8124884555576,3.98,,17.4931981832046,,,0.447047065440603
2008-04-23,4.88986246790246,22.6777772537945,4.05,,17.5976112118463,,,0.468597026543894
2008-04-24,5.07147992711303,22.9301531532803,3.8845,,17.6779289261861,,,0.45736353618154
2008-04-25,5.09519526476202,21.5096373761746,4.043,,17.340594525959,,,0.461948634288623
2008-04-28,5.17054399577335,20.9039352174087,4.0985,,17.2763403544872,,,0.453695457695873
2008-04-29,5.25489855120834,20.6515593179229,4.037,,17.4771346403367,,,0.463094908815394
2008-04-30,5.22187719498823,20.5650304380992,3.9315,,16.7462434398446,,,0.471118830502789
2008-05-01,5.4034946541988,21.1995755568063,3.968,,17.5253252689405,,,0.492898046511434
2008-05-02,5.43171290405962,21.0842037170414,3.8655,,17.2763403544872,,,0.516282046857558
2008-05-05,5.54548648594525,20.9688318772765,3.796,,17.3084674402231,,,0.503443772157725
2008-05-06,5.60342395640416,21.4158977563656,3.7855,,17.2683085830532,,,0.516511301762912
2008-05-07,5.48124493838978,21.0625714970855,3.659,,16.8586882399203,,,0.504590046684496
2008-05-08,5.55539289281128,21.1058359369973,3.6395,,16.9470377256941,,,0.503214517252371
2008-05-09,5.50706163507095,21.192364816821,3.6205,,16.8667200113543,,,0.516511301762912
2008-05-12,5.64845307852248,21.6250092159395,3.7265,,17.2763403544872,,,0.501838987820246
2008-05-13,5.70248802506447,21.5529018160865,3.728,,17.4048486974309,,,0.491522517079309
2008-05-14,5.59141619050594,21.6614624363824,3.71,,17.4931981832046,,,0.505965576116621
2008-05-15,5.695583559673,22.0378782938218,3.806,,17.5654841261104,,,0.545168164932181
2008-05-16,5.63224559650136,21.7048866845008,3.823,,17.4128804688648,,,0.559611223969493
2008-05-19,5.51156454728278,21.3213058261218,4.1145,,18.0152633264132,,,0.547919223796431
2008-05-20,5.58060920119754,20.8146895980741,4.036,,17.7984054976958,,,0.533705419664474
2008-05-21,5.34915951350936,20.4455834890679,3.915,,17.6779289261861,,,0.529349576462745
2008-05-22,5.31493738069944,20.6048057321686,3.963,,17.9188820692055,,,0.542187851162577
2008-05-23,5.4386173694511,20.30083599534,3.9175,,17.6538336118842,,,0.529808086273453
2008-05-27,5.59651949101268,20.5830936081094,4.031,,18.1999940693947,,,0.535539458907307
2008-05-28,5.6139307515651,20.3949218662631,4.004,,18.3044070980364,,,0.540583066825098
2008-05-29,5.60432453884653,20.4890077371863,4.0175,,18.3044070980364,,,0.539207537392973
2008-05-30,5.66616453322236,20.4962451118727,4.081,,18.3445659552063,,,0.566259616224764
2008-06-02,5.58661308414665,20.1199016281801,4.0115,,18.2160576122626,,,0.568552165278305
2008-06-03,5.5646989113824,19.7652702685467,4.0055,,18.4007883552441,,,0.549294753228556
2008-06-04,5.5592954167282,19.9317298863338,4.075,,18.4007883552441,,,0.555713890578473
2008-06-05,5.68657773524933,20.4817703624999,4.2255,,18.6176461839616,,,0.569698439805076
2008-06-06,5.5728041533637,19.8955430129018,4.0315,,18.0393586407151,,,0.551587302282098
2008-06-09,5.45182591193914,20.0547652560025,3.9715,,18.1116445836209,,,0.543104870783994
2008-06-10,5.5728041533637,20.1850380003577,3.981,,18.071485726451,,,0.511009184034412
2008-06-11,5.4278103801427,19.6277601495052,3.864,,17.72611955479,,,0.48716667387758
2008-06-12,5.2011637988138,20.4383461143815,3.8075,,17.5574523546764,,,0.490146987647184
2008-06-13,5.17444651969027,21.0390482133524,3.9585,,18.1758987550928,,,0.488542203309705
2008-06-16,5.30863330360287,20.9377249677428,4.085,,18.4248836695461,,,0.481893811054435
2008-06-17,5.44642241728494,20.8436390968197,4.1485,,18.095581040753,,,0.470201810881373
2008-06-18,5.36597038576687,20.5975683574822,4.126,,18.0232950978472,,,0.456446516560123
2008-06-19,5.4305121274698,20.9377249677428,4.213,,18.2321211551306,,,0.455300242033353
2008-06-20,5.26150282245236,20.4311087396951,4.055,,17.7502148690919,,,0.453007692979811
2008-06-23,5.19816185733925,20.2429369978488,4.034,,17.734151326224,,,0.443608241860291
2008-06-24,5.20086360466635,20.0692400053753,3.982,,17.8546278977336,,,0.458280555802957
2008-06-25,5.32514398171292,20.5179572359319,4.0255,,18.1116445836209,,,0.460802359761852
2008-06-26,5.05106672508606,20.0837147547481,3.815,,17.2040544115814,,,0.437189104510374
2008-06-27,5.10600225407041,19.9968662585114,3.733,,17.0996413829397,,,0.442003457522812
2008-06-30,5.02645080499471,19.9100177622746,3.6665,,16.8667200113543,,,0.429165182822979
2008-07-01,5.24379136775248,19.4468257823453,3.681,,17.1157049258076,,,0.429852947539041
2008-07-02,5.04866517190642,18.7303256883921,3.572,,16.7221481255427,,,0.413346594353542
2008-07-03,5.10690283651278,18.8026994352561,3.6,,16.6498621826369,,,0.28633937678734
2008-07-07,5.25820068683035,18.8388863086881,3.6245,,16.9390059542601,,,0.277398435478528
2008-07-08,5.38998591756331,18.7086135643329,3.752,,17.332562754525,,,0.275793651141049
2008-07-09,5.2308830194119,18.2598963337764,3.5305,,16.9550694971281,,,0.270979298128612
2008-07-10,5.3023292265063,18.4191185768771,3.5315,,17.0996413829397,,,0.270291533412549
2008-07-11,5.18075059678683,18.2743710831492,3.427,,16.8345929256184,,,0.267540474548299
2008-07-14,5.21977583595605,18.2019973362852,3.314,,16.4249725824855,,,0.255389964564529
2008-07-15,5.09249351743492,18.9257348049248,3.3515,,16.2643371538059,,,0.258141023428779
2008-07-16,5.18765506217831,19.7290833951147,3.592,,16.4169408110515,,,0.259516552860904
2008-07-17,5.15763564743276,19.917255136961,3.6055,,16.7542752112786,,,0.26043357248232
2008-07-18,4.9577063452274,18.7158509390193,3.456,,17.0112918971659,,,0.265018670589404
2008-07-21,4.99192847803733,18.5566286959186,3.424,,16.9390059542601,,,0.266623454926883
2008-07-22,4.86374557707383,18.672426690901,3.3985,,17.340594525959,,,0.260892082293029
2008-07-23,4.99102789559496,19.1283812961439,3.527,,17.2683085830532,,,0.26868674907507
2008-07-24,4.77398752698464,18.4118812021907,3.936,,16.8265611541844,,,0.252868160605633
2008-07-25,4.86674751854839,18.9329721796112,3.9155,,16.8265611541844,,,0.265018670589404
2008-07-28,4.63499763671275,18.4553054503091,3.799,,16.6418304112029,,,0.264330905873341
2008-07-29,4.71544966823082,18.8967853061792,3.9105,,17.2120861830154,,,0.267081964737591
2008-07-30,4.79950402951836,18.983633802416,3.9105,,17.1157049258076,,,0.26318463134657
2008-07-31,4.771585973805,18.6145276934098,3.817,,17.2924038973552,,,0.262267611725154
2008-08-01,4.70284151403769,18.4118812021907,3.7875,,17.2683085830532,,,0.248512317403904
2008-08-04,4.59987492146046,18.2960832072084,3.7855,,17.0675142972038,,,0.242551689864696
2008-08-05,4.82231878472498,18.9691590530432,3.9555,,17.8385643548657,,,0.2565362390913
2008-08-06,4.92888770707168,19.5553864026412,3.9045,,18.3606294980743,,,0.263413886251925
2008-08-07,4.91027566992943,19.8231692660379,3.8475,,18.2722800123005,,,0.25928729795555
2008-08-08,5.08979177010782,20.3587349928312,4.0255,,18.8907264127168,,,0.252180395889571
2008-08-11,5.21016962323747,20.1922753750441,4.4045,,18.5373284696218,,,0.257453258712717
2008-08-12,5.30533116798086,20.3514976181448,4.3625,,18.3927565838102,,,0.25378518022705
2008-08-13,5.38248106387692,20.1995127497305,4.3345,,18.4811060695839,,,0.281066513964194
2008-08-14,5.38308145217183,20.1995127497305,4.4015,,18.6256779553955,,,0.298031376960402
2008-08-15,5.27561194738277,20.1271390028665,4.32,,18.5212649267538,,,0.297114357338985
2008-08-18,5.26510515222182,20.0402905066298,4.1555,,18.2883435551685,,,0.303074984878193
2008-08-19,5.2092690407951,19.8521187647835,4.0645,,18.1196763550549,,,0.307660082985277
2008-08-20,5.27861388885732,19.8303192200198,4.1065,,18.1999940693947,,,0.322790906738651
2008-08-21,5.23208379600172,19.7503875558863,4.163,,17.9108502977715,,,0.31224518109236
2008-08-22,5.30713233286559,20.2299775406871,4.263,,18.2321211551306,,,0.312015926187005
2008-08-25,5.17985001434447,20.0991802721051,4.1425,,17.8385643548657,,,0.307430828079922
2008-08-26,5.21257117641711,19.8157861901773,4.088,,17.7903737262618,,,0.300094671108589
2008-08-27,5.24349117360503,20.0265151228928,4.0865,,17.9429773835074,,,0.302387220162131
2008-08-28,5.21557311789167,20.3026426898993,4.171,,18.1839305265267,,,0.30124094563536
2008-08-29,5.08919138181291,19.8303192200198,4.0405,,17.6136747547143,,,0.289778200367652
2008-09-02,4.98892653656277,19.6922554365165,4.0705,,17.3084674402231,,,0.282442043396319
2008-09-03,5.01204148591685,19.5469251380921,4.0385,,17.0193236685999,,,0.267311219642945
2008-09-04,4.8397300452774,19.1472668174248,3.9015,,16.0073204679186,,,0.263643141157279
2008-09-05,4.80850985394202,18.6386107729391,3.9595,,16.1197652679943,,,0.267540474548299
2008-09-08,4.74066597661708,18.9801369742366,4.058,,15.4691917818421,,,0.2565362390913
2008-09-09,4.55334482860486,18.9656039443942,3.952,,15.3969058389363,,,0.247824552687842
2008-09-10,4.55124346957267,19.2126654517158,3.837,,15.3888740675023,,,0.248053807593196
2008-09-11,4.58246366090804,19.8666517946259,3.9755,,15.5414777247479,,,0.23613255251478
2008-09-12,4.47109163220205,20.0701142124202,3.915,,15.7503037820313,,,0.233610748555884
2008-09-15,4.21352505368525,19.4887930187223,3.867,,15.2683974959926,,,0.213207061979365
2008-09-16,4.19911573460738,18.8856722802607,3.9365,,15.2282386388227,,,0.219855454234635
2008-09-17,3.83738178692352,17.8538271614469,3.577,,14.5375062955006,,,0.229254905354155
2008-09-18,4.02530332323065,18.3552166910114,3.825,,15.0595714387092,,,0.249658591930675
2008-09-19,4.2300357317953,18.2825515417991,4.05,,16.1197652679943,,,0.261579847009091
2008-09-22,3.93404430240419,18.4569478999085,3.7465,,15.862748582107,,,0.256077729280592
2008-09-23,3.80766256632542,18.4860139595934,3.588,,15.8145579535032,,,0.248741572309259
2008-09-24,3.8637988718996,18.6894763773876,3.498,,16.0233840107866,,,0.257911768523425
2008-09-25,3.96046138738027,19.3361962053766,3.604,,16.4410361253535,,,0.262955376441216
2008-09-26,3.84968974696919,19.9102508841532,3.535,,16.5615126968631,,,0.267998984359008
2008-09-29,3.15984359611648,18.1735538179808,3.1675,,15.0756349815772,,,0.231547454407697
2008-09-30,3.41200667997909,19.3943283247464,3.638,,16.3125277824098,,,0.2455320036343
2008-10-01,3.2757185370343,19.2417315114007,3.479,,15.9510980678808,,,0.238654356473676
2008-10-02,3.00494341602945,19.0746016682125,3.368,,15.6539225248236,,,0.213894826695427
2008-10-03,2.91398458935043,19.1254672726611,3.35,,15.6458907533896,,,0.207017179534802
2008-10-06,2.94610536312817,18.1008886687685,3.2615,,14.6981417241802,,,0.179965100703012
2008-10-07,2.67653101871314,16.8801141620029,2.926,,13.4773124662155,,,0.165980551476408
2008-10-08,2.69544325000284,16.720250833736,3.051,,13.5576301805553,,,0.169419375056721
2008-10-09,2.66392286452001,16.2043282743291,2.8,,13.0195014944787,,,0.158644394505076
2008-10-10,2.90587934736913,15.6230070806312,2.8125,,13.3969947518757,,,0.15612259054618
2008-10-13,3.30994066984422,18.5296130491207,3.101,,15.147920924483,,,0.184550198810095
2008-10-14,3.12442068671673,17.5123009601494,2.793,,14.2082036667075,,,0.18042361051372
2008-10-15,2.94040167432652,16.4659228114932,2.436,,12.8106754371953,,,0.160936943558617
2008-10-16,3.05867816842398,17.5776995944404,2.5145,,13.645979666329,,,0.1765262771227
2008-10-17,2.92389099621646,17.3887702064886,2.5325,,13.670074980631,,,0.175380002595929
2008-10-20,2.95511118755183,17.9628248852653,2.6485,,14.5856969241045,,,0.178818826176241
2008-10-21,2.74647625507027,16.9745788559788,2.5115,,14.2082036667075,,,0.165063531854992
2008-10-22,2.90798070640132,15.6448066253949,2.4995,,13.7905515521406,,,0.15887364941043
2008-10-23,2.94880711045527,16.2188613041716,2.516,,13.6138525805931,,,0.149932708101618
2008-10-24,2.893271193176,15.9572667670075,2.448,,13.0114697230447,,,0.151537492439097
2008-10-27,2.7644879039176,15.390478603152,2.479,,12.6661035513837,,,0.159790669031846
2008-10-28,2.99923972722779,16.785649468027,2.802,,14.1519812666697,,,0.183862434094033
2008-10-29,3.13852981164714,16.7129843188148,2.8445,,13.8869328093484,,,0.189823061633241
2008-10-30,3.33335581334575,16.4441232667295,2.8355,,14.7142052670481,,,0.197846983320636
2008-10-31,3.22978883247361,16.2261278190928,2.862,,14.6901099527462,,,0.20082729709024
2008-11-03,3.21087660118391,16.4368567518083,2.7885,,14.7222370384821,,,0.193491140118907
2008-11-04,3.33185484260847,17.0981096096396,2.9225,,15.1800480102189,,,0.205870905008032
2008-11-05,3.1010055432152,16.0444649460622,2.599,,14.3126166953492,,,0.195095924456386
2008-11-06,2.9749240012839,15.1724831555153,2.361,,13.5335348662533,,,0.174692237879866
2008-11-07,2.94910730460272,15.6230070806312,2.4605,,14.0796953237639,,,0.199910277468824
2008-11-10,2.87826148580323,15.4776767822067,2.423,,14.1037906380658,,,0.187072002768991
2008-11-11,2.84493993543567,15.4050116329945,2.315,,13.8869328093484,,,0.178818826176241
2008-11-12,2.70534965686887,14.7510252900843,2.078,,13.2283275517622,,,0.16827310052995
2008-11-13,2.89507235806074,15.4413442076006,2.2465,,14.2322989810094,,,0.182028394851199
2008-11-14,2.70895198663833,14.576628931975,2.0875,,13.5736937234232,,,0.164375767138929
2008-11-17,2.64591121567268,14.0389068278044,1.9845,,13.1801369231583,,,0.160936943558617
2008-11-18,2.6990455797723,14.351366969417,1.922,,13.670074980631,,,0.155664080735471
2008-11-19,2.59037529839342,13.3785169149153,1.792,,12.8508342943652,,,0.142825806035639
2008-11-20,2.41626269286923,12.8226025980571,1.7515,,12.3689280083265,,,0.135260394158952
2008-11-21,2.47900326968743,14.3952549418006,1.8935,,13.1560416088564,,,0.146264629615951
2008-11-24,2.79030460059877,15.1340358102568,2.125,,13.3648676661398,,,0.155893335640826
2008-11-25,2.72576285889584,14.6220094657822,2.1095,,12.8347707514972,,,0.160249178842555
2008-11-26,2.85184440082715,14.9877425689783,2.198,,12.9632790944409,,,0.174462982974512
2008-11-28,2.78189916447002,14.7902466932524,2.135,,12.923120237271,,,0.171253414299554
2008-12-01,2.66962655332166,13.6125861009608,2.0235,,12.4251504083643,,,0.156581100356888
2008-12-02,2.77589528152091,14.0075778524126,2.0595,,12.6821670942516,,,0.165292786760346
2008-12-03,2.87886187409814,14.5342335210151,2.2605,,12.9552473230069,,,0.17377521825845
2008-12-04,2.74407470189063,13.978319204157,2.366,,12.4010550940624,,,0.162312472990742
2008-12-05,2.8218249860816,14.5342335210151,2.413,,13.1078509802525,,,0.168731610340658
2008-12-08,2.99353603842614,15.3681049963023,2.5705,,13.6861385234989,,,0.163229492612159
2008-12-09,3.00374263943962,15.0682038516815,2.5625,,13.6058208091591,,,0.179048081081595
2008-12-10,2.94820672216036,15.0755185137454,2.485,,13.9672505236882,,,0.196012944077803
2008-12-11,2.85184440082715,14.2270177143303,2.4125,,13.2202957803282,,,0.187759767485053
2008-12-12,2.95000788704509,14.161185755755,2.5625,,13.5255030948194,,,0.197159218604574
2008-12-15,2.84433954714076,13.9271165697095,2.4425,,13.2122640088942,,,0.190740081254657
2008-12-16,2.86475274916773,14.7097854105493,2.6315,,13.8708692664804,,,0.20357835595449
2008-12-17,2.67653101871314,14.3806256176727,2.659,,13.4451853804796,,,0.213665571790073
2008-12-18,2.68463626069444,14.1172977833715,2.604,,13.3407723518379,,,0.193949649929615
2008-12-19,2.7017473270994,13.9856338662209,2.578,,14.2804896096133,,,0.19532517936174
2008-12-22,2.57386462028336,14.0295218386044,2.492,,14.0716635523299,,,0.183862434094033
2008-12-23,2.59307704572052,14.1026684592436,2.554,,13.8949645807824,,,0.181340630135137
2008-12-24,2.55285102996148,14.0222071765405,2.572,,13.9110281236503,,,0.176984786933408
2008-12-26,2.57596597931555,13.9929485282848,2.589,,13.9993776094241,,,0.172170433920971
2008-12-29,2.59998151111199,13.8685992731981,2.47,,13.8307104093105,,,0.17767255164947
2008-12-30,2.59037529839342,14.1465564316272,2.538,,14.3206484667832,,,0.183862434094033
2008-12-31,2.5621570485326,14.2197030522664,2.564,,14.2403307524434,,,0.185008708620803
2009-01-02,2.72426188815856,14.8707079759556,2.718,,14.7864912099539,,,0.199681022563469
2009-01-05,2.83923624663402,15.0096865551701,2.703,,14.5294745240666,,,0.203349101049136
2009-01-06,2.79240595963096,15.1852384447043,2.868,,14.770427667086,,,0.210272599190831
2009-01-07,2.73206693599241,14.2709056867139,2.81,,14.1760765809716,,,0.197617728415282
2009-01-08,2.78279974691238,14.7171000726132,2.858,,14.1519812666697,,,0.192574120497491
2009-01-09,2.71915858765182,14.2782203487778,2.7755,,13.9431552093862,,,0.181799139945845
2009-01-12,2.66152131134037,14.2416470384582,2.596,,13.6941702949329,,,0.174462982974512
2009-01-13,2.63300286733209,14.4976602106955,2.5725,,13.7664562378387,,,0.175380002595929
2009-01-14,2.56155666023769,13.9636898800291,2.4245,,13.1399780659884,,,0.167585335813888
2009-01-15,2.50301880148387,14.073409810988,2.572,,13.276518180366,,,0.173545963353096
2009-01-16,2.47149841600104,14.4171989279923,2.5795,,13.5817254948572,,,0.18317466937797
2009-01-20,2.34751823310192,13.5174954941298,2.422,,12.931152008705,,,0.165292786760346
2009-01-21,2.48650812337382,14.1758150798829,2.527,,13.5656619519892,,,0.173316708447741
2009-01-22,2.6525154869167,12.5153867913723,2.497,,13.3728994375738,,,0.170107139772783
2009-01-23,2.6525154869167,12.5812187499477,2.5315,,13.4773124662155,,,0.176755532028054
2009-01-26,2.690940337791,12.8957492186963,2.4815,,13.6218843520271,,,0.182716159567262
2009-01-27,2.72366149986365,12.9176932048881,2.422,,13.8789010379144,,,0.193491140118907
2009-01-28,2.82782886903071,13.1956503633172,2.518,,14.3286802382172,,,0.201515061806303
2009-01-29,2.79180557133605,12.8664905704407,2.5,,14.1278859523677,,,0.189823061633241
2009-01-30,2.70564985101632,12.5080721293084,2.941,,13.5174713233854,,,0.182257649756554
2009-02-02,2.74707664336518,13.0420424599748,3.0575,,13.5736937234232,,,0.192115610686782
2009-02-03,2.79120518304114,13.5321248182577,3.1795,,13.6941702949329,,,0.194408159740324
2009-02-04,2.8083162494461,13.6272154250887,3.053,,13.8226786378766,,,0.199910277468824
2009-02-05,2.89567274635565,13.9271165697095,3.159,,14.1519812666697,,,0.214582591411489
2009-02-06,2.99353603842614,14.3806256176727,3.3275,,14.4330932668589,,,0.226274591584551
2009-02-09,3.07729020556622,14.2197030522664,3.3355,,14.4973474383307,,,0.223294277814947
2009-02-10,2.93679934455705,13.7515646801753,3.1655,,14.1198541809337,,,0.213665571790073
2009-02-11,2.90647973566405,14.0514658247962,3.2177,,14.2965531524813,,,0.186842747863637
2009-02-12,2.98002730179064,14.0880391351158,3.198,,14.0957588666318,,,0.190740081254657
2009-02-13,2.97672516616863,13.9636898800291,3.163,,14.2322989810094,,,0.190510826349303
2009-02-17,2.83773527589674,13.3273142804678,3.0835,,13.6218843520271,,,0.179506590892304
2009-02-18,2.83293216953745,13.349415962525,3.1175,,13.8467739521785,,,0.184320943904741
2009-02-19,2.72095975253655,13.1947041881248,3.0975,,13.5174713233854,,,0.170107139772783
2009-02-20,2.73777062479406,13.2610092342963,3.193,,13.300613494668,,,0.174462982974512
2009-02-23,2.61018811212548,12.6789982734578,3.0855,,12.7383894942895,,,0.166439061287117
2009-02-24,2.70925218078579,12.6495293640482,3.28,,13.2042322374602,,,0.181340630135137
2009-02-25,2.73656984820424,12.4948175896481,3.1855,,13.0435968087807,,,0.183403924283324
2009-02-26,2.67743160115551,12.0969873126192,3.117,,12.6741353228177,,,0.189364551822532
2009-02-27,2.68103393092497,11.8980721741048,3.2395,,12.4813728084022,,,0.189823061633241
2009-03-02,2.63990733272357,11.6328519894188,3.0995,,12.2082925796469,,,0.17377521825845
2009-03-03,2.65281568106416,11.6991570355903,3.085,,12.0556889224013,,,0.180652865419074
2009-03-04,2.73687004235169,11.8759704920476,3.2405,,12.0155300652314,,,0.193949649929615
2009-03-05,2.66692480599457,11.2497561670947,3.2385,,11.6701638935704,,,0.189364551822532
2009-03-06,2.56065607779532,11.2571233944471,3.0845,,11.6219732649665,,,0.192344865592136
2009-03-09,2.49491355950257,11.1613494388661,3.0245,,11.1240034360599,,,0.190281571443949
2009-03-10,2.66054568036114,12.1411906767335,3.2855,,12.1199430938732,,,0.207475689345511
2009-03-11,2.78219935861747,12.6053259999339,3.427,,12.3207373797226,,,0.213207061979365
2009-03-12,2.89237061073364,12.53165372641,3.479,,12.553658751308,,,0.225816081773843
2009-03-13,2.87976245654051,12.2664335417241,3.4315,,12.4974363512701,,,0.224669807247072
2009-03-16,2.86445255502028,11.9717444476286,3.349,,11.9673394366276,,,0.215958120843614
2009-03-17,2.9917348735414,12.4506142255338,3.5675,,12.3689280083265,,,0.22673310139526
2009-03-18,3.04757098496813,12.4948175896481,3.5625,,12.7142941799876,,,0.233840003461238
2009-03-19,3.05057292644268,12.6274276819911,3.505,,13.9511869808202,,,0.231088944596989
2009-03-20,3.04967234400031,12.568489863172,3.498,,13.7343291521028,,,0.21847992480251
2009-03-23,3.2318901915058,13.5041277369251,3.779,,14.6579828670103,,,0.234298513271947
2009-03-24,3.20697407726699,13.1652352787153,3.6315,,14.4170297239909,,,0.223294277814947
2009-03-25,3.1967674762535,13.1726025060677,3.62,,14.5294745240666,,,0.22787937592203
2009-03-26,3.29823309809346,13.8724891045444,3.6845,,15.0033490386714,,,0.242093180053988
2009-03-27,3.2075744655619,13.3567831898774,3.526,,14.4652203525948,,,0.239800631000447
2009-03-30,3.13672864676241,12.8779134119722,3.572,,14.1841083524056,,,0.224440552341718
2009-03-31,3.1556408780521,13.5335966463346,3.672,,14.5134109811987,,,0.226045336679197
2009-04-01,3.26281018869371,14.226116017459,3.675,,14.9230313243316,,,0.231776709313051
2009-04-02,3.38348823597082,14.2113815627542,3.817,,15.115793838747,,,0.242551689864696
2009-04-03,3.48195191633622,13.8135512857253,3.9085,,15.493287096144,,,0.259516552860904
2009-04-06,3.55579967661027,13.8209185130777,3.8995,,15.3888740675023,,,0.260204317576966
2009-04-07,3.45223269573812,13.8209185130777,3.7755,,14.929865264861,,,0.251263376268154
2009-04-08,3.49185832320225,14.1377092892304,3.849,,14.9540236228947,,,0.261579847009091
2009-04-09,3.58942142112528,14.4913362021449,3.9885,,15.3888740675023,,,0.276022906046403
2009-04-13,3.60893404070989,14.4323983833258,3.947,,15.348610137446,,,0.267081964737591
2009-04-14,3.55159695854589,14.2555849268685,3.861,,15.1956072032323,,,0.26868674907507
2009-04-15,3.53148395066637,13.8724891045444,3.7355,,14.9701291949172,,,0.261121337198383
2009-04-16,3.64585792084692,14.5576412483164,3.8625,,15.4452435695811,,,0.267769729453653
2009-04-17,3.70499616789565,14.1450765165827,3.9025,,15.348610137446,,,0.269603768696487
2009-04-20,3.61733947683864,13.7104101027919,3.8785,,15.155343273176,,,0.253326670416342
2009-04-21,3.65516393941804,13.9756302874778,3.937,,15.7270910799749,,,0.252638905700279
2009-04-22,3.64765908573165,13.8356529677825,3.96,,15.5821409317724,,,0.260204317576966
2009-04-23,3.76443460909183,13.9387941507159,4.0305,,15.8478828701437,,,0.256077729280592
2009-04-24,3.71940548697351,15.4048723938409,4.223,,15.9364635162674,,,0.2620383568198
2009-04-27,3.74432160121232,15.0291437988692,4.156,,15.9203579442449,,,0.252638905700279
2009-04-28,3.719465525803,14.682884113307,4.12,,15.8961995862112,,,0.253326670416342
2009-04-29,3.75662956125799,14.9186353885834,3.9895,,15.7834605820537,,,0.249429337025321
2009-04-30,3.77734295743242,14.9260026159358,4.026,,15.5740881457611,,,0.26318463134657
2009-05-01,3.81967033222364,14.911268161231,3.948,,15.5740881457611,,,0.267540474548299
2009-05-04,3.96466410544464,14.874432024469,3.9885,,15.2761350633448,,,0.281983533585611
2009-05-05,3.9838765308818,14.5797429303736,4.095,,15.3083462073898,,,0.270520788317903
2009-05-06,3.97757245378523,14.5797429303736,4.0995,,15.348610137446,,,0.265018670589404
2009-05-07,3.87430566706054,14.2334832448114,3.964,,14.8332318327259,,,0.245990513445009
2009-05-08,3.87820819097746,14.3071555183353,3.8975,,14.7527039726134,,,0.212060787452594
2009-05-11,3.88961556858077,14.2334832448114,3.9305,,14.9459708368835,,,0.216187375748969
2009-05-12,3.7350155826412,14.6534152038974,3.8965,,14.8010206886809,,,0.205870905008032
2009-05-13,3.58701986794564,14.550274020964,3.7095,,14.5513843223321,,,0.192574120497491
2009-05-14,3.69088704296524,14.778658068888,3.7555,,14.8654429767709,,,0.19532517936174
2009-05-15,3.6749767531501,14.8965337065262,3.68,,14.8332318327259,,,0.200368787279532
2009-05-18,3.80195887752377,15.1764883459169,3.7975,,15.2358711332885,,,0.212519297263302
2009-05-19,3.82597440932021,15.0586127082787,3.8935,,15.2761350633448,,,0.216645885559677
2009-05-20,3.77854373402224,15.1105133921576,3.8985,,15.251976705311,,,0.223065022909593
2009-05-21,3.72781092310226,14.6953079211267,3.798,,14.9540236228947,,,0.221689493477468
2009-05-22,3.67737830632974,14.6434072372479,3.782,,15.0184459109847,,,0.225128317057781
2009-05-26,3.92593906042289,15.0808558585125,3.9195,,15.3566629234573,,,0.237278827041551
2009-05-27,3.99408313189528,14.9251538068759,3.855,,15.2922406353673,,,0.237737336852259
2009-05-28,4.05472234968129,15.1624140760364,3.8825,,15.4694019276148,,,0.240946905527217
2009-05-29,4.076936716593,15.4886469461321,3.8995,,15.7754077960424,,,0.239112866284384
2009-06-01,4.18320544479224,15.8667805001066,4.1525,,16.0411497344137,,,0.250804866457446
2009-06-02,4.18740816285662,15.8667805001066,4.2465,,16.3874195328975,,,0.248741572309259
2009-06-03,4.23123650838512,16.1114551526783,4.284,,16.3793667468863,,,0.240946905527217
2009-06-04,4.3149906755252,16.185598986791,4.276,,16.5967919691901,,,0.249658591930675
2009-06-05,4.34290873123856,16.4154448725402,4.378,,16.6773198293026,,,0.24828306249855
2009-06-08,4.31829281114721,16.3487154218388,4.318,,16.8061644054826,,,0.246907533066425
2009-06-09,4.28437087248474,16.3709585720726,4.354,,16.9027978376177,,,0.26043357248232
2009-06-10,4.21022291806324,16.719434592402,4.3295,,16.7014781873364,,,0.26868674907507
2009-06-11,4.20121709363957,16.9270373279174,4.2845,,16.8625339075614,,,0.265247925494758
2009-06-12,4.11175923769783,17.2977564984807,4.204,,16.7900588334601,,,0.263872396062633
2009-06-15,4.08534215272175,17.3644859491821,4.159,,16.2827333147513,,,0.259516552860904
2009-06-16,4.09314720055559,17.3867290994158,4.1075,,15.8559356561549,,,0.252409650794925
2009-06-17,4.07003225120152,17.5572599178749,4.1325,,16.0572553064362,,,0.258599533239487
2009-06-18,4.07903807562519,17.4238010164722,4.07975,,16.306891672785,,,0.253555925321696
2009-06-19,4.18710796870916,17.8464208709143,4.148,,16.6370558992463,,,0.256306984185946
2009-06-22,4.12376700359605,17.2606845814243,3.9575,,16.08141366447,,,0.241863925148634
2009-06-23,4.02290177005101,17.3051708818919,3.884,,16.0008858043575,,,0.240717650621863
2009-06-24,4.08924467663867,17.4015578662384,3.9635,,17.1202230599215,,,0.248741572309259
2009-06-25,4.19851534631247,17.6388181353988,4.11,,17.4181761423378,,,0.261809101914445
2009-06-26,4.27596543635599,17.3125852653032,4.194,,17.104117487899,,,0.265247925494758
2009-06-29,4.26185631142558,17.6907188192777,4.1515,,17.3134899241915,,,0.265247925494758
2009-06-30,4.27566524220853,17.6239893685763,4.183,,17.2490676361015,,,0.258828788144841
2009-07-01,4.28767300810675,17.8241777206805,4.08,,17.5067567884615,,,0.259975062671612
2009-07-02,4.20331845267176,17.3274140321257,3.966,,16.9430617676739,,,0.249887846836029
2009-07-06,4.16099107788054,17.2013695141342,3.905,,16.6451086852576,,,0.241863925148634
2009-07-07,4.06462875654732,16.7046058255795,3.7815,,16.2505221707063,,,0.231318199502343
2009-07-08,4.11926409138422,16.7268489758133,3.868,,16.5645808251451,,,0.231776709313051
2009-07-09,4.09344739470305,16.6378763748781,3.905,,16.3632611748638,,,0.236820317230842
2009-07-10,4.15828933055344,16.6008044578218,3.8815,,16.5001585370551,,,0.237737336852259
2009-07-13,4.27296349488143,17.223612664368,4.0735,,16.7256365453701,,,0.240488395716509
2009-07-14,4.27086213584924,17.1346400634328,4.0975,,16.6529865796808,,,0.2455320036343
2009-07-15,4.40925163782622,17.8834927879706,4.2275,,17.3633417997544,,,0.255619219469883
2009-07-16,4.42846406326338,18.1207530571311,4.3055,,17.4682806390835,,,0.268916003980424
2009-07-17,4.55544618763705,18.0095373059621,4.2925,,17.5490028231827,,,0.276710670762466
2009-07-20,4.59023868932714,18.1874825078324,4.4115,,17.3633417997544,,,0.280149494342778
2009-07-21,4.54824152809812,18.4099140101704,4.4505,,17.7023749729714,,,0.274418121708924
2009-07-22,4.70524306721734,18.3876708599366,4.4395,,17.5570750415927,,,0.281295768869549
2009-07-23,4.73766403514253,18.9511639991927,4.6935,,17.9203248700394,,,0.298031376960402
2009-07-24,4.80268608748139,17.3867290994158,4.3245,,18.0252637093685,,,0.297114357338985
2009-07-27,4.80610830076238,17.1346400634328,4.212,,17.742736065021,,,0.29848988677111
2009-07-28,4.80310635928783,17.4015578662384,4.249,,17.9526137436791,,,0.298948396581819
2009-07-29,4.80400694173019,17.6462325188101,4.217,,17.7669527202508,,,0.292987769042611
2009-07-30,4.88686052642791,17.6536469022214,4.3045,,17.8718915595798,,,0.295280318096152
2009-07-31,4.90487217527524,17.4386297832947,4.288,,17.8638193411699,,,0.296426592622923
2009-08-03,4.99613119610171,17.6684756690439,4.372,,18.0010470541387,,,0.304450514310318
2009-08-04,4.96971411112562,17.6239893685763,4.29,,17.6700860993317,,,0.306513808458506
2009-08-05,4.95650556863758,17.6536469022214,4.2145,,17.3068362708849,,,0.307201573174568
2009-08-06,4.92048227094292,17.3941434828271,4.2235,,17.1211752474566,,,0.300782435824652
2009-08-07,4.9685133345358,17.4682873169398,4.266,,17.298764052475,,,0.314308475240547
2009-08-10,4.94479799688682,17.3644859491821,4.222,,17.1534641210963,,,0.30399200449961
2009-08-11,4.88806130301773,17.1494688302554,4.178,,17.1776807763261,,,0.296885102433631
2009-08-12,4.96250945158669,17.446044166706,4.298,,17.6620138809217,,,0.307889337890631
2009-08-13,5.05586983144535,17.5127736174073,4.23,,17.7508082834309,,,0.317059534104797
2009-08-14,5.00663799126265,17.5661571779684,4.179,,17.7265916282011,,,0.307660082985277
2009-08-17,4.79079839924215,17.2384414311905,4.053,,17.2745473972452,,,0.294821808285444
2009-08-18,4.92318401827002,17.5795030681087,4.106,,17.4198473286239,,,0.305596788837089
2009-08-19,4.94119566711735,17.6316898880734,4.15,,17.5812916968225,,,0.302157965256777
2009-08-20,4.99312925462715,17.6466004080633,4.2045,,17.7104471913813,,,0.314079220335193
2009-08-21,5.07988536324179,18.1982896476902,4.25,,17.8476749043501,,,0.319352083158338
2009-08-24,5.0750822568825,18.3697606275742,4.225,,18.0171914909585,,,0.310411141849526
2009-08-25,5.08528885789599,18.3697606275742,4.2095,,17.9445415252692,,,0.313162200713776
2009-08-26,5.02555022255234,18.3026632876196,4.2,,17.9203248700394,,,0.316830279199443
2009-08-27,5.08678982863326,18.407036927549,4.2155,,17.8880359963997,,,0.321186122401172
2009-08-28,5.10480147748059,18.399581667554,4.138,,17.8880359963997,,,0.337692475586671
2009-08-31,5.04956575434878,18.3772158875691,4.0595,,17.6620138809217,,,0.332878122574234
2009-09-01,4.96214921860974,17.8926239878969,3.958,,17.7104471913813,,,0.32164463221188
2009-09-02,4.95860692766977,17.7882503479675,3.907,,17.5732194784125,,,0.326229730318963
2009-09-03,4.99973352587117,17.9746318478414,3.923,,17.403702891804,,,0.334024397101004
2009-09-04,5.11260652531444,18.3548501075843,3.9435,,17.7346638466111,,,0.346404161990129
2009-09-08,5.19125739194777,18.5039553074834,4.045,,17.6620138809217,,,0.356032868015003
2009-09-09,5.13752263955324,18.4741342675036,4.112,,18.1786358591571,,,0.365890828945232
2009-09-10,5.18015020849192,18.6381499873926,4.1925,,18.3723691009954,,,0.377582829118294
2009-09-11,5.1681424425937,18.5337763474632,4.227,,18.4530912850946,,,0.374098154556911
2009-09-14,5.21497272959676,18.6381499873926,4.193,,18.3400802273556,,,0.367954123093419
2009-09-15,5.25820068683035,18.7872551872918,4.1775,,18.2916469168961,,,0.375519534970106
2009-09-16,5.45963095977298,18.7872551872918,4.535,,17.8638193411699,,,0.365432319134524
2009-09-17,5.54008299129105,18.8618077872413,4.522,,17.3714140181643,,,0.349384475759733
2009-09-18,5.55419211622146,18.8319867472615,4.514,,17.4521362022636,,,0.348925965949024
2009-09-21,5.52417270147591,18.8618077872413,4.528,,17.411775110214,,,0.347321181611545
2009-09-22,5.53798163225886,19.2122050070043,4.6875,,17.2826196156551,,,0.348008946327608
2009-09-23,5.56860143529932,19.1674734470346,4.619,,17.0565975001772,,,0.342506828599108
2009-09-24,5.5181688185268,19.3389444269186,4.6055,,17.0888863738169,,,0.337921730492025
2009-09-25,5.47464066714576,19.0481892871153,4.526,,16.8386476031091,,,0.332419612763525
2009-09-28,5.58817109177195,19.2569365669741,4.6105,,17.0888863738169,,,0.339985024640212
2009-09-29,5.56499910552986,19.1972944870144,4.586,,17.0485252817672,,,0.33379514219565
2009-09-30,5.56409852308749,19.1749287070295,4.668,,16.8225031662892,,,0.344570122747295
2009-10-01,5.4293083489385,18.5486868674531,4.552,,16.4350366826127,,,0.320039847874401
2009-10-02,5.55058978645199,18.6083289474128,4.4925,,16.4188922457929,,,0.317518043915505
2009-10-05,5.58433160862599,18.3697606275742,4.4335,,16.4592533378425,,,0.315913259578026
2009-10-06,5.70398899580175,18.7201578473372,4.5455,,16.5803366139914,,,0.321186122401172
2009-10-07,5.71119365534068,18.7127025873422,4.6985,,16.6045532692212,,,0.318664318442276
2009-10-08,5.68177462889004,19.1376524070547,4.761,,16.7902142926495,,,0.320727612590463
2009-10-09,5.7177979265847,19.0481892871153,4.7855,,16.7821420742396,,,0.324854200886838
2009-10-12,5.72800452759819,19.1749287070295,4.68,,16.7659587164052,,,0.321186122401172
2009-10-13,5.7042891899492,19.2420260469841,4.7415,,16.9197006158317,,,0.320039847874401
2009-10-14,5.74241384667605,19.3538549469085,4.873,,17.1462676255129,,,0.319581338063693
2009-10-15,5.7204996739118,19.9129994465303,4.8005,,17.2514594514363,,,0.310181886944172
2009-10-16,5.64515094290047,19.7564389866362,4.766,,17.6479517183783,,,0.303074984878193
2009-10-19,5.69948608358992,19.6520653467068,4.734,,18.1415441323265,,,0.314079220335193
2009-10-20,5.9666588748253,19.6595206067017,4.749,,17.9554355172313,,,0.314308475240547
2009-10-21,6.15157846965788,19.8160810665958,4.671,,17.8259686545563,,,0.30674306336386
2009-10-22,6.15998390578664,19.8235363265908,4.6725,,17.9554355172313,,,0.308806357512047
2009-10-23,6.12215944320725,20.8896385058697,5.9245,,17.8421520123907,,,0.301470200540714
2009-10-26,6.07833109767874,21.3816856655368,6.231995,,17.7936019388876,,,0.297572867149694
2009-10-27,5.92493188832899,21.3145883255822,6.1035,,17.6965017918814,,,0.287485651314111
2009-10-28,5.77573539704361,20.8896385058697,6.082,,17.2352760936019,,,0.275564396235695
2009-10-29,5.89431208528853,21.0387437057688,6.12885,,17.3566512773597,,,0.287714906219465
2009-10-30,5.65865967953597,20.6734359660159,5.9405,,17.0734425152582,,,0.27418886680357
2009-11-02,5.68297540547986,20.7852648659403,5.942,,17.0653508363411,,,0.276710670762466
2009-11-03,5.66616453322236,20.5243307661168,5.9185,,16.9035172579974,,,0.275335141330341
2009-11-04,5.72800452759819,20.9194595458495,5.855,,16.9116089369146,,,0.274647376614278
2009-11-05,5.82467004502033,21.2251252056427,6.0305,,17.2514594514363,,,0.281295768869549
2009-11-06,5.83397306164998,21.2624015056175,6.31,,17.3323762406081,,,0.301699455446068
2009-11-09,6.04771129463828,21.6127987253805,6.3335,,17.6641350762127,,,0.308577102606693
2009-11-10,6.09334080505152,21.6277092453704,6.5075,,17.6398600394611,,,0.301011690730006
2009-11-11,6.10144604703282,21.7097171053149,6.4955,,17.720776828633,,,0.30949412222811
2009-11-12,6.06362158445342,21.8886433451939,6.5265,,17.8340603334735,,,0.308577102606693
2009-11-13,6.13746934472747,22.0899353650577,6.6485,,18.0768107009891,,,0.310869651660235
2009-11-16,6.20291166887277,22.0228380251031,6.5795,,18.4733029679311,,,0.315225494861964
2009-11-17,6.21401885232862,22.4626983648056,6.5625,,18.4490279311795,,,0.314766985051255
2009-11-18,6.18279866099325,22.5450615921432,6.5645,,18.4490279311795,,,0.309952632038818
2009-11-19,6.01919285063001,22.2979719101304,6.4495,,18.117269095575,,,0.297572867149694
2009-11-20,6.00148139593014,22.1781708521847,6.483,,18.0768107009891,,,0.29573882790686
2009-11-23,6.18039710781361,22.417772968076,6.65,,18.2871943528358,,,0.298031376960402
2009-11-24,6.13716915058002,22.3953102697112,6.647,,17.9149771226454,,,0.296197337717569
2009-11-25,6.12966429689363,22.305459476252,6.7015,,18.2871943528358,,,0.299636161297881
2009-11-27,6.02159440380966,21.8786682073206,6.587,,17.8745187280595,,,0.293217023947965
2009-11-30,6.00118120178268,22.0209319636311,6.7955,,17.8664270491423,,,0.299406906392527
2009-12-01,5.91292412243077,22.4701859309272,6.925,,18.1577274901609,,,0.305367533931735
2009-12-02,5.89070975551906,22.2979719101304,7.1125,,18.3357444263389,,,0.314537730145901
2009-12-03,5.89821460920545,22.3354097407384,7.0585,,18.3195610685046,,,0.317059534104797
2009-12-04,5.80335325860952,22.4477232325624,6.879,,18.4733029679311,,,0.326917495035026
2009-12-07,5.67216841617147,22.305459476252,6.7105,,18.1900942058296,,,0.368871142714836
2009-12-08,5.69978627773737,22.1407330215767,6.7055,,17.7288685075501,,,0.350989260097212
2009-12-09,5.93784023666958,22.2455589472791,6.5655,,17.7612352232189,,,0.35970094650067
2009-12-10,5.89671363846817,22.3653600052248,6.769,,18.2791026739187,,,0.353281809150753
2009-12-11,5.84387946851601,22.3503848729816,6.7075,,18.4328445733452,,,0.34869671104367
2009-12-14,5.91322431657822,22.5450615921432,6.569,,18.8617035559559,,,0.359242436689961
2009-12-15,5.82886976114323,22.4776734970488,6.5115,,18.7419467079816,,,0.358783926879253
2009-12-16,5.8546864578244,22.5375740260216,6.418,,18.7079616565294,,,0.387670044953877
2009-12-17,5.75952491308102,22.1631957199415,6.3455,,18.513761362517,,,0.385836005711043
2009-12-18,5.86669422372262,22.7322507451833,6.424,,19.6951464844259,,,0.385606750805689
2009-12-21,5.95074858501016,22.8520518031289,6.6395,,19.7679715946805,,,0.399362045126939
2009-12-22,6.01468993841818,23.0766787867769,6.6875,,19.7922466314321,,,0.40990777077323
2009-12-23,6.06692372007543,23.151554447993,6.947,,20.010721962196,,,0.415639143407084
2009-12-24,6.27525845840954,23.2114549769658,6.9235,,20.1887388983741,,,0.414722123785667
2009-12-28,6.35240835430561,23.338743601033,6.9655,,20.2049222562084,,,0.408073731530397
2009-12-29,6.27705962329428,23.5034700557083,6.9705,,20.2372889718772,,,0.413117339448188
2009-12-30,6.35330893674797,23.1815047124794,6.8245,,20.1725555405397,,,0.428018908296208
2009-12-31,6.32605130815901,22.8221015386425,6.726,,19.8488883838523,,,0.428248163201562
2010-01-04,6.42445494969492,23.1740171463578,6.695,,20.1078221092022,,,0.423892319999833
2010-01-05,6.43556213315078,23.1815047124794,6.7345,,20.0835470724507,,,0.430082202444395
2010-01-06,6.33319592886845,23.0392409561689,6.6125,,19.7922466314321,,,0.432833261308645
2010-01-07,6.32148835711769,22.801136353502,6.5,,19.7275132000946,,,0.424350829810542
2010-01-08,6.36351553776146,22.9568777288313,6.676,,19.9702635676101,,,0.425267849431958
2010-01-11,6.30737923218728,22.6648626500888,6.5154,,19.9783552465273,,,0.41930722189275
2010-01-12,6.23563283094542,22.5151113276568,6.3675,,19.8731634206039,,,0.405093417760793
2010-01-13,6.32358971614988,22.7247631790617,6.4555,,20.0673637146163,,,0.410595535489292
2010-01-14,6.28696603016031,23.1815047124794,6.3675,,20.5447727707302,,,0.404176398139376
2010-01-15,6.18189807855089,23.1066290512634,6.357,,20.4636963193855,,,0.39225514306096
2010-01-19,6.45537494688284,23.2863306381818,6.3805,,20.5366651255957,,,0.399591300032293
2010-01-20,6.35586058700134,22.9007209829193,6.289,,20.3177587069652,,,0.397871888242137
2010-01-21,6.24619966493585,22.4701859309272,6.331,,20.1312828688725,,,0.390879613628835
2010-01-22,5.9363392659323,21.683991488159,6.0715,,19.579962999729,,,0.37735357421294
2010-01-25,6.09619264945234,21.9535438685367,6.0155,,19.4826712581155,,,0.383772711562856
2010-01-26,6.18219827269834,22.0883200587255,5.974,,19.3610565810985,,,0.371622201579086
2010-01-27,6.24055601496369,22.2156086827927,6.1375,,19.3448412908296,,,0.381709417414669
2010-01-28,5.98256916464044,21.833742810591,6.3015,,19.0286431305855,,,0.368871142714836
2010-01-29,5.76561885427436,21.0999613306741,6.2705,,18.6962296800725,,,0.352823299340045
2010-02-01,5.84568063340074,21.2721753514709,5.9435,,18.8259520022239,,,0.379875378171835
2010-02-02,5.87960257206321,21.3096131820789,5.906,,19.263764839485,,,0.383772711562856
2010-02-03,5.98076799975571,21.4369018061461,5.955,,19.2556571943505,,,0.386982280237814
2010-02-04,5.76522860188267,20.8453840825396,5.797,,18.7367679057448,,,0.364515299513107
2010-02-05,5.86759480616499,20.9801602727284,5.8695,,19.0935042916612,,,0.37185145648444
2010-02-08,5.82736879040595,20.7555332890804,5.8415,,18.7448755508793,,,0.371163691768378
2010-02-09,5.88950897892924,20.9726727066068,5.9015,,19.0610737111234,,,0.368183377998773
2010-02-10,5.85726812749252,20.9576975743636,5.868,,18.7367679057448,,,0.375290280064752
2010-02-11,5.9639571274982,21.0550359339444,6.0045,,18.931351388972,,,0.392484397966314
2010-02-12,6.01529032671309,20.912772177634,5.983,,18.9799972597787,,,0.39775726078946
2010-02-16,6.10594895924465,21.3245883143221,5.8765,,19.3043030651573,,,0.405093417760793
2010-02-17,6.08043245671093,21.5051139296814,5.8155,,19.6042859351324,,,0.408990751151813
2010-02-18,6.09177979548475,21.7901939639364,5.904,,19.8799458697042,,,0.382167927225377
2010-02-19,6.05401537173485,21.640508141201,5.876,,19.7177929670149,,,0.38010463307719
2010-02-22,6.01637102564393,21.6104205386411,5.9005,,20.1150675786036,,,0.380792397793252
2010-02-23,5.91559585034312,21.3095445130422,5.862,,19.8475152891663,,,0.371622201579086
2010-02-24,6.02357568518286,21.5352015322413,5.986,,20.0826369980658,,,0.379416868361127
2010-02-25,6.06392177860088,21.5126358303214,5.91,,20.1637134494104,,,0.375978044780815
2010-02-26,6.14257264523422,21.5652891348012,5.92,,19.9853452564522,,,0.371392946673732
2010-03-01,6.27375748767227,21.8285556572003,6.227,,20.0583140626624,,,0.386294515521752
2010-03-02,6.26955476960789,21.4073292213618,6.2765,,19.928591740511,,,0.386065260616398
2010-03-03,6.28396408868575,21.4073292213618,6.2945,,19.8637305794352,,,0.38125090760396
2010-03-04,6.32539088103461,21.5352015322413,6.4265,,20.0745293529313,,,0.381938672320023
2010-03-05,6.57275085853793,21.5032334545215,6.4455,,20.2285746104861,,,0.393630672493085
2010-03-08,6.57665338245486,21.5352015322413,6.5055,,20.0258834821245,,,0.387899299859231
2010-03-09,6.69492987655232,21.6630738431209,6.441,,20.1718210945449,,,0.402342358896543
2010-03-10,6.74956521138922,21.7909461540004,6.5255,,20.1637134494104,,,0.403259378517959
2010-03-11,6.76937802512128,21.9489060674398,6.679,,20.3826198680409,,,0.394089182303793
2010-03-12,6.80239938134138,22.0166031731996,6.591,,20.3096510618307,,,0.395464711735918
2010-03-15,6.71954579664367,22.0316469744795,6.5565,,20.4961268999234,,,0.393401417587731
2010-03-16,6.73785763963845,22.0918221795993,6.5895,,20.4393733839821,,,0.407042084456303
2010-03-17,6.72795123277242,22.2873915962386,6.567,,20.6501721574782,,,0.414951378691021
2010-03-18,6.74386152258756,22.2723477949586,6.638,,20.577203351268,,,0.400279064748355
2010-03-19,6.67181192525677,22.2573039936787,6.5175,,20.4231580937132,,,0.395464711735918
2010-03-22,6.74686346406212,22.2648258943187,6.5235,,20.7231409636884,,,0.401883849085834
2010-03-23,6.85523355129355,22.4754391122379,6.463,,21.0717697044703,,,0.410137025678584
2010-03-24,6.88555316018655,22.3024353975185,6.402,,20.8852938663776,,,0.396381731357335
2010-03-25,6.80390035207866,22.5732238205576,6.7365,,21.1123079301426,,,0.397528005884105
2010-03-26,6.93148286474724,22.3099572981585,6.753,,20.8285403504364,,,0.397528005884105
2010-03-29,6.97621179271811,22.2573039936787,6.756,,20.7312486088228,,,0.402571613801897
2010-03-30,7.07992887066398,22.3926982051982,6.82895,,20.7069256734194,,,0.404176398139376
2010-03-31,7.05456246520399,22.0297664993195,6.7885,,20.8447556407053,,,0.39890353531623
2010-04-01,7.08368129750718,21.9338622661599,6.5905,,20.6420645123437,,,0.394776947019855
2010-04-05,7.15933022266596,22.0166031731996,6.5745,,20.7393562539573,,,0.400737574559064
2010-04-06,7.19085060814879,22.0542126763994,6.778,,20.9420473823189,,,0.390879613628835
2010-04-07,7.22267118777907,22.0767783783194,6.7435,,21.0069085433946,,,0.393401417587731
2010-04-08,7.20315856819446,22.5055267147978,7.048,,20.9420473823189,,,0.386982280237814
2010-04-09,7.25839429132627,22.8214465416766,7.003,,21.1852767363528,,,0.38950408419671
2010-04-12,7.27340399869905,22.8064027403967,7.06,,21.2825684779663,,,0.396610986262689
2010-04-13,7.27760671676342,22.9041874487163,7.008,,21.4044152440616,,,0.404864162855438
2010-04-14,7.37547000883391,23.1824977723953,7.214,,21.4308153767155,,,0.40990777077323
2010-04-15,7.47243271846204,23.2201072755952,7.291,,21.2825684779663,,,0.412888084542834
2010-04-16,7.4268032080488,23.0696692627957,7.10855,,21.0794905344743,,,0.391108868534189
2010-04-19,7.41689680118277,23.3472273964107,7.1215,,21.2744453602267,,,0.389274829291356
2010-04-20,7.34244865261381,23.5886804069538,7.21,,21.2419528892679,,,0.390650358723481
2010-04-21,7.78163269034119,23.5676190851619,7.3215,,21.3556765376235,,,0.380563142887898
2010-04-22,7.99925843753905,23.6112461088738,7.5045,,21.3150609489251,,,0.382167927225377
2010-04-23,8.13015809553701,23.2878043813549,7.1815,,21.5120465541124,,,0.376895064402231
2010-04-26,8.09023227392543,23.4006328909545,7.3555,,21.5018926569377,,,0.380563142887898
2010-04-27,7.86628743992364,23.2013025239953,7.101,,21.1038598876933,,,0.369788162336253
2010-04-28,7.8530788974356,23.2501948781551,6.9675,,21.0063824748172,,,0.370475927052315
2010-04-29,8.06441557724426,23.3201485541068,7.0865,,21.0957367699537,,,0.381709417414669
2010-04-30,7.83776899591536,22.9681236041561,6.855,,21.0124748131219,,,0.360159456311378
2010-05-03,7.99567111747695,23.2125853749552,6.8745,,21.1282292409124,,,0.356262122920357
2010-05-04,7.76542220637859,22.6634866282372,6.4915,,20.2834249959855,,,0.338150985397379
2010-05-05,7.68451988363934,22.452873410318,6.5465,,20.2590556427664,,,0.332419612763525
2010-05-06,7.39228088109142,21.7984680546404,6.4355,,19.4223745155792,,,0.325541965602901
2010-05-07,7.08037916188517,21.2192817053625,6.249,,19.0162186285951,,,0.320039847874401
2010-05-10,7.62463115122197,21.7683804520805,6.5645,,19.8122841670839,,,0.33379514219565
2010-05-11,7.70058027052821,21.7232490482407,6.523,,19.6498218122903,,,0.330127063709984
2010-05-12,7.86778841066091,22.1444754840791,6.6935,,19.9828696396172,,,0.3365462010599
2010-05-13,7.75581599366002,21.9940374712797,6.5735,,19.6904374009887,,,0.335858436343838
2010-05-14,7.61952785071523,21.7608585514405,6.42665,,19.3167739849633,,,0.297114357338985
2010-05-17,7.63153561661344,21.7683804520805,6.4455,,19.2842815140046,,,0.297802122055048
2010-05-18,7.57569950518672,21.6085400634811,6.314,,19.0324648640745,,,0.287944161124819
2010-05-19,7.45502145790962,21.3384096998935,6.2295,,18.8375100383221,,,0.292529259231902
2010-05-20,7.13741604990171,20.4845710681343,5.9855,,18.1551681481888,,,0.285651612071278
2010-05-21,7.27430458114141,20.2805565278025,6.136,,18.0028596905698,,,0.29184149451584
2010-05-24,7.40759078261165,19.8498591648797,6.106,,18.0983063240111,,,0.283359063017736
2010-05-25,7.3613608839035,19.6987372831524,6.243,,18.0333213820936,,,0.290924474894423
2010-05-26,7.3280093141212,18.8977913099978,6.1605,,17.7973448117559,,,0.292300004326548
2010-05-27,7.60541872578482,19.6458446245479,6.335,,18.3419998562015,,,0.30949412222811
2010-05-28,7.7113872598366,19.4947227428206,6.273,,18.3338767384618,,,0.30124094563536
2010-06-01,7.82996394808152,19.5627275895979,6.162,,18.0333213820936,,,0.288402670935527
2010-06-02,7.92362452208763,19.9934249525206,6.3155,,18.3907385626396,,,0.291612239610486
2010-06-03,7.89870840784883,20.2956687159752,6.438,,18.5532009174333,,,0.291153729799777
2010-06-04,7.68391949534443,19.4871666487342,6.1385,,17.9764595579158,,,0.277283808025851
2010-06-07,7.53307193624804,19.109361944416,6.1005,,17.6251347156746,,,0.263700454883617
2010-06-08,7.48474067850771,18.9733522508614,5.94175,,17.6759042015476,,,0.256306984185946
2010-06-09,7.30072166611749,18.7315572400978,5.8955,,17.4971956112746,,,0.250117101741384
2010-06-10,7.52016358790746,18.8902352159114,6.1605,,18.0373829409635,,,0.260204317576966
2010-06-11,7.6102218321441,19.3889374256115,6.1515,,18.431354151338,,,0.266164945116174
2010-06-14,7.63333678149818,19.2642618731865,6.1915,,18.431354151338,,,0.26043357248232
2010-06-15,7.7957418152716,20.0859871050786,6.342,,18.8456331560618,,,0.273329160908492
2010-06-16,8.02268859074795,19.8876396353115,6.345,,18.8293869205824,,,0.269833023601841
2010-06-17,8.16137828687238,19.9254201057434,6.2945,,18.7400326254459,,,0.280149494342778
2010-06-18,8.22754107697157,19.9783127643479,6.2915,,18.8456331560618,,,0.281983533585611
2010-06-21,8.11034528180495,19.6080641541161,6.1275,,18.7562788609253,,,0.275335141330341
2010-06-22,8.22081672806857,19.4720544605615,6.11535,,18.5938165061317,,,0.265018670589404
2010-06-23,8.13436081360139,19.1229629137714,6.0725,,18.4232310335983,,,0.267998984359008
2010-06-24,8.07522256655266,18.8902352159114,5.9165,,18.049567617573,,,0.254702199848467
2010-06-25,8.0061779126379,18.5369878173739,6.05,,18.406984798119,,,0.254014435132404
2010-06-28,8.05420897623077,18.3688647239523,5.89,,18.2363993255857,,,0.254472944943112
2010-06-29,7.69007347536727,17.6132553153158,5.4305,,17.6677810838079,,,0.240259140811155
2010-06-30,7.55078339094792,17.3865724927249,5.463,,17.4322106693572,,,0.234069258366593
2010-07-01,7.45922417597399,17.4999139040203,5.548,,17.5053187290143,,,0.237966591757613
2010-07-02,7.41299427726585,17.5830309389703,5.457,,17.7327660257254,,,0.234986277988009
2010-07-06,7.46372708818583,17.9986161137204,5.503,,18.1307987949698,,,0.232464474029114
2010-07-07,7.76497191515741,18.3613086298659,5.6715,,18.7542480814904,,,0.243697964391467
2010-07-08,7.74771075167872,18.4440478601116,5.811,,18.8618793915412,,,0.236361807420134
2010-07-09,7.79364045623941,18.3386403476068,5.863,,18.9837261576364,,,0.237278827041551
2010-07-12,7.72354512280855,18.7617816164432,5.9755,,19.0324648640745,,,0.24163467024328
2010-07-13,7.55882859409973,18.9884644390342,6.1825,,19.3011010234049,,,0.250346356646738
2010-07-14,7.58671663039834,19.2227033557115,6.165,,19.4883322859685,,,0.252868160605633
2010-07-15,7.54838183776827,19.275596014316,6.103,,19.398786899525,,,0.245761258539655
2010-07-16,7.50185174491267,18.8071181809614,5.9245,,18.942919477631,,,0.230401179880926
2010-07-19,7.3721678732119,19.0640253798978,5.997,,19.2034151472847,,,0.239800631000447
2010-07-20,7.56159038025632,19.2529277320569,6.005,,19.4720513066151,,,0.245761258539655
2010-07-21,7.63213600490836,18.9809083449478,5.8715,,19.1789936782547,,,0.237737336852259
2010-07-22,7.77574888505106,19.524947119166,6.0035,,19.7895304040056,,,0.24163467024328
2010-07-23,7.80324666895798,19.5022788369069,5.9435,,19.9441997078625,,,0.237508081946905
2010-07-26,7.78343385522592,19.7214055654115,5.92,,20.058166563336,,,0.241863925148634
2010-07-27,7.92752704600456,19.7667421299297,5.8565,,20.0011831355992,,,0.239800631000447
2010-07-28,7.83386647199844,19.6080641541161,5.8565,,19.7651089349756,,,0.232235219123759
2010-07-29,7.74831113997363,19.668512906807,5.843,,19.2929605337282,,,0.209309728588344
2010-07-30,7.72249444329246,19.5022788369069,5.8945,,19.2441175956681,,,0.210685258020469
2010-08-02,7.86058375112198,19.8951957293979,6.0035,,19.7732494246522,,,0.210456003115115
2010-08-03,7.86298530430163,19.7667421299297,6.121,,19.7081255072388,,,0.204953885386615
2010-08-04,7.89450568978445,19.441830084216,6.379,,19.9360592181858,,,0.213665571790073
2010-08-05,7.85608083891015,19.1698106971069,6.3915,,19.7732494246522,,,0.216416630654323
2010-08-06,7.80777960058456,19.3058203906615,6.416,,19.8465138317423,,,0.218938434613218
2010-08-09,7.85758180964743,19.3511569551797,6.4415,,19.7488279556222,,,0.221001728761406
2010-08-10,7.78733637914284,18.943127874516,6.5,,19.7732494246522,,,0.211888846273578
2010-08-11,7.51055737518888,18.7844498987023,6.2945,,19.2603985750215,,,0.203635669680829
2010-08-12,7.55858843878176,18.5048744175068,6.328,,18.6742833183006,,,0.205435320687859
2010-08-13,7.47783621311623,18.4368695707295,6.2345,,18.4463496073536,,,0.215270356127552
2010-08-16,7.43400786758773,18.5124305115932,6.3035,,18.4951925454137,,,0.209768238399052
2010-08-17,7.56399193343596,18.7693377105296,6.443,,18.7597584599058,,,0.212519297263302
2010-08-18,7.59701328965606,18.8528920265214,6.4825,,18.7963906634508,,,0.213665571790073
2010-08-19,7.50125135661776,18.5642498440042,6.3785,,18.7231262563607,,,0.226503846489906
2010-08-20,7.49404669707883,18.4047370589289,6.388,,18.7394072357141,,,0.228567140638093
2010-08-23,7.37877214445592,18.4427162934706,6.33,,18.5928784215338,,,0.225128317057781
2010-08-24,7.20255817989955,18.2604159676702,6.2265,,18.2428373654367,,,0.222835768004239
2010-08-25,7.29141564754637,18.3059910491203,6.3425,,18.2509778551133,,,0.227420866111322
2010-08-26,7.21306497506049,18.0933073356866,6.243,,18.1125895306098,,,0.224669807247072
2010-08-27,7.25329099081953,18.1768616516784,6.332,,18.3242422622034,,,0.232005964218405
2010-08-30,7.27970807579561,17.9565820913363,6.1895,,17.9253582680462,,,0.221001728761406
2010-08-31,7.29771972464294,17.8236547704402,6.2415,,17.7828996987043,,,0.21378019924275
2010-09-01,7.51476009325326,18.1540741109533,6.6245,,18.4137876486469,,,0.215522536523441
2010-09-02,7.56999581638507,18.1844574985867,6.7605,,18.2998207931734,,,0.219396944423927
2010-09-03,7.76812395370569,18.4503121403789,6.9395,,18.6580023389473,,,0.226939430810078
2010-09-07,7.73930531554997,18.1996491924034,6.861,,19.7528982004605,,,0.229025650448801
2010-09-08,7.89270452489972,18.1768616516784,6.957,,19.6511420795021,,,0.236591062325488
2010-09-09,7.89720743711155,18.2376284269452,7.019,,19.8058113833589,,76.849852704479,0.23338149365053
2010-09-10,7.90741403812504,18.1160948764116,7.122,,20.3919266400798,,77.1987564968602,0.230859689691634
2010-09-13,8.01638451365138,19.0731715868635,7.2535,,20.4407695781399,,78.1696192234861,0.243927219296821
2010-09-14,8.04700431669184,19.0124048115967,7.2875,,20.6605627994102,,78.1529325203722,0.24163467024328
2010-09-15,8.11184625254223,19.0769695103177,7.2725,,20.9536204277706,,78.3516559847284,0.242093180053988
2010-09-16,8.30246953617646,19.2402802188472,7.4065,,20.6442818200568,,78.3213165245214,0.242207807506665
2010-09-17,8.2664462384818,19.1567259028554,7.41625,,22.3700656315127,,78.397165175039,0.241863925148634
2010-09-20,8.50239883838182,19.3162386879307,7.56524,,22.379020170157,,79.6714225037355,0.245529711085247
2010-09-21,8.51860932234441,19.1035549744969,7.5365,,21.8327933128519,,79.428555124778,0.258828788144841
2010-09-22,8.6380865930317,18.6933792414461,7.5915,,22.1421319205657,,79.0039543791802,0.261121337198383
2010-09-23,8.67320930828399,18.5566539970958,7.6425,,22.0770080031523,,78.3563586010605,0.266394200021529
2010-09-24,8.77527531841886,18.8187107154339,8.0365,,21.9467601683254,,79.9429606725887,0.281066513964194
2010-09-27,8.740572874973,18.7864283660734,7.9685,,21.9386196786487,,79.5616989372177,0.274991258972309
2010-09-28,8.61136931390816,18.7446512080775,7.985,,22.133991430889,,80.0802148973222,0.274441047199459
2010-09-29,8.62667921542839,18.6098249254543,7.9495,,22.1173034270518,,79.6989531619512,0.272354827560737
2010-09-30,8.5180089340495,18.6022290785459,7.853,,21.8572147818819,,79.5769494066325,0.267815580434724
2010-10-01,8.48108505391248,18.5186747625541,7.6855,,22.1706236344341,,79.8514578560996,0.260204317576966
2010-10-04,8.36460972469975,18.1616699578617,7.7695,,21.9386196786487,,79.1804372018467,0.257682513618071
2010-10-05,8.6738096965789,18.495887221829,8.0435,,22.264844506584,,80.9159406212554,0.259516552860904
2010-10-06,8.68131455026529,18.5566539970958,7.77,,22.4932018861387,,80.7786863965219,0.247136787971779
2010-10-07,8.68221513270766,18.6326124661793,7.8135,,22.5829137138209,,80.7359850821603,0.245302748728946
2010-10-08,8.82780929422357,18.6629958538127,7.7775,,22.8357379554708,,81.3458513540597,0.248970827214613
2010-10-11,8.86653433924533,18.6781875476294,7.6515,,22.7134036449951,,81.2087496340203,0.247824552687842
2010-10-12,8.96199607813617,18.8604878734298,7.824,,22.7949598519789,,81.6815141858804,0.252524278247602
2010-10-13,9.01002714172905,19.2478760657556,7.7585,,23.3250751973737,,82.1695292071552,0.259975062671612
2010-10-14,9.07516927172689,19.1643217497637,7.7765,,23.1048734385174,,81.8645198188584,0.255848474375237
2010-10-15,9.44831059701406,19.3997930039225,8.232,,23.5697438183252,,82.0170245130068,0.258817325399574
2010-10-18,9.54617388908455,19.6124767173563,8.178,,23.8388793013718,,82.6117928201856,0.26043357248232
2010-10-19,9.29070866959993,19.0655757399552,7.9335,,23.757323094388,,81.3004049552035,0.258771474418503
2010-10-20,9.3219288609353,19.2250885250305,7.9335,,23.3576976801673,,82.1695292071552,0.258828788144841
2010-10-21,9.2916092520423,19.3086428410223,8.2485,,23.5044988527382,,82.2915329624739,0.254243690037758
2010-10-22,9.23006945181393,19.2763604916619,8.4565,,23.6451833097852,,82.4897890648669,0.270520788317903
2010-10-25,9.27119605001532,19.1339383621303,8.45,,23.5208100941349,,82.7337965755043,0.273042592276799
2010-10-26,9.24748071236634,19.6732434926231,8.4975,,23.3495420594689,,82.7185461060894,0.272125572655382
2010-10-27,9.24087644112232,19.7871811962483,8.3755,,23.4066314043576,,82.4592881260372,0.276022906046403
2010-10-28,9.16312615693135,19.9618856751403,8.342,,23.9449023704508,,82.5202900036965,0.276252160951757
2010-10-29,9.03524345011531,20.2543257811118,8.2615,,23.9612136118476,,82.5812918813559,0.275575858980962
2010-11-01,9.13130557730107,20.4708074179997,8.129,,23.757323094388,,82.6270432896004,0.276022906046403
2010-11-02,9.28680614568301,20.805024681967,8.2305,,24.0855868274979,,83.2675630050237,0.28163965122758
2010-11-03,9.3900729324077,20.5315741932665,8.4235,,23.8144124392767,,83.618323801565,0.283817572828444
2010-11-04,9.55427913106585,20.6151285092583,8.4465,,24.034614198133,,85.1891221512934,0.284276082639153
2010-11-05,9.52005699825593,20.3948489489162,8.5385,,23.8551905427686,,85.5246324784199,0.288975808198913
2010-11-08,9.5647859262268,20.3644655612828,8.5995,,23.6839225081026,,85.417879192516,0.290179396452022
2010-11-09,9.4885366127731,20.4708074179997,8.5135,,23.4392538871511,,84.7468585382631,0.288631925840882
2010-11-10,9.54707447152692,20.4632115710913,8.6665,,23.3984757836592,,85.0671183959747,0.292070749421194
2010-11-11,9.50579777625179,20.2657195514743,8.5185,,23.3026472404532,,84.7926099465076,0.289113361142125
2010-11-12,9.24688032407143,19.954289828232,8.284,,23.096717817819,,83.7401750521895,0.30399200449961
2010-11-15,9.21701100639961,19.9011188998735,7.945,,23.1619627834061,,83.6640752098095,0.300335388759211
2010-11-16,9.0535552931101,19.7264144209815,7.889,,22.4932018861387,,82.3220339013036,0.29144029843147
2010-11-17,9.02083413103745,19.5429839885509,7.9175,,22.7623373691854,,82.383035778963,0.296197337717569
2010-11-18,9.25888808996965,19.7474324913642,8.2085,,23.0885621971206,,83.6030733321501,0.305367533931735
2010-11-19,9.20785508490222,19.6346992047662,8.241,,22.9601111711211,,83.801329434543,0.315271345843034
2010-11-22,9.40688380466521,19.6652709435046,8.5195,,22.8765160589627,,83.7250770874688,0.315454749767318
2010-11-23,9.26789391439332,19.1990519277434,8.41,,22.1751326789018,,82.5507909425262,0.308118592795985
2010-11-24,9.44996166482507,19.3901252948586,8.8625,,22.6236918173128,,83.6175612780942,0.315684004672672
2010-11-26,9.45611564484791,19.2984100786433,8.86,,22.4198012998533,,83.145559249705,0.311786671281651
2010-11-29,9.51225195042208,19.344267686751,8.9745,,22.199599540997,,83.0647317618063,0.315225494861964
2010-11-30,9.34054089807754,19.3041422796568,8.77,,22.0568761787753,,82.4897890648669,0.31199300069647
2010-12-01,9.49814282549167,19.9022019187276,8.8275,,22.5502912310274,,84.3503463334773,0.325771220508255
2010-12-02,9.55067680129638,20.5518513669195,8.8265,,22.9172941624546,,85.4483801313457,0.329668553899275
2010-12-03,9.52936301682705,20.6512095178195,8.784,,23.4963432320398,,85.6618867031535,0.339068005018796
2010-12-06,9.61071563078748,20.5136366934965,8.9025,,23.4331371716273,,85.5551334172496,0.332706181395218
2010-12-07,9.55247796618112,20.5365654975503,8.8385,,23.6920781288009,,85.5856343560793,0.343423848220525
2010-12-08,9.63653232746866,20.8117111461963,8.8145,,23.8388793013718,,85.9363951526206,0.346404161990129
2010-12-09,9.59893301049986,20.6970671259271,8.7425,,23.863346163467,,86.2566550103322,0.340730103082613
2010-12-10,9.62302359083316,20.895783427727,8.781,,24.4220061813062,,86.7751709704367,0.342678769778124
2010-12-13,9.65634514120072,20.8231755482232,8.7125,,24.8053203541301,,86.8209223786813,0.333990008865201
2010-12-14,9.61491834885186,21.1097855988962,8.697,,24.8827987507648,,86.8666737869258,0.334540220638051
2010-12-15,9.61701970788405,21.2855730966422,8.7785,,24.866487509368,,86.4854120515548,0.32714674994038
2010-12-16,9.64373698700759,21.3906634485556,8.902,,24.6870638540036,,86.9886775422445,0.327547946024749
2010-12-17,9.62452456157044,21.3256985037364,8.879,,25.6596216222857,,87.1106812975632,0.329439298993921
2010-12-20,9.67255562516331,21.2550013579038,9.1645,,25.8329285621263,,87.2936869305413,0.328063769561796
2010-12-21,9.73244435758068,21.4537176597037,9.2375,,25.9022513380626,,87.8274533600607,0.340902044261629
2010-12-22,9.76111289866268,21.5435221422478,9.238,,25.8206951310788,,88.1477132177723,0.344570122747295
2010-12-23,9.71428261165963,21.6295051574497,9.1295,,25.7228276826982,,88.0104589930388,0.3420483187884
2010-12-27,9.74670357958482,21.4537176597037,9.107,,25.8206951310788,,88.0760360115226,0.343882358031233
2010-12-28,9.7704189172338,21.407860051596,9.0545,,25.7472945447933,,88.1679574267372,0.342506828599108
2010-12-29,9.76501542257961,21.3772883128575,9.1685,,25.6902051999046,,88.2445586060828,0.342506828599108
2010-12-30,9.71608377654436,21.2855730966422,9.1375,,25.5189371652386,,88.1066764832608,0.343653103125879
2010-12-31,9.68306242032426,21.3314307047499,9.0,,25.527092785937,,88.1985978984755,0.353052554245399
2011-01-03,9.89349851769055,21.3849312475422,9.211,,25.7880726482852,,89.0258906354075,0.362681260270274
2011-01-04,9.9451319110529,21.4670927954017,9.2505,,25.6738939585079,,88.9492894560619,0.361534985743503
2011-01-05,10.0264845250133,21.4002171169114,9.371,,25.315046647779,,89.4242167680044,0.389274829291356
2011-01-06,10.018379283032,22.0269377610495,9.293,,25.421069716858,,89.2710144093133,0.443149732049582
2011-01-07,10.0901256842739,21.858793197988,9.2745,,25.3068910270807,,89.0917676496447,0.455529496938707
2011-01-10,10.280298676687,21.5683616799728,9.234,,25.315046647779,,89.0105703995384,0.472975795236158
2011-01-11,10.2558328536693,21.4842893984421,9.217,,25.2742685442871,,89.3016548810515,0.46561671277429
2011-01-12,10.339286826662,21.820578524565,9.204,,25.2375682511444,,90.0983071462453,0.535367517728291
2011-01-13,10.3771112892413,21.545432875919,9.2765,,25.4292253375564,,89.9757452592924,0.536227223623369
2011-01-14,10.4611656505289,21.6295051574497,9.4375,,25.5230149755878,,90.6191951657951,0.540812321730452
2011-01-18,10.2261136330712,21.9046508060957,9.5625,,25.7558221213085,,90.7723975244862,0.528088674483297
2011-01-19,10.1717784923818,21.7594350470881,9.3435,,25.8130028237662,,89.8685036082086,0.513760242898662
2011-01-20,9.98685889754921,21.6696305645439,9.098,,26.3888941842331,,89.758197909951,0.514195827218835
2011-01-21,9.80794318566574,21.4155029862806,8.871,,26.5563519557164,,89.9604250234233,0.509381474206398
2011-01-24,10.1300515058855,21.6906486349266,8.8425,,26.46649656614,,90.5119535147113,0.566947380940826
2011-01-25,10.2486281941304,21.7441491777189,8.835,,26.3766411765636,,90.4813130429731,0.54952400813391
2011-01-26,10.322175760257,21.9963660223111,8.7695,,26.5971953146148,,90.9562403549155,0.562591537739097
2011-01-27,10.3029633348198,22.0651524344726,9.2225,,26.891267498683,,91.0788022418684,0.561009678892154
2011-01-28,10.089525295979,21.2099080432646,8.557,,26.1397496949531,,89.4732415227855,0.544709655121473
2011-01-31,10.1861878114597,21.1900364130846,8.482,,26.1642557102921,,90.1595880897217,0.54837773360714
2011-02-01,10.3575986696567,21.3944849158979,8.6055,,27.1526649956325,,91.56904978968,0.560986753401618
2011-02-02,10.3362848851874,21.3543595088037,8.6765,,27.0730204457807,,91.4158474309889,0.586434047895929
2011-02-03,10.3098678002113,21.13271440295,8.6855,,26.9484482011407,,91.6456509690256,0.575315184986253
2011-02-04,10.4017272093327,21.2244296191653,8.7965,,26.6462073452928,,91.8907747429313,0.588497342044117
2011-02-07,10.5632316606638,21.5511650769324,8.8215,,26.940279529361,,92.4715648847294,0.563989992661758
2011-02-08,10.662896117619,21.6161300217516,9.153,,26.9811228882594,,92.9019103102927,0.54727731006144
2011-02-09,10.7517535852658,21.3772883128575,9.265,,26.865944616166,,92.672106772256,0.533934674569828
2011-02-10,10.6430833038869,21.0180703826808,9.3105,,27.1690023391919,,92.7027472439943,0.523159694018183
2011-02-11,10.7124281519491,20.8269970155655,9.4625,,27.340544446565,,93.2849162070205,0.538061262866203
2011-02-14,10.7823733883063,20.8117111461963,9.521,,27.1935083545309,,93.5147197450572,0.529808086273453
2011-02-15,10.8039873669231,20.7276388646656,9.4515,,26.7605687502082,,93.1838026502844,0.51696981157362
2011-02-16,10.9009500765512,20.7737686247502,9.331,,27.0464722624968,,93.7751637548321,0.535997968718015
2011-02-17,10.7559563033302,20.9198461983513,9.388,,26.9647855447001,,94.1275291798216,0.588726596949471
2011-02-18,10.5236060331996,20.8045217981399,9.325,,27.5120865539381,,94.2807315385128,0.5875803224227
2011-02-22,10.1648740269903,20.4431720108108,9.021,,26.5726892992758,,92.3503818190047,0.532100635326995
2011-02-23,10.28525188012,20.4431720108108,8.834,,26.2867857869872,,91.8294937994549,0.506882595738038
2011-02-24,10.2930569279538,20.5815612910645,8.8875,,26.3439664894449,,91.7375723842402,0.519262360627162
2011-02-25,10.4515594378103,20.412418837421,8.862,,26.915773514022,,92.7333877157325,0.530037341178807
2011-02-28,10.6031574822753,20.4354837174633,8.6645,,26.8749301551237,,93.2849162070205,0.519491615532516
2011-03-01,10.4860817647677,20.1125753968714,8.472,,25.8660991903341,,91.6916116766329,0.496336870091746
2011-03-02,10.5704363202027,20.0491469767551,8.601,,26.2377737563092,,91.9520556864078,0.475703928609872
2011-03-03,10.7937807659096,20.1433285702611,8.6395,,26.9790807203145,,93.5300399809263,0.478454987474122
2011-03-04,10.8069893083976,19.9530433099122,8.5835,,26.7646530860981,,92.8406293668163,0.475818556062549
2011-03-07,10.6676992239783,19.7742904895845,8.454,,26.2214364127498,,92.0286568657533,0.469284791259956
2011-03-08,10.6797069898765,19.9203680631857,8.3445,,26.7483157425387,,92.8865900744236,0.448193339967374
2011-03-09,10.5809431153636,19.9049914764908,8.4525,,26.7850747655473,,92.7793484233398,0.438793888847853
2011-03-10,10.4068305098394,19.5359533958143,8.307,,25.9763762593596,,91.0788022418684,0.410824790394646
2011-03-11,10.5665337962858,19.7435373161948,8.4035,,26.066231648936,,91.6916116766329,0.41380510416425
2011-03-14,10.6136642774363,19.7512256095422,8.3365,,25.8048341519865,,91.155403421214,0.417243927744563
2011-03-15,10.369606435555,19.5205768091194,8.254,,25.4617499372403,,90.1427358302657,0.404864162855438
2011-03-16,9.9067070601786,19.0592792082737,8.235,,24.669388774612,,88.4284014365121,0.401883849085834
2011-03-17,10.0456969504505,19.0515909149263,8.0485,,24.9552922869005,,89.5314584190882,0.409449260962521
2011-03-18,9.92651987391066,19.0669675016212,8.091,,25.1268343942737,,89.9144643158159,0.403947143234022
2011-03-21,10.1855874231647,19.4744470490348,8.22625,,25.6639245637872,,91.2779653081669,0.40715671190898
2011-03-22,10.2426243111813,19.4475380223188,8.13,,25.4249909142317,,90.9562403549155,0.399935182390324
2011-03-23,10.1822852875427,19.6359012093308,8.266,,25.6577980599524,,91.2473248364287,0.408302986435751
2011-03-24,10.355797504772,19.8434851297114,8.555,,26.2541110998685,,92.0982107365991,0.440857182996041
2011-03-25,10.5530250596503,19.6974075561103,8.549,,26.6625446888522,,92.3779582435691,0.427101888674791
2011-03-28,10.5200037034302,19.5359533958143,8.4675,,26.5931109787249,,92.1779060268164,0.442920477144228
2011-03-29,10.5356137990978,19.5974597425937,8.731,,27.0873156213951,,92.7811404034861,0.439481653563916
2011-03-30,10.4656685627407,19.6897192627628,8.971,,26.9974602318187,,93.4089965914483,0.422975300378417
2011-03-31,10.4619911844344,19.5205768091194,9.0065,,27.3099119273912,,93.2858875349852,0.423204555283771
2011-04-01,10.3434895447263,19.5897714492463,9.0065,,27.789821394447,,93.7167692326063,0.417243927744563
2011-04-04,10.2423241170338,19.6435895026783,9.147,,27.8878454558031,,93.76293512878,0.402342358896543
2011-04-05,10.1732794631191,19.8204202496691,9.2645,,27.7081346766503,,93.76293512878,0.403030123612605
2011-04-06,10.1477629605854,20.1048871035239,9.138,,27.4303998361414,,94.0399305058222,0.400279064748355
2011-04-07,10.1489637371752,20.1433285702611,9.2455,,27.5447612410568,,93.8706555531853,0.414951378691021
2011-04-08,10.0583051046436,20.0433807567445,9.2355,,27.3977251490227,,93.5167170158536,0.402342358896543
2011-04-11,9.93042239782758,19.9741861166177,9.202,,27.6468696383027,,93.1997111954609,0.397069496073397
2011-04-12,9.97845346142046,19.7127841428051,9.024,,27.3318172537905,,92.5164559320902,0.398215770600168
2011-04-13,10.0904258784214,19.7050958494577,9.1145,,27.5773126183455,,92.547233196206,0.40715671190898
2011-04-14,9.97905384971537,19.5436416891617,9.091,,27.6591444065305,,92.5626218282639,0.424350829810542
2011-04-15,9.83015755257745,19.5052002224246,9.0005,,27.9701052016335,,92.8857831014798,0.428935927917625
2011-04-18,9.96194278331041,19.2822397153491,8.917,,27.520030366616,,91.8701333856584,0.414722123785667
2011-04-19,10.1423594659312,19.3360577687811,8.941,,27.55276308189,,92.4395127718007,0.413117339448188
2011-04-20,10.2789478030234,19.8050436629742,9.1935,,27.912822949904,,93.6859919684905,0.425726359242667
2011-04-21,10.527688673605,19.620524622636,9.2945,,28.436546394288,,94.1002539434892,0.424580084715896
2011-04-25,10.5971235799115,19.6897192627628,9.271,,28.502011824836,,94.0091532417064,0.431228476971166
2011-04-26,10.5194033151352,20.1356402769136,9.115,,28.616576328295,,94.8301367619953,0.44246196733352
2011-04-27,10.511298073154,20.2817178505148,9.8315,,28.845705335213,,95.4402960230911,0.44246196733352
2011-04-28,10.4092320630191,20.5354315309799,9.7535,,28.878438050487,,95.748068664249,0.447276320345957
2011-04-29,10.510697684859,19.9280563565331,9.7905,,29.4267110313265,,96.0250640412912,0.458509810708311
2011-05-02,10.3951229380887,19.7281607295,10.0595,,29.762221362885,,95.8096231924806,0.452319928263749
2011-05-03,10.4527602144001,19.8434851297114,9.9225,,29.5740082500595,,95.5018505513226,0.430769967160458
2011-05-04,10.4938868126015,20.0356924633971,9.9985,,28.845705335213,,94.8539891416851,0.4275603984855
2011-05-05,10.4092320630191,19.8281085430165,9.8555,,28.37108096374,,94.0276196001759,0.427789653390854
2011-05-06,10.406530315692,19.889614889796,9.88,,28.53474454011,,94.4708122034434,0.442920477144228
2011-05-09,10.4347485655528,19.8588617164062,10.04,,28.8047894411205,,94.8553741185703,0.452778438074457
2011-05-10,10.4902844828321,19.7358490228474,10.197,,29.1484829514975,,95.6326539238148,0.453466202790519
2011-05-11,10.4236413820969,19.4975119290771,10.219,,28.6247595071135,,94.6246985240224,0.455529496938707
2011-05-12,10.4038285683649,19.4667587556874,10.3035,,29.238497918501,,95.1325233819331,0.469972555976019
2011-05-13,10.2216107208594,19.243798248612,10.128,,28.796606262302,,94.3076927036297,0.418619457176688
2011-05-16,10.0054709346915,18.8901367546303,9.6255,,27.9701052016335,,93.7167692326063,0.40580410796739
2011-05-17,10.0907260725688,18.974707981452,9.7405,,27.7737089099895,,93.7013806005484,0.404176398139376
2011-05-18,10.2026984895697,19.1062618296105,9.8545,,27.749159373534,,94.5785326278487,0.413575849258896
2011-05-19,10.2225113033018,19.1256079837515,9.94025,,28.2319669238255,,94.7016416843119,0.407615221719688
2011-05-20,10.0631082110029,18.9514925964829,9.9325,,28.043753811,,94.0622440223062,0.414722123785667
2011-05-23,10.0384922909116,18.7038618234786,9.811,,27.1354209621465,,92.9473376297114,0.414263613974959
2011-05-24,9.97214938432389,18.6883849001658,9.6635,,27.0372228163245,,92.8703944694219,0.415891323802973
2011-05-25,10.109938498006,18.7193387467914,9.613,,26.996306922232,,93.1781671105798,0.420912006230229
2011-05-26,10.0565039397589,19.0907849062978,9.75,,27.3318172537905,,93.5474942799694,0.43145773187652
2011-05-27,10.1288507292957,19.1604310612052,9.7065,,27.5773126183455,,93.9568318927095,0.447047065440603
2011-05-31,10.4416530309443,19.3538926026148,9.8345,,28.0028379169075,,94.9016939010646,0.459426830329727
2011-06-01,10.3720079887346,18.9050618265446,9.61975,,26.9062919552285,,92.7934513091324,0.438793888847853
2011-06-02,10.389779482264,18.7425541317605,9.6825,,26.7753610941325,,92.6857308847271,0.436615967246989
2011-06-03,10.3098678002113,18.4987925895845,9.416,,26.456217120211,,91.7931902253689,0.423204555283771
2011-06-06,10.1477629605854,18.5800464369765,9.2845,,26.341652616752,,90.8237064057213,0.414263613974959
2011-06-07,9.96764647211206,18.6187387452584,9.3775,,26.0552413581045,,90.7005973492581,0.414034359069605
2011-06-08,9.97365035506117,18.5258772053818,9.4025,,25.572433807813,,90.3312701798685,0.402800868707251
2011-06-09,9.95113579400201,18.5413541286946,9.484,,25.883394602916,,91.0216042139859,0.398215770600168
2011-06-10,9.78332726557439,18.3440233564568,9.3265,,25.5151515560835,,89.7465021616683,0.392484397966314
2011-06-13,9.80434085589628,18.6032618219456,9.3145,,25.883394602916,,89.8080566898999,0.389618711649387
2011-06-14,9.97965423801028,18.7425541317605,9.498,,26.2516376497485,,90.9622040942424,0.392942907777022
2011-06-15,9.80884376810811,18.3711079722541,9.299,,25.4987851984465,,89.3771749922787,0.384460476278919
2011-06-16,9.76111289866268,18.5684387444919,9.1825,,25.2041907609804,,89.5464499449156,0.371163691768378
2011-06-17,9.61401776640949,18.7735079783861,9.3185,,25.5192431454927,,89.792668057842,0.362337377912243
2011-06-20,9.46572185756648,18.9360156731701,9.386,,26.112523609834,,90.3004929157527,0.358096162163191
2011-06-21,9.76531561672706,19.1604310612052,9.7115,,26.718078842403,,91.5315834803846,0.365890828945232
2011-06-22,9.68456339106154,19.075307982985,9.5815,,26.3498357955705,,90.9929813583582,0.360847221027441
2011-06-23,9.94333074616817,19.0598310596722,9.708,,26.5617801269696,,90.6882864436118,0.371622201579086
2011-06-24,9.79683600220989,18.8044618250116,9.6275,,25.4824188408095,,89.6926419494657,0.360847221027441
2011-06-27,9.96764647211206,19.5009233740861,10.0625,,25.8424787088235,,90.4503901314525,0.353281809150753
2011-06-28,10.0643089875927,19.9652310734691,10.1175,,26.4644002990295,,91.6102087773508,0.355345103298941
2011-06-29,10.0276853016032,19.8259387636542,10.209,,26.538048908396,,92.4298139537856,0.360847221027441
2011-06-30,10.0766169476384,20.1200003065968,10.2245,,26.930841491684,,93.3112761246683,0.365317691681847
2011-07-01,10.3044643055571,20.1354772299095,10.4745,,27.045405995143,,94.7185227483582,0.370132044694284
2011-07-05,10.4896840945372,20.1432156915659,10.6595,,27.0535891739615,,94.5638802622384,0.364056789702399
2011-07-06,10.5596293308943,20.3753695412574,10.7095,,27.176336856239,,94.7030584997462,0.359242436689961
2011-07-07,10.7229349471101,20.7158618541383,10.837,,27.896456592267,,95.7391631567486,0.360503338669409
2011-07-08,10.7982836781214,20.831938778984,10.914,,27.7737089099895,,95.0896647150456,0.353740318961462
2011-07-11,10.6268728199243,20.6075233909489,10.6275,,27.1681536774205,,93.3267403732802,0.341360554072337
2011-07-12,10.6193679662379,20.5378772360415,10.5615,,26.7254619759779,,92.9092056607569,0.336775455965254
2011-07-13,10.7475508672014,20.6075233909489,10.675,,26.7992439262183,,93.2339548816084,0.336087691249192
2011-07-14,10.740046013515,20.4837080044468,10.519,,26.2745722800642,,92.6308491857413,0.322790906738651
2011-07-15,10.9546848289457,20.7236003157947,10.6435,,26.3073642579488,,93.1411693899365,0.323249416549359
2011-07-18,11.2212572318862,20.5765695443234,10.5765,,25.8154845896793,,92.3524927107257,0.316257141936057
2011-07-19,11.3128164468601,21.3117234016798,10.903,,26.7582539538625,,93.8525248260874,0.326023400904144
2011-07-20,11.6145115650529,20.9402772421734,10.7775,,26.2950672662421,,93.8525248260874,0.321873887117234
2011-07-21,11.6262191368036,20.9673618579707,10.6605,,26.6188880478528,,95.1051289636576,0.337004710870608
2011-07-22,11.8066358194244,21.3039849400234,10.826,,26.6844720036221,,95.1824502067174,0.343882358031233
2011-07-25,11.9627367761012,21.598046482966,10.6745,,26.4057401916027,,94.6412015052983,0.338380240302733
2011-07-26,12.1101321025019,21.7296003311245,10.709,,26.3524532275402,,94.2391310413869,0.330127063709984
2011-07-27,11.785322034955,21.1492157068958,11.1259,,25.1760410209289,,92.3679569593377,0.317632671368182
2011-07-28,11.762207085601,21.4510157114947,11.195,,25.1391500458087,,92.1050647329341,0.317059534104797
2011-07-29,11.7219810698419,21.2033849384904,11.126,,25.0694670928038,,91.3937092967831,0.317059534104797
2011-08-01,11.9102028002965,21.1027849369575,11.066,,24.6841613526593,,91.0689600759316,0.334024397101004
2011-08-02,11.6748505886914,20.7390772391074,10.585,,24.2250736622745,,88.7972619548322,0.330585573520692
2011-08-03,11.7847216466601,20.831938778984,10.498,,24.7497453084286,,89.2441787397184,0.339526514829504
2011-08-04,11.3284265425278,20.0735695366585,10.074,,23.6758080327068,,85.0688316144846,0.307201573174568
2011-08-05,11.215853737232,19.8723695335925,10.135,,23.2413143257354,,84.8832606311409,0.296885102433631
2011-08-08,10.6031574822753,18.9437541348265,9.685,,21.3311816139554,,79.439845119725,0.273501102087507
2011-08-09,11.2275613089827,19.7949849170287,10.2545,,22.6264647403985,,82.9966223004797,0.296426592622923
2011-08-10,10.9177609488087,18.7270772084478,9.7065,,21.7082893596287,,79.3934523738891,0.282900553207028
2011-08-11,11.2182552904116,19.4931849124297,9.918,,22.7084446851101,,82.8729083115839,0.307430828079922
2011-08-12,11.3170191649245,19.4235387575223,10.115,,22.4543068565041,,83.5415824215658,0.295280318096152
2011-08-15,11.5097438075909,19.740815685434,10.1475,,22.6592567182831,,85.2544025978283,0.306513808458506
2011-08-16,11.4217869223865,19.740815685434,9.884,,22.601870756985,,84.5275829130654,0.297802122055048
2011-08-17,11.4205861457966,19.6590489932458,9.7965,,22.5198908122734,,84.6203684047373,0.293675533758673
2011-08-18,10.9886067676082,19.2112790122152,9.126,,20.6507480728492,,81.1099839698185,0.273730356992862
2011-08-19,10.6878122318578,18.728466163104,8.9465,,20.3146302995317,,79.5635591086209,0.268916003980424
2011-08-22,10.7001201919035,18.6739550349786,8.877,,20.5441741447241,,79.6254161030688,0.273730356992862
2011-08-23,11.2152533489371,19.2502155323049,9.6775,,21.4779257149891,,82.3780523560006,0.303304239783548
2011-08-24,11.2927034389806,19.3903870046275,9.6865,,21.8722492490519,,83.5069425046749,0.298948396581819
2011-08-25,11.2188556787065,19.133405972036,9.6015,,21.2328056803015,,82.2543383671048,0.286110121881986
2011-08-26,11.5148471080977,19.6629426452548,9.9635,,21.8476552656384,,83.3368357699432,0.298260631865756
2011-08-29,11.7066711683217,20.1223935823122,10.3265,,22.8806025690044,,85.7647228020236,0.306284553553152
2011-08-30,11.7072715566166,20.4260984390112,10.546,,22.8478105911198,,85.9193652881433,0.313620710524485
2011-08-31,11.5523713765296,20.7142286876743,10.7615,,23.0117704805429,,86.3523642492787,0.305138279026381
2011-09-01,11.4382976004965,20.4105238309753,10.627,,22.8273156049419,,85.5172948242319,0.304450514310318
2011-09-02,11.2287620855726,20.0912443662405,10.5,,22.1099910887155,,83.3059072727192,0.296197337717569
2011-09-06,11.3995725554747,19.8654125497207,10.809,,21.7164873540998,,82.7337300740761,0.302157965256777
2011-09-07,11.5253539032586,20.246990446599,10.995,,22.6510587238119,,85.0688316144846,0.326688240129671
2011-09-08,11.5316579803552,20.4183111349933,10.863,,21.9050412269365,,84.1719051949899,0.325083455792192
2011-09-09,11.3317286781498,20.044520542133,10.5695,,21.3147856250131,,81.9605176434773,0.318205808631568
2011-09-12,11.4055764384239,20.1613301024018,10.828,,21.92963521035,,82.5480044482463,0.325771220508255
2011-09-13,11.546067299433,20.2781396626707,10.9765,,22.7248406740524,,83.2285860296594,0.333107377479588
2011-09-14,11.6865581604422,20.6363556474951,11.1285,,23.0773544363122,,84.4038689241696,0.350301495381149
2011-09-15,11.7964292184109,21.0179335443733,11.339,,23.7331939940049,,85.8575082936954,0.355230475846264
2011-09-16,12.0227756055923,21.1191684966063,11.965,,23.9627378391974,,86.3678284978907,0.354428083677524
2011-09-19,12.3568916917103,21.1892542327676,12.0845,,23.790579955303,,85.5636875700679,0.347091926706191
2011-09-20,12.4115270265472,21.0101462403554,11.6625,,23.2413143257354,,85.4245093325601,0.338150985397379
2011-09-21,12.3722015932305,20.239203142581,11.5935,,24.2168756678033,,82.8419798143599,0.331617220594786
2011-09-22,12.0624012330565,19.5149838689142,11.1615,,23.2331163312642,,80.2439860475478,0.309723377133464
2011-09-23,12.1368493816254,19.5149838689142,11.1805,,23.6922040216491,,80.6151280142353,0.31614251448338
2011-09-26,12.102927442963,19.8109014215953,11.4925,,24.356241573813,,82.5745234868035,0.316830279199443
2011-09-27,11.9855515313079,19.9900094140075,11.2105,,24.7005573416017,,83.52311970765,0.317288789010151
2011-09-28,11.9180078481304,19.9160300258372,11.4855,,24.1471927147984,,81.8591886317389,0.307660082985277
2011-09-29,11.724682817169,19.8186887256132,11.122,,24.307053606986,,82.4501174250531,0.300094671108589
2011-09-30,11.4470032307727,19.3825997006095,10.8115,,23.5610361101106,,80.4907219524849,0.286797886598048
2011-10-03,11.2452727636826,19.1022567559643,10.599,,22.9051965524179,,78.0181514751964,0.270750043223258
2011-10-04,11.182231992717,19.7330283814161,10.625,,23.5200461377548,,79.7287348242639,0.29573882790686
2011-10-05,11.3548436275039,20.1613301024018,10.9749,,24.1922816843898,,81.3149121115811,0.306284553553152
2011-10-06,11.3284265425278,20.5117587832083,11.0755,,24.6513693747747,,82.8855386411794,0.318435063536922
2011-10-07,11.101179572904,20.441673047047,11.237,,24.5693894300631,,82.2479575747088,0.32439569107613
2011-10-10,11.6718486472169,20.9789970242837,11.566,,25.4401200484472,,85.0315432063732,0.338838750113442
2011-10-11,12.0164715284958,21.0257208483912,11.774,,25.4072622892629,,85.0004416909356,0.335170671627775
2011-10-12,12.0735084165123,20.9945716323195,11.8405,,25.5551222055922,,85.7779795768753,0.334941416722421
2011-10-13,12.2608295645245,21.1658923207138,11.8075,,25.5797655249805,,85.653573515125,0.354428083677524
2011-10-14,12.6681930226216,21.2359780568751,12.3355,,26.1629907505019,,87.0686924675354,0.360388711216732
2011-10-17,12.6078539989831,21.0101462403554,12.1165,,25.6536954831451,,85.4358629070618,0.342506828599108
2011-10-18,12.6753976821606,21.2671272729468,12.194,,26.1876340698901,,87.1464462561293,0.354886593488233
2011-10-19,11.9663391058707,21.1269558006242,11.5765,,25.8672709178431,,86.0578932158137,0.347779691422254
2011-10-20,11.8669748430629,21.0568700644629,11.6805,,25.9001286770274,,86.4466621587836,0.330356318615338
2011-10-21,11.7937274710838,21.150317712678,11.739,,26.3847806249959,,88.1105932346946,0.331961102952817
2011-10-24,12.1809779213014,21.1736796247318,11.8805,,27.0008636097016,,89.2302477904479,0.344340867841941
2011-10-25,11.940822603337,20.8777620720507,11.3575,,26.5901416198978,,87.5041136836616,0.331273338236754
2011-10-26,12.0257775470669,20.7064413836564,9.92,,26.614784939286,,88.3438546004766,0.335170671627775
2011-10-27,12.1485569533762,21.2204034488393,10.339,,27.6498043535916,,91.3918031133605,0.349613730665087
2011-10-28,12.15636200121,21.0101462403554,10.866,,27.6744476729798,,91.4851076596732,0.357637652352482
2011-10-31,12.1512587007033,20.7375905997281,10.6755,,26.9187192117408,,89.1369432441352,0.33929725992415
2011-11-01,11.9029981407576,20.239203142581,10.60525,,26.0315597137646,,86.7732280708782,0.322332396927942
2011-11-02,11.9300156140286,20.2547777506169,10.781,,26.5162116617331,,88.1416947501322,0.316715651746766
2011-11-03,12.0999255014884,20.6597175595489,10.9145,,27.1980101648074,,89.7745243106058,0.335858436343838
2011-11-04,12.0149705577585,20.441673047047,10.824,,26.7380015362272,,89.2582391543418,0.339755769734858
2011-11-07,11.9996606562383,20.8699747680328,10.85,,27.0008636097016,,89.7745243106058,0.337921730492025
2011-11-08,12.1947868520843,21.150317712678,10.8995,,27.6087321546112,,90.8475265932026,0.345716397274066
2011-11-09,11.8660742606206,20.4027365269574,10.561,,25.9494153158039,,87.5663167145368,0.32829302446715
2011-11-10,11.5640789482804,20.4650349591008,10.5395,,26.0644174729489,,88.3594053581954,0.331731848047463
2011-11-11,11.546067299433,20.9556351122299,10.8695,,26.5901416198978,,90.0886496165254,0.343423848220525
2011-11-14,11.3851632363969,20.8388255519611,10.9465,,26.5326405413253,,89.2146970327291,0.336775455965254
2011-11-15,11.6724490355118,20.9789970242837,10.8915,,27.0747935678663,,89.681219764293,0.341131299166983
2011-11-16,11.5505702116449,20.4533452663828,10.5995,,26.2779929076469,,88.234999296445,0.334253652006359
2011-11-17,11.3296273191176,20.0375311892373,10.226,,25.316903451506,,86.8198803440346,0.322332396927942
2011-11-18,11.2554793646961,19.849238022228,9.857,,25.1361857759924,,86.6954742822843,0.319352083158338
2011-11-21,11.077464235255,19.6138715634664,9.4625,,24.5693894300631,,85.1403985104047,0.335399926533129
2011-11-22,11.3026098458466,19.4491150423333,9.617,,24.4872450321024,,84.6894265365597,0.345716397274066
2011-11-23,11.016825017469,19.1980574863209,9.4495,,23.8218754086202,,82.9010893988982,0.3310440833314
2011-11-25,10.9141586190392,19.0646831596894,9.11995,,23.6082999739222,,82.6522772753975,0.321873887117234
2011-11-28,11.2909022740959,19.5118794313364,9.7075,,24.5365316708788,,85.1248477526859,0.339985024640212
2011-11-29,11.2032455830389,19.4883427854602,9.4195,,24.4297439535298,,85.3736598761867,0.341819063883046
2011-11-30,11.4734203157488,20.0689133837388,9.6145,,25.7522687606981,,88.8725803629156,0.358325417068545
2011-12-01,11.6454315622408,19.8335469249773,9.8565,,26.0151308341725,,88.8103773320404,0.362681260270274
2011-12-02,11.6985659263404,19.7864736332249,9.8015,,25.6290521637569,,88.763725058884,0.360388711216732
2011-12-05,11.7979301891482,20.1630599672435,9.812,,26.2040629494822,,89.7278720374494,0.354886593488233
2011-12-06,11.7360901947723,20.1316777727419,9.5995,,26.0644174729489,,89.8056258260434,0.349842985570441
2011-12-07,11.6802540833456,20.0846044809896,9.766,,25.9083431168235,,90.1010902227005,0.347779691422254
2011-12-08,11.7273845644961,19.9276935084819,9.524,,25.2511879331374,,88.157245507851,0.336775455965254
2011-12-09,11.816242032143,20.1630599672435,9.6515,,26.0315597137646,,89.6501182488554,0.341589808977692
2011-12-12,11.7628074738959,20.0139945433611,9.476,,25.7276254413098,,88.3594053581954,0.333107377479588
2011-12-13,11.6718486472169,20.2101332589958,9.0255,,25.3251178913021,,87.5196644413804,0.323937181265422
2011-12-14,11.4130812921102,20.0767589323642,9.0105,,24.5365316708788,,86.5399667050963,0.311328161470943
2011-12-15,11.3755570236783,20.0532222864881,9.063,,23.8465187280084,,86.866532617191,0.308577102606693
2011-12-16,11.437997406349,20.3984264260051,9.063,,23.9943786443378,,86.9287356480662,0.309723377133464
2011-12-19,11.4737205098962,20.0296856406119,8.9665,,23.5056194764713,,86.0423424580949,0.301584827993391
2011-12-20,11.8861872685001,20.4180402975685,9.126,,23.9615208851535,,88.6082174816961,0.318664318442276
2011-12-21,11.9010468787991,20.2101332589958,8.7175,,21.1686113544877,,88.8725803629156,0.314537730145901
2011-12-22,11.9642377468385,20.2493610021227,8.9515,,21.1028958361191,,89.7123212797306,0.327949142109119
2011-12-23,12.1077305493222,20.4219630718812,8.864,,21.4068301085739,,90.416770604392,0.324854200886838
2011-12-27,12.203792676508,20.4298086205066,8.8135,,21.0495019774446,,90.5106288437737,0.322332396927942
2011-12-28,12.0870171531478,20.2572065507481,8.6945,,20.9550359197897,,89.39997301109,0.314308475240547
2011-12-29,12.1614653017168,20.4141175232559,8.693,,21.1932546738759,,90.2134110857316,0.320269102779755
2011-12-30,12.1578629719473,20.3670442315035,8.655,,21.0700380769348,,89.8692642079987,0.317747298820859
2012-01-03,12.3448839258121,20.9986108958472,8.9515,,21.2466485325504,,91.1989225992397,0.321873887117234
2012-01-04,12.4112268323997,21.4968032335592,8.8755,,21.3657579095935,,91.3553529982092,0.325541965602901
2012-01-05,12.5490159460818,21.71647859507,8.8805,,21.8421954177659,,91.6525707562514,0.337233965775963
2012-01-06,12.6802007885199,22.049914411649,9.1305,,22.1214863708325,,91.4648542774879,0.333336632384942
2012-01-09,12.6600877806403,21.7635518868223,8.928,,22.2529174075697,,91.6056416365605,0.333336632384942
2012-01-10,12.7054170969061,21.8420073730762,8.967,,22.2035213644896,,92.3877936314082,0.331961102952817
2012-01-11,12.6847037007317,21.7478607895716,8.945,,22.1376599737162,,92.4816518707899,0.325312710697546
2012-01-12,12.6498811796269,21.9675361510824,8.7965,,22.3681748414232,,92.6850113894503,0.323249416549359
2012-01-13,12.6024505043289,22.1636748667171,8.921,,22.5081302968167,,92.2939353920265,0.314766985051255
2012-01-17,12.7492454424346,22.1675976410298,9.083,,22.7715758599104,,92.5442240303777,0.309952632038818
2012-01-18,12.8816310614625,22.1479837694663,9.472,,23.3313976814845,,93.5766646635767,0.320498357685109
2012-01-19,12.8408046574085,22.061682734587,9.7225,,23.5125165061114,,94.0772419402792,0.328980789183213
2012-01-20,12.6171600175542,23.3091249660235,9.5465,,23.6360066138116,,94.0772419402792,0.326000475413609
2012-01-23,12.8305680369803,23.3248160632743,9.3045,,23.3725610507179,,94.1711001796609,0.334941416722421
2012-01-24,12.6204621531762,23.0188396668842,9.35,,23.471353136878,,94.0303128205883,0.342506828599108
2012-01-25,13.4084717902469,23.1914417366427,9.39,,23.471353136878,,94.8593939351269,0.340443534450921
2012-01-26,13.3475323783134,23.1443684448904,9.6658,,23.2902343122511,,94.3744596983213,0.337233965775963
2012-01-27,13.4270838273891,22.9325386320049,9.7685,,23.3972590722579,,94.2493153791457,0.341819063883046
2012-01-30,13.5990950738811,23.2306694797696,9.6075,,23.5454472014981,,93.9364545812066,0.33929725992415
2012-01-31,13.7032624430482,23.1679050907665,9.722,,23.2243729214777,,93.8895254615157,0.338609495208087
2012-02-01,13.694556812772,23.4503448412805,8.973,,23.7759620692051,,94.7811787356421,0.342277573693754
2012-02-02,13.6624360389942,23.4974181330328,9.086,,23.7183333522783,,94.9688952144055,0.35500122094091
2012-02-03,13.7993245702339,23.724939043169,9.384,,23.9653135676787,,96.3141966455435,0.362681260270274
2012-02-06,13.9281078594923,23.6935568486674,9.157,,23.8747541553652,,96.173409286471,0.359815573953347
2012-02-07,14.0740022151557,23.8112400780482,9.2095,,23.8335907861318,,96.4706270445131,0.360847221027441
2012-02-08,14.3096546209083,24.0544520854352,9.274,,23.6524719615049,,96.6739865631735,0.373914750632627
2012-02-09,14.8046747700624,24.1407531203145,9.249,,23.7841947430518,,96.7834878424521,0.373685495727273
2012-02-10,14.8121796237487,23.9250005331163,9.277,,23.459004126108,,96.1264801667801,0.36440067206043
2012-02-13,15.0877578511129,23.9916876964321,9.5795,,23.4054917461046,,96.8617030419369,0.370246672146961
2012-02-14,15.2936910362673,23.8896955643021,9.565,,23.2490709430177,,96.7271728988231,0.372309966295148
2012-02-15,14.9397621364173,23.731747163877,9.2235,,23.0350214230041,,96.2985536056466,0.370705181957669
2012-02-16,15.0760502793621,24.7070785365022,8.9965,,23.8335907861318,,97.3466372787425,0.377124319307586
2012-02-17,15.073348532035,24.6794375664278,9.125,,23.701868004585,,97.5812828771968,0.363369024986336
2012-02-21,15.4554956817459,24.8294885468317,9.113,,23.6607046353516,,97.6438550367846,0.365088436776492
2012-02-22,15.4011605410564,24.6952324064703,9.029,,23.5042838322647,,97.3153511989486,0.362681260270274
2012-02-23,15.501725580454,24.7742066066829,8.9445,,23.7183333522783,,97.7846423958572,0.364744554418461
2012-02-24,15.6824424572222,24.8610782269167,8.9565,,24.0805710015321,,97.9254297549298,0.361993495554211
2012-02-27,15.7830074966198,24.7584117666404,8.9265,,24.0888036753788,,98.0975031937963,0.354657338582878
2012-02-28,16.0726948489143,25.1690776077457,9.19,,24.1958284353856,,98.4416500715292,0.35144776990792
2012-02-29,16.2837313345756,25.0664111474694,8.9845,,24.0846873384555,,97.9097867150328,0.347321181611545
2012-03-01,16.344670746509,25.5007692486385,9.002,,24.5580660846395,,98.5511513508079,0.349613730665087
2012-03-02,16.3659845309784,25.3309747181815,8.965,,24.6650908446463,,98.2852196725597,0.352594044434691
2012-03-05,16.0051511657369,25.1137956675969,9.013,,24.8956057123532,,97.862857595342,0.340672789356275
2012-03-06,15.9180948629748,24.9203088770761,9.0545,,24.6527418338762,,96.3298396854405,0.337463220681317
2012-03-07,15.9310032113154,25.145385347682,9.1885,,24.8791403646599,,97.0963486403912,0.339526514829504
2012-03-08,16.2702225979401,25.2796414880433,9.382,,24.7556502569597,,98.0349310342084,0.340558161903598
2012-03-09,16.3656843368309,25.2638466480008,9.216,,24.8050463000398,,98.4103639917353,0.339755769734858
2012-03-12,16.570716939543,25.3033337481071,9.1695,,24.4592739984793,,98.4572931114262,0.334368279459036
2012-03-13,17.0540295169463,25.8008712094463,9.2295,,24.8050463000398,,100.224956619782,0.339068005018796
2012-03-14,17.6988465456807,25.8798454096588,9.113,,24.5662987584861,,100.146741420297,0.329324671541244
2012-03-15,17.5781684984036,25.9430247698289,9.2215,,24.747417583113,,100.662961736897,0.334253652006359
2012-03-16,17.5784686925511,25.7455892692975,9.2525,,24.4839720200194,,100.803749095969,0.334712161817067
2012-03-19,18.0446702035495,25.4296924684472,9.276,,24.5004373677127,,101.226111173187,0.335629181438483
2012-03-20,18.1905645592128,25.2638466480008,9.6165,,24.7803482784998,,100.944536455042,0.330127063709984
2012-03-21,18.0866973841932,25.2006672878308,9.5865,,24.212293783079,,100.788106056072,0.331502593142109
2012-03-22,17.9918360335973,25.2677953580114,9.62,,23.5701452230381,,100.005954061225,0.3310440833314
2012-03-23,17.8930721590844,25.2796414880433,9.752,,23.5042838322647,,100.397030058648,0.333451259837619
2012-03-26,18.2211843622533,25.7376918492762,10.1435,,24.0064769369121,,101.750153009735,0.337463220681317
2012-03-27,18.4463299728449,25.6824099091274,10.272,,24.1628977399989,,101.467339119343,0.339755769734858
2012-03-28,18.5405909351459,25.4217950484259,10.058,,24.1711304138456,,100.980270752558,0.3475504365169
2012-03-29,18.3076402767205,25.3665131082771,10.2305,,24.1217343707655,,100.807440041763,0.349155220854379
2012-03-30,17.9981401106938,25.4731282785641,10.1255,,24.0064769369121,,101.137389580553,0.352937926792722
2012-04-02,18.5709105440389,25.5007692486385,9.9025,,24.3110858692391,,101.954407486129,0.35144776990792
2012-04-03,18.8918180876688,25.2243595478945,9.983,,24.1958284353856,,101.561610416141,0.345716397274066
2012-04-04,18.7414208197936,24.6478478863428,9.6995,,24.0064769369121,,100.493202385773,0.335858436343838
2012-04-05,19.0227027359594,24.8926679070017,9.7195,,24.3357838907792,,100.461778620174,0.335399926533129
2012-04-09,19.0992522435606,24.5609762661089,9.5935,,23.932382872292,,99.3462349414073,0.3310440833314
2012-04-10,18.8654010026928,24.0634388047698,9.349,,23.3879026001199,,97.6179278334594,0.324624945981484
2012-04-11,18.7981575136627,23.964721054504,9.3985,,23.214658877156,,98.4192338562353,0.328751534277859
2012-04-12,18.6951909210855,24.4622585158432,9.5345,,23.6766421383929,,99.7704557769946,0.3365462010599
2012-04-13,18.1686503864486,24.3319510854925,9.423,,23.5116481165226,,98.5763526842305,0.324624945981484
2012-04-16,17.4151630763353,24.5412327160558,9.275,,23.6230190812851,,98.4663695046339,0.320727612590463
2012-04-17,18.3028371703612,24.8294885468317,9.4195,,24.1551248018169,,99.9747102533884,0.321415377306526
2012-04-18,18.2620107663072,24.592565946194,9.5535,,24.0272544348674,,99.6290488317988,0.317976553726213
2012-04-19,17.6346049981253,24.4898994859176,9.555,,23.932382872292,,98.9848616370182,0.313047573261099
2012-04-20,17.2005242609046,25.6034357089149,9.499,,23.8251367580762,,99.1419804650135,0.306972318269214
2012-04-23,17.1620994100303,25.3665131082771,9.412,,23.4951487143356,,98.2935387938391,0.303304239783548
2012-04-24,16.8192776936361,25.208564707852,9.5165,,23.6683924372994,,98.6549120982282,0.293904788664027
2012-04-25,18.3118429947848,25.4296924684472,9.721,,23.8168870569827,,100.037557784587,0.299865416203235
2012-04-26,18.2427983408701,25.3586156882559,9.7995,,23.9406325733855,,100.728880627766,0.300094671108589
2012-04-27,18.101707091566,25.2559492279795,11.3425,,24.1221259974428,,100.93313510416,0.297572867149694
2012-04-30,17.5307378231057,25.283590198054,11.595,,24.2541212149391,,100.493202385773,0.298031376960402
2012-05-01,17.4752019058264,25.2796414880433,11.502,,24.3943661335289,,101.153101463353,0.303304239783548
2012-05-02,17.5907766525968,25.1137956675969,11.5125,,24.5098619488381,,100.838863807362,0.29459255338009
2012-05-03,17.4658958872553,25.0822059875119,11.4725,,24.2376218127521,,100.100405315785,0.289548945462298
2012-05-04,16.9684741849215,24.4662072258539,11.1995,,23.437400806681,,98.4663695046339,0.281066513964194
2012-05-07,17.0954563092952,24.2055923651524,11.258,,23.0331654530986,,98.5449289186315,0.285880866976632
2012-05-08,17.056431070126,24.0871310648335,11.195,,23.0414151541921,,98.1207080830443,0.285651612071278
2012-05-09,17.0864504848715,24.2924639853862,11.149,,22.9176696377894,,97.5707921850608,0.286797886598048
2012-05-10,17.1266765006306,24.2766691453437,11.3345,,22.2906923546821,,97.7436228958556,0.284734592449861
2012-05-11,17.01230253045,24.6083607862365,11.384,,22.2741929524951,,97.4293852398651,0.302845729972839
2012-05-14,16.7574376992603,24.2292846252162,11.1465,,22.241194148121,,96.3924009750963,0.301011690730006
2012-05-15,16.6058396547953,24.0160542846422,11.2195,,22.3236911590562,,95.8581969599124,0.298031376960402
2012-05-16,16.3928519071756,23.7696134760279,11.203,,22.0432013218766,,95.4496880071247,0.291956121968517
2012-05-17,15.9138921449104,23.6265188129615,10.918,,21.6554653704813,,94.0041947895683,0.290007455273007
2012-05-18,15.9216971927442,23.2687821552955,10.6925,,21.1274845004963,,93.2657362979905,0.27693992566782
2012-05-21,16.8492971083817,23.6503679234726,10.9055,,21.6637150715749,,94.8369245779432,0.281754278680257
2012-05-22,16.7199134308284,23.6583176269762,10.7665,,21.74621208251,,95.041179054337,0.278315455099945
2012-05-23,17.1278772772204,23.1415868992365,10.864,,22.0102025175026,,95.041179054337,0.285193102260569
2012-05-24,16.9705755439537,23.1097880852218,10.762,,21.5482192562656,,95.2140097651318,0.277627690383882
2012-05-25,16.8796167172747,23.1018383817181,10.6445,,21.5647186584527,,94.9940434059385,0.284276082639153
2012-05-29,17.1792104764353,23.4993235569025,10.7375,,21.8287090934452,,96.0781633191058,0.291612239610486
2012-05-30,17.3863444381796,23.3244300798213,10.4615,,21.5894677617332,,94.6955176327475,0.288173416030173
2012-05-31,17.343116480946,23.205184527266,10.6455,,21.8369587945387,,94.4598393907545,0.284963847355215
2012-06-01,16.8405914781055,22.6169064679931,10.411,,21.4492228431434,,92.1501926192241,0.274647376614278
2012-06-04,16.9396555467658,22.69640350303,10.7285,,21.6142168650138,,92.1187688536251,0.268916003980424
2012-06-05,16.8958272012373,22.6606298372634,10.6605,,22.0308267702364,,92.652972868809,0.276596043309788
2012-06-06,17.1548947504914,23.332379783325,10.882,,22.7114271104515,,94.8683483435422,0.284046827733799
2012-06-07,17.1626997983252,23.2369833412808,10.94,,22.4226875721784,,94.8526364607427,0.272584082466091
2012-06-08,17.4208667651369,23.5708708884357,10.924,,22.4061881699914,,95.638230600719,0.277856945289236
2012-06-11,17.1461891202152,22.9706682739072,10.825,,22.1174486317183,,94.4755512735541,0.281066513964194
2012-06-12,17.2959859997955,23.2846815623029,10.821,,22.2989420557756,,95.5753830695209,0.286797886598048
2012-06-13,17.1759083408133,23.1574863062439,10.7365,,22.2906923546821,,94.9469077575399,0.279232474721361
2012-06-14,17.1569961095236,23.3244300798213,10.7225,,22.1999456426534,,95.9996039051082,0.275793651141049
2012-06-15,17.235046587862,23.8650099180721,10.9175,,22.8516720290413,,96.8480455762826,0.281754278680257
2012-06-18,17.5847727696476,23.7219152550058,11.133,,22.3731893656173,,97.0523000526765,0.284276082639153
2012-06-19,17.6337044156829,24.4055897563229,11.2015,,23.0661642574727,,98.0421486690466,0.303418867236225
2012-06-20,17.5836020124726,24.5884329369078,11.151,,23.5033984154291,,97.8850298410514,0.308347847701339
2012-06-21,17.3413153160612,23.9564315083646,11.02875,,22.9424187410699,,95.7325018975162,0.294248671022058
2012-06-22,17.474301323384,24.4055897563229,11.108,,23.0991630618468,,96.4238247406954,0.297916749507725
2012-06-25,17.1340312572432,23.741789513765,11.0035,,22.7856744202931,,94.8997721091413,0.288631925840882
2012-06-26,17.1718557198226,23.8650099180721,11.2805,,22.958918143257,,95.3578435790423,0.29184149451584
2012-06-27,17.2461537713179,23.9842554706275,11.281,,23.2394079804366,,96.2108042471337,0.30124094563536
2012-06-28,17.0825479609546,23.7775631795316,11.0655,,23.2394079804366,,95.9896662961471,0.303533494688902
2012-06-29,17.5313382114006,24.3181430177824,11.4175,,24.5016122477446,,98.3747970532177,0.316830279199443
2012-07-02,17.7871036250326,24.2942939072713,11.466,,24.579984408133,,98.6433217079872,0.308233220248662
2012-07-03,17.9939373926295,24.4532879773451,11.4765,,24.7243541772696,,99.2909399930196,0.316371769388734
2012-07-05,18.3100418299001,24.4055897563229,11.353,,24.5181116499316,,98.8644596589739,0.313162200713776
2012-07-06,18.1881630060332,23.996180025883,11.2525,,24.0726277908817,,97.9483167191719,0.307201573174568
2012-07-09,18.428618518145,23.8491105110648,11.2525,,24.0066301821336,,97.821952175751,0.303074984878193
2012-07-10,18.2581082423903,23.6424182199689,10.975,,23.965381676666,,96.9216048038766,0.293904788664027
2012-07-11,18.1446348546521,23.2926312658066,10.9185,,24.1633745029104,,96.9374003718043,0.28909043565159
2012-07-12,17.9786274911092,22.7600011310595,10.768,,23.8244424623291,,96.4319421981204,0.284276082639153
2012-07-13,18.1608453386147,23.3641785973398,10.9195,,24.452706732675,,98.0746812625929,0.287829533672142
2012-07-16,18.2190830032211,23.4039271148582,10.8005,,24.4031069218582,,97.8535433116062,0.288746553293559
2012-07-17,18.2199835856635,23.5788205919394,10.8465,,24.7337723273034,,98.5485483004215,0.28358831792309
2012-07-18,18.1995703836365,24.2068471687307,10.8735,,25.213237165199,,99.2593488571644,0.299406906392527
2012-07-19,18.4415268664856,24.37776579406,11.3085,,25.5149693476678,,99.5120779440063,0.302272592709454
2012-07-20,18.1407323307352,23.9405321013572,11.4145,,24.894971712458,,98.5959350042044,0.293560906305996
2012-07-23,18.1266232058048,23.2767318587992,11.3005,,24.5105731786279,,97.6166097926919,0.297572867149694
2012-07-24,18.0392667088953,23.1733857132513,11.152,,24.2336409015675,,96.8426269642385,0.294363298474735
2012-07-25,17.2602628962483,22.9189952011332,10.8525,,24.1881744083188,,96.7794446925281,0.300094671108589
2012-07-26,17.2575611489212,23.181335416755,11.0005,,24.7999054083925,,98.3590014852901,0.301470200540714
2012-07-27,17.5661607325054,23.6543427752244,11.866,,25.4364363138746,,100.254469636604,0.308920984964724
2012-07-30,17.862452356044,23.562921184932,11.8045,,25.2793702462881,,100.207082932822,0.305596788837089
2012-07-31,18.3346577499915,23.4277762253693,11.665,,24.9652381111151,,99.5594646477892,0.310411141849526
2012-08-01,18.2160810617465,23.3800780043472,11.6045,,25.0644377327487,,99.4488956722959,0.306972318269214
2012-08-02,18.2455000881972,23.205184527266,11.5405,,24.7337723273034,,98.7538906834806,0.308118592795985
2012-08-03,18.4829536588345,23.6503679234726,11.7485,,25.3951031381939,,100.68094997065,0.314537730145901
2012-08-06,18.6885866498415,23.8093619935463,11.6995,,25.6265689220056,,100.94947462542,0.321186122401172
2012-08-07,18.6394748873178,24.0558028021607,11.828,,26.0399006788121,,101.407546095321,0.32439569107613
2012-08-08,18.6078344241759,24.1114507266865,11.719,,25.7588350841837,,101.518115070814,0.326229730318963
2012-08-09,18.7135027640803,24.2465956862492,11.703,,25.9324344220424,,101.628684046307,0.337233965775963
2012-08-10,18.7427459095399,24.1829980582197,11.6375,,26.1308336653096,,101.786639725584,0.335193597118311
2012-08-13,18.9929707624419,24.1591489477086,11.622,,25.9241677869063,,101.707661885946,0.339526514829504
2012-08-14,19.0439201602015,24.1114507266865,11.6595,,25.9159011517702,,101.755048589728,0.334482906911713
2012-08-15,19.0179932477321,24.1674680367053,11.871,,26.0812338544928,,101.865617565222,0.331961102952817
2012-08-16,19.1841063729719,24.6316114625758,12.0775,,26.4780323410271,,102.560622554037,0.338838750113442
2012-08-17,19.5389433029305,24.7276411368939,12.0585,,26.6185651383413,,102.797556072951,0.335858436343838
2012-08-20,20.0526579406956,24.5996015711365,12.0175,,26.4862989761632,,102.765964937096,0.335858436343838
2012-08-21,19.7786768005542,24.6476164082955,11.9725,,26.2465665572154,,102.450053578544,0.334941416722421
2012-08-22,20.164806910912,24.4395521139398,12.155,,26.2052333815347,,102.465849146471,0.335629181438483
2012-08-23,19.9766860576459,24.2114816374344,12.0599,,26.1101670774692,,101.660275182163,0.327949142109119
2012-08-24,19.994533420648,24.4555570596594,12.287,,26.411899259938,,102.292097899267,0.334712161817067
2012-08-27,20.3701118805822,24.5595892068373,12.196,,26.3126996383044,,102.292097899267,0.328980789183213
2012-08-28,20.34358201666,24.5115743696783,12.3055,,26.1060337599012,,102.197324491702,0.327605259751088
2012-08-29,20.3033651547599,24.527579315398,12.356,,26.031634043676,,102.292097899267,0.32829302446715
2012-08-30,20.0140087525727,24.2634977110234,12.311,,25.768755046347,,101.518115070814,0.322103142022588
2012-08-31,20.0553712222331,24.6636213540152,12.4135,,26.1639002058541,,102.055164380353,0.32164463221188
2012-09-04,20.3487071040086,24.3155137846123,12.394,,26.097767124765,,101.786639725584,0.304335886857641
2012-09-05,20.2058076097007,24.3195150210422,12.311,,26.5110988815716,,101.786639725584,0.305367533931735
2012-09-06,20.3878989484391,25.0837511791566,12.569,,26.9740304491949,,103.903245827885,0.314766985051255
2012-09-07,20.5136143263428,24.767653501193,12.957,,26.9492305437865,,104.32972616193,0.307201573174568
2012-09-10,19.9800022906361,24.5835966254168,12.8545,,26.7094981248387,,103.713699012753,0.304450514310318
2012-09-11,19.9151850094627,24.6396139354357,12.7835,,26.7177647599748,,103.99801923545,0.308118592795985
2012-09-12,20.1925426777396,24.6316114625758,12.7815,,26.6681649491581,,104.32972616193,0.311557416376297
2012-09-13,20.5901891608454,24.7556497919033,13.012,,26.9657638140588,,105.988260794331,0.313506083071807
2012-09-14,20.8404140137474,24.9757177955488,13.0635,,27.2385627735511,,106.430536696304,0.317288789010151
2012-09-17,21.0966985287498,24.9757177955488,12.9,,27.3625623005931,,106.114625337752,0.308577102606693
2012-09-18,21.1608827108978,24.9477091405394,12.9375,,27.2922959019359,,106.004056362258,0.310640396754881
2012-09-19,21.1666107496992,24.8492787243634,13.084,,27.0980299762369,,106.083034201896,0.314308475240547
2012-09-20,21.0641090027273,25.1677771441849,13.0405,,26.6681649491581,,106.067238633969,0.312015926187005
2012-09-21,21.1061648665584,24.9597128498291,12.8735,,26.8417642870168,,106.004056362258,0.313276828166453
2012-09-24,20.8256417031544,24.6316114625758,12.74025,,26.6392317261816,,105.866634921288,0.313162200713776
2012-09-25,20.3055960751351,24.3195150210422,12.623,,25.8745679760895,,104.787011169841,0.307430828079922
2012-09-26,20.0535623678748,24.1394593816959,12.4835,,25.399236455762,,104.120184735124,0.302157965256777
2012-09-27,20.540144190265,24.135458145266,12.8295,,25.8043015774324,,105.136301207074,0.304335886857641
2012-09-28,20.1115964452045,23.8153592308725,12.716,,26.0068341382676,,104.659996610847,0.305826043742443
2012-10-01,19.8790079222962,23.599292463657,12.6005,,26.1804334761263,,104.850518449338,0.300667808371975
2012-10-02,19.9368912617626,23.7353345022742,12.53,,26.1639002058541,,104.993409828206,0.301928710351423
2012-10-03,20.2425876483201,23.8953839594709,12.796,,26.3044330031683,,105.42208396481,0.298833769129142
2012-10-04,20.1024014355496,24.0314259980881,13.0235,,26.3664327666893,,106.231801778395,0.31224518109236
2012-10-05,19.6740044283523,23.8873814866111,12.9255,,25.9489676923147,,106.200048138646,0.304909024121027
2012-10-08,19.2392764309009,23.8313641765922,12.953,,25.7753683544559,,105.882511741162,0.301928710351423
2012-10-09,19.1693340623789,23.4312405336004,12.548,,25.337236692241,,104.850518449338,0.295509573001506
2012-10-10,19.3218807799312,23.1911663478053,12.2495,,25.3289700571049,,104.136061554998,0.290465965083715
2012-10-11,18.9356903744282,23.1671589292258,12.211,,25.4449300246652,,104.199568834495,0.292070749421194
2012-10-12,18.9843485566672,23.3672207507217,12.118,,25.6768499597858,,103.834401977388,0.289548945462298
2012-10-15,19.1364732082026,23.6152974093766,12.209,,25.925335604558,,104.70762707047,0.293217023947965
2012-10-16,19.5896665938953,23.599292463657,12.197,,26.397458329625,,105.771374002043,0.301694870347961
2012-10-17,19.4335353299562,23.6793171922553,12.3745,,25.8673556207778,,106.263555418143,0.299406906392527
2012-10-18,19.0725603542083,23.6032937000869,12.2425,,25.7721027902818,,105.993649480282,0.294821808285444
2012-10-19,18.3851956980438,22.9190822705709,12.0,,25.2420000814346,,104.183692014621,0.277513062931205
2012-10-22,19.1144654801763,22.4069240075414,11.689,,25.5111928632711,,104.247199294118,0.274418121708924
2012-10-23,18.4911764748982,22.4445356299826,11.7155,,25.3372529119306,,102.723024586193,0.282671298301674
2012-10-24,18.595927230789,22.3284197487864,11.4245,,25.3455357667563,,102.500749107954,0.279003219816007
2012-10-25,18.3760911311069,22.3108943332233,11.146,,25.5608899922255,,102.78653186569,0.279232474721361
2012-10-26,18.2091338738332,22.5749759375979,11.912,,25.6685671049601,,102.707147766318,0.276252160951757
2012-10-31,17.9474529433285,22.8390575419725,11.644655,,25.7431127983917,,102.611886847073,0.274532749161601
2012-11-01,17.9842299671905,23.6192986458066,11.607,,26.0744269914212,,103.818525157514,0.287714906219465
2012-11-02,17.3891198980579,23.6071348870596,11.62112,,25.8507899111263,,102.881792784935,0.28633937678734
2012-11-05,17.6249070784232,23.7113270836947,11.7165,,25.8839213304293,,103.119945083048,0.29848988677111
2012-11-06,17.5714976387363,23.8953839594709,11.878,,26.1986698138073,,103.882032437011,0.298260631865756
2012-11-07,16.9022938803294,23.2711910764037,11.60304,,25.5029100084454,,101.611647194997,0.289085850553483
2012-11-08,16.2888487192376,23.0551243091881,11.3675,,25.1965272084413,,100.262117505689,0.290695219989069
2012-11-09,16.5708555654972,23.0711292549078,11.3155,,25.1384643961129,,100.373255244808,0.279461729626715
2012-11-12,16.442725709463,22.5829784104578,11.3235,,25.0970501219842,,100.516146623676,0.273157219729476
2012-11-13,16.4447854801983,21.8623557294295,11.33,,24.8651301868636,,100.150979766569,0.271208553033966
2012-11-14,16.2624957701242,21.6609988289887,11.1475,,24.5006845745311,,98.9284646362545,0.264560160778695
2012-11-15,15.9214219689552,21.5162962548442,11.02995,,24.8072330316317,,98.5474209592732,0.265706435305466
2012-11-16,15.9837603244441,21.4034718272625,11.2615,,24.8485644772121,,99.0554791952482,0.260892082293029
2012-11-19,17.1363837953217,21.5703680477481,11.4855,,24.9645244447724,,101.071835319274,0.268189265930452
2012-11-20,16.990485387621,21.5560834099213,11.689,,25.0142215737269,,101.182973058393,0.265133298042081
2012-11-21,17.0143120885091,21.7497734143534,11.9015,,25.1757372428287,,101.405248536633,0.272748092502819
2012-11-23,17.3111614003613,22.3550546782036,11.994,,25.6105871211799,,102.691270946444,0.27459410328118
2012-11-26,17.8573035526771,22.1008365473865,12.181,,25.6437185404829,,102.56425638745,0.27932450590073
2012-11-27,17.7134225086671,21.8546888334207,12.170085,,25.8601495370794,,102.07207497135,0.280478262637205
2012-11-28,17.6576875358296,22.0806605052582,12.3555,,26.3394783458448,,102.834162325312,0.282901151783804
2012-11-29,17.8521541258389,21.7497734143534,12.5635,,26.3726097651478,,103.294590101664,0.277824622143312
2012-11-30,17.7285678817208,21.4794144498336,12.6025,,26.65008540181,,103.199329182419,0.276209362712246
2012-12-03,17.7561324606785,21.3296275130728,12.516455,,26.7619039419574,,102.834162325312,0.271132833071754
2012-12-04,17.4427868084962,21.2816892369758,12.624405,,26.8198839257376,,102.643640486822,0.279093754553435
2012-12-05,16.3204207639053,21.5238017425159,12.698,,26.5051354423596,,102.865915965061,0.275983226391897
2012-12-06,16.576444208154,21.5681890351983,12.6685,,26.5299840068368,,103.183452362545,0.276440114059541
2012-12-07,16.1525403617544,21.3502877802122,12.663405,,26.4388726037537,,103.500988760029,0.275863235691303
2012-12-10,16.0486703642776,21.741702997502,12.3885,,26.5631154261397,,103.564496039526,0.285208665256755
2012-12-11,16.3990464535762,22.0483788378528,12.5345,,26.7867525064347,,104.231322474243,0.291900454328313
2012-12-12,16.3267121518718,21.9838155030421,12.588,,26.6045297002684,,104.310706573614,0.288900686813477
2012-12-13,16.0447053056122,21.8789000839748,12.5625,,26.3296550978549,,103.675633778646,0.289131438160772
2012-12-14,15.44204062106,21.6367875784346,12.4595,,26.6211887670814,,103.342220561287,0.290515946244543
2012-12-17,15.7157478028862,21.8667944586978,12.693,,26.9210519697143,,104.580612511476,0.28924681383442
2012-12-18,16.1722293467242,22.2420688422849,13.02,,27.3875058404767,,105.644359443049,0.289823692202657
2012-12-19,15.9423225837693,22.0403084210015,12.8995,,28.3953793826597,,104.866395269212,0.291900454328313
2012-12-20,15.8035970247467,22.338913844501,13.075,,28.2702697908945,,105.517344884055,0.291669702981018
2012-12-21,15.7308931759398,22.1532942569202,12.846,,28.1205047802462,,104.532982051854,0.28497791390946
2012-12-24,15.7562768211778,21.8385479997181,12.931,,27.9955617791491,,104.231322474243,0.282670400436509
2012-12-26,15.5391376077071,21.6771396626913,12.43157,,27.9955617791491,,103.735592035965,0.282439649089214
2012-12-27,15.6015516900614,21.7578438312047,12.4155,,27.7123576433291,,103.639644209201,0.280593638310853
2012-12-28,15.4358370762572,21.4269567402999,12.259,,27.5041193081673,,102.488270288037,0.279209130227082
2012-12-31,16.1199141991222,21.5558412974157,12.5435,,27.7540053103614,,104.247313778704,0.282901151783804
2013-01-02,16.6305283353287,22.2904913433929,12.8655,,28.895151387048,,106.821913796862,0.293515713759379
2013-01-03,16.4204892727456,21.9918859198935,12.924,,28.5786291176021,,106.725965970098,0.293746465106674
2013-01-04,15.9632231985834,21.5802946604753,12.9575,,28.8285151197962,,107.173722494995,0.303438021693069
2013-01-07,15.8693218856505,21.5399425762186,13.42296,,28.6785835184797,,106.885879014704,0.294669470495855
2013-01-08,15.9120318376619,21.4269567402999,13.319,,28.6869130518862,,106.566052925492,0.288243045473686
2013-01-09,15.6633448121204,21.5480129930699,13.3175,,28.7035721186991,,106.885879014704,0.281747395047329
2013-01-10,15.8575084946686,21.3543229886379,13.267,,29.0784011219903,,107.669452933274,0.282208897741919
2013-01-11,15.760275199664,21.6529284121373,13.397,,29.036753454958,,107.717426846656,0.281747395047329
2013-01-14,15.1983818593723,21.7013509132453,13.6365,,29.1200487890227,,107.621479019892,0.281516643700033
2013-01-15,14.7188793484926,21.9596042524881,13.595,,28.9034809204544,,107.669452933274,0.276440114059541
2013-01-16,15.3298436974783,21.8224071660154,13.4465,,28.8535037200156,,107.669452933274,0.278978378879787
2013-01-17,15.2265522532521,21.9918859198935,13.524,,28.8368446532027,,108.333092068389,0.282670400436509
2013-01-18,15.1453730536844,21.9918859198935,13.606,,29.2449917901197,,108.644922505371,0.280824389658148
2013-01-22,15.2898599126165,21.9111817513801,13.5095,,29.0950601888033,,109.172635552571,0.279439881574377
2013-01-23,15.5695949529181,22.2824209265416,13.4055,,28.895151387048,,109.332548597177,0.279901384268968
2013-01-24,13.6459811213696,22.2985617602443,13.681,,29.1033897222097,,109.39651381502,0.281285892352738
2013-01-25,13.3242933977094,22.5003221815277,14.1995,,29.4698891920945,,110.004183384523,0.286362421993231
2013-01-28,13.6256863214777,22.5253404737669,13.802,,29.603161726598,,109.876252948838,0.290977448939133
2013-01-29,13.8813402186239,22.6052376005951,13.0175,,29.8030705283533,,110.324009473735,0.284747162562165
2013-01-30,13.8377215442293,22.4761109309737,13.6382,,29.4698891920945,,109.892244253299,0.284285659867575
2013-01-31,13.7971319444454,22.1532942569202,13.275,,29.5781731263786,,109.636383381929,0.282901151783804
2013-02-01,13.7404882492246,22.5406742657844,13.25,,30.1570756981283,,110.691809476329,0.28543941660405
2013-02-04,13.3980816552269,22.1452238400689,12.999,,29.2616508569327,,109.476470337323,0.280593638310853
2013-02-05,13.8684363607822,22.1896111327512,13.3445,,29.5531845261592,,110.595861649565,0.287054676035116
2013-02-06,13.8534727322051,22.0645196715555,13.111,,29.2366622567133,,110.691809476329,0.284747162562165
2013-02-07,14.2630036195767,22.0185182955029,13.0115,,28.7868674527638,,110.547887736184,0.283593405825689
2013-02-08,14.4689279809204,22.2339984254336,13.0975,,29.0700715885838,,111.155557305687,0.28543941660405
2013-02-11,14.6197157898925,22.484181347825,12.8605,,29.1200487890227,,111.107583392305,0.288669935466182
2013-02-12,14.2532557208149,22.5003221815277,12.935,,29.2449917901197,,111.283487741372,0.286823924687821
2013-02-13,14.2261443773836,22.6213784342978,13.4735,,29.1450373892421,,111.379435568135,0.28543941660405
2013-02-14,14.2133502602587,22.6294488511491,13.462,,29.0700715885838,,111.539348612741,0.293746465106674
2013-02-15,14.0174784195131,22.6052376005951,13.2545,,28.9951057879256,,111.395426872596,0.293769540241404
2013-02-19,14.0122998482959,22.8191036471555,13.4875,,29.4865482589074,,112.163009486705,0.28970831652901
2013-02-20,13.6729511226497,22.6767130913255,13.3205,,29.1575316893518,,110.771765998632,0.285670167951345
2013-02-21,13.5879616303199,22.3675221700947,13.297,,28.5536405173826,,110.244052951432,0.283593405825689
2013-02-22,13.7326570025659,22.5872104562324,13.271,,28.9451285874868,,111.203531219068,0.288900686813477
2013-02-25,13.4886549116838,22.2698829318113,12.9935,,28.5536405173826,,109.108670334729,0.283824157172985
2013-02-26,13.6766065846853,22.2698829318113,12.968,,28.5869586510085,,109.844270339917,0.287170051708764
2013-02-27,13.5425729767102,22.6278934721838,13.1625,,28.8868218536415,,111.219522523529,0.292509511037221
2013-02-28,13.4460078546008,22.6197568689935,13.2135,,28.5203223837568,,111.091592087844,0.293902413470731
2013-03-01,13.113056187517,22.7418059168478,13.287,,28.8451741866091,,111.379435568135,0.295063165498657
2013-03-04,12.7956402340849,22.9045379806535,13.6555,,29.1950145896809,,112.003096442099,0.293786338267939
2013-03-05,13.1335876992841,23.0672700444592,13.7795,,29.5365254593462,,112.962574709735,0.297152519148923
2013-03-06,12.9665940086205,22.8557183615118,13.6895,,29.8697067956051,,113.170461667723,0.296920368743338
2013-03-07,13.1164679520836,22.8964013774632,13.694,,29.9363430628568,,113.378348625711,0.296223917526582
2013-03-08,13.1511339170554,22.7824889327992,13.7095,,29.744763794508,,113.826105150608,0.297616819960093
2013-03-11,13.3384763463843,22.6767130913255,13.562,,29.886365862418,,114.241879066584,0.294714939890279
2013-03-12,13.0509133329103,22.7092595040867,13.7065,,29.5115368591268,,113.986018195214,0.295759616715412
2013-03-13,13.0484763582199,22.7133278056818,13.755,,29.6323150935206,,114.14593123982,0.295759616715412
2013-03-14,13.1748944202873,22.8923330758681,13.287,,30.2362062654898,,114.753600809323,0.295991767120997
2013-03-15,13.5148523896062,22.8109670439652,13.091,,30.2695243991157,,114.593687764717,0.293438112659561
2013-03-18,13.8822263241927,22.8638549647021,12.8945,,30.0196383969215,,113.970026890754,0.291348759009295
2013-03-19,13.8447578383269,22.9289477902244,12.8205,,29.7281047276951,,113.698174714923,0.289491555764615
2013-03-20,13.7713439757769,23.0387919332932,12.8639,,29.7905762282436,,114.481748633493,0.292973811848391
2013-03-21,13.7911443951369,22.8719915678924,12.6695,,26.9043929029014,,113.554252974778,0.288330803736689
2013-03-22,14.0707872408669,22.9859040125564,12.8875,,26.6378478338943,,114.377805154499,0.2897237061702
2013-03-25,14.1216590875302,22.9126745838438,12.801,,26.0297918952219,,114.056474054192,0.288098653331104
2013-03-26,14.0472095107367,22.9086062822487,13.0155,,26.2671835973063,,114.908001470007,0.29018800698137
2013-03-27,13.7713439757769,23.0835432508398,13.265,,26.6128592336749,,114.843735249945,0.293670263065146
2013-03-28,13.4843902059755,23.2747534258115,13.3245,,26.9293815031208,,115.100800130191,0.297848970365678
2013-04-01,13.0655351810531,23.2788217274067,13.0805,,26.9960177703726,,114.779469029884,0.288098653331104
2013-04-02,13.0924028270154,23.4334171880221,13.1661,,27.2750571394893,,115.341798455422,0.284964622855705
2013-04-03,13.1593587066357,23.2381387114552,12.9515,,26.9876882369661,,114.185006494315,0.281505581812487
2013-04-04,13.0292851825325,23.2666168226212,12.954,,26.9585348700434,,114.634870034745,0.28426817163895
2013-04-05,12.8915961125216,23.3520511561192,12.774,,26.6794955009267,,114.185006494315,0.289259405359029
2013-04-08,12.9832872852501,23.2625485210261,12.9475,,26.9543701033402,,114.891934914991,0.288562954142274
2013-04-09,13.0067431666458,24.0924820464352,13.057,,27.5207783749802,,115.309665345391,0.293205962253976
2013-04-10,13.2720687860694,24.6376344601843,13.2385,,28.0955161800267,,116.723522186745,0.297848970365678
2013-04-11,13.2306402163316,23.5432613310909,13.4925,,27.9997265458523,,117.109119507114,0.296456067932167
2013-04-12,13.0926465244844,23.4252805848318,13.6435,,27.870618778052,,116.852054626868,0.30388488091089
2013-04-15,12.7895477973587,23.3439145529289,13.386,,27.3208695732249,,114.185006494315,0.297616819960093
2013-04-16,12.984201150759,23.5717394422569,13.617,,27.8331358777229,,115.791661995853,0.300866925638284
2013-04-17,12.2701675664549,23.4537586959978,13.37,,27.0584892709211,,114.088607164222,0.296804293540545
2013-04-18,11.9426990924246,23.4252805848318,12.971,,26.7544613015849,,113.15674697333,0.29111660860371
2013-04-19,11.8963965733059,24.2185993958846,13.016,,26.9626996367467,,114.361738599484,0.291813059820466
2013-04-22,12.14435874806,25.0607378260792,13.1775,,27.0834778711405,,114.875868359976,0.292277360631636
2013-04-23,12.3716066379452,24.8980057622735,13.445,,27.0376654374049,,116.096926541145,0.299938324015944
2013-04-24,12.3512578992799,25.8418517323466,13.439,,27.0793131044373,,116.129059651176,0.310152941861688
2013-04-25,12.4401465511143,25.9883105897717,13.735,,26.879404302682,,116.643189411668,0.312706596323124
2013-04-26,12.7089753216555,25.8662615419174,12.7405,,26.9535371499996,,116.386124531422,0.311313693889614
2013-04-29,13.1023944232462,26.5334630035208,12.487,,26.8544157024626,,117.141252617145,0.315028100378975
2013-04-30,13.4880456680112,26.9321565598448,12.6905,,27.304210506412,,117.510783382499,0.319671108490677
2013-05-01,13.38173264714,26.622965638614,12.4115,,27.6207327758579,,116.450390751483,0.316885303623656
2013-05-02,13.5715120511593,26.9809761789865,12.6275,,28.0621980464009,,117.494716827483,0.320599710113017
2013-05-03,13.7073733901524,27.249484084266,12.9025,,27.8039825108003,,118.603309123544,0.321992612546528
2013-05-06,14.03423262051,27.4610357672134,12.786,,27.9122664450844,,118.972839888898,0.321064010924188
2013-05-07,13.9717242196998,27.1030252268408,12.8865,,27.7040281099226,,119.583368979483,0.316885303623656
2013-05-08,14.1295792552742,26.8426539247517,12.934,,27.870618778052,,120.209964625083,0.322665848722725
2013-05-09,14.0071212770787,26.5741460194723,13.008,,28.0705275798073,,119.856500414744,0.322921214168868
2013-05-10,13.8905920373018,26.5985558290431,13.1815,,28.3370726488144,,120.274230845144,0.337546689720729
2013-05-13,13.9448701305663,26.8752003375128,13.2255,,28.1371638470591,,120.258164290129,0.330582177553177
2013-05-14,13.6112285177313,27.4691723704037,13.4165,,28.0455389795879,,121.527422136344,0.335457336070464
2013-05-15,13.1509380206125,27.727233488706,13.328,,28.3079192818917,,122.218284002005,0.341145021007298
2013-05-16,13.3265905167815,27.919755275376,13.206,,28.6286063180409,,121.655954576467,0.339636043370995
2013-05-17,13.2861732699326,28.5669561752453,13.495,,29.178355522868,,122.812746537574,0.345207653105038
2013-05-20,13.5827095195754,28.7389969207802,13.3815,,29.0700715885838,,122.812746537574,0.344511201888282
2013-05-21,13.4824330421884,28.5505713423372,13.443,,29.2366622567133,,122.973412087728,0.348109533174851
2013-05-22,13.5343805506574,28.3539533474402,13.148,,28.4203679828791,,122.154017781944,0.335977029337658
2013-05-23,13.5584837039376,27.9771021905543,13.09,,28.5119928503503,,121.720220796528,0.341343329111801
2013-05-24,13.6507871280767,28.0745919463574,13.087,,28.3620612490338,,121.559555246375,0.339243472678441
2013-05-28,13.5369871257577,28.6898424220559,13.3645,,28.7618788525444,,122.427149217205,0.339010155296956
2013-05-29,13.6446540101937,28.5751485916994,13.2765,,28.6535949182603,,121.495289026313,0.336910298863596
2013-05-30,13.847966868015,28.69803483851,13.3415,,28.6036177178215,,122.025485341821,0.341343329111801
2013-05-31,13.7913888555443,28.5915334246074,13.46,,28.1371638470591,,120.242097735113,0.337610251008049
2013-06-03,13.8215944611181,29.1568101599364,13.344,,28.6452653848538,,120.868693380713,0.33714361624508
2013-06-04,13.778355980043,28.6652651726938,13.285,,28.453686116505,,120.499162615359,0.337610251008049
2013-06-05,13.6495605045001,28.4932244271589,13.3585,,28.4203679828791,,118.651508788591,0.33037741218203
2013-06-06,13.4456343348905,28.6406879233317,13.3915,,27.7789939105808,,119.583368979483,0.332477268615391
2013-06-07,13.54839472502,29.2223494915687,13.8435,,28.1663172139817,,121.254290701082,0.337026957554338
2013-06-10,13.4588205383389,29.0585011624878,14.0535,,28.3620612490338,,121.206091036036,0.336910298863596
2013-06-11,13.4192619279936,28.5423789258832,13.739,,27.9622436455232,,119.968966299852,0.330610729563515
2013-06-12,13.2533610892586,28.6734575891479,13.5835,,27.9205959784909,,119.03710610896,0.327810920985701
2013-06-13,13.3691236893001,28.4399737202077,13.7895,,28.5286519171632,,120.756227495606,0.335277077193205
2013-06-14,13.1877367279105,28.1819126019053,13.6995,,28.1288343136526,,120.017165964898,0.334810442430236
2013-06-17,13.2475346272697,28.6734575891479,13.903,,28.5453109839762,,120.981159265821,0.338076885771018
2013-06-18,13.2404815417043,28.6570727562398,14.088,,28.6535949182603,,121.913019456713,0.335977029337658
2013-06-19,12.9715443225349,28.3375685145321,13.908,,28.3953793826597,,120.290297400159,0.346242994122975
2013-06-20,12.7825829605598,27.4364027045875,13.672,,27.6623804428902,,117.237651947237,0.336910298863596
2013-06-21,12.6802212230927,27.2520733343715,13.668,,25.1010489204004,,117.607182712591,0.336327005409885
2013-06-24,12.3441263631045,27.6207320748034,13.5305,,25.1302022873231,,116.127452995674,0.329444142656092
2013-06-25,12.3468862661519,27.5838662007602,13.6044,,24.9552820857872,,117.290180935556,0.331777316470937
2013-06-26,12.2070511784196,28.1409505196351,13.8785,,25.1052136871036,,118.388312878777,0.329910777419061
2013-06-27,12.0754957998293,28.3621457638943,13.8775,,25.3634292227042,,119.179613837863,0.326877651459763
2013-06-28,12.1598261707205,28.3007026404889,13.8845,,25.5799970912725,,118.436759876272,0.327577603604217
2013-07-01,12.5489725003966,28.1491429360892,14.105,,25.0802250868842,,119.324954830349,0.328977507893123
2013-07-02,12.8332425142734,27.8050614450194,14.1865,,25.0718955534778,,119.147315839533,0.328744190511639
2013-07-03,12.904080025822,27.8624083601977,14.2015,,25.571667557866,,119.260358833688,0.329677460037577
2013-07-05,12.8004303335994,28.0262566892785,14.294,,25.9798146947831,,120.58457676522,0.332243951233906
2013-07-08,12.7277528866859,28.1204694785,14.5295,,26.3588084647775,,121.214387732656,0.330494070872773
2013-07-09,12.9516116894152,28.1409505196351,14.5765,,26.2505245304934,,122.134880685062,0.332267282972055
2013-07-10,12.9019334345629,28.4276850955266,14.6165,,26.1130872292866,,122.167178683392,0.336676981482112
2013-07-11,13.1030383699463,29.2346381162498,14.983,,26.6398642050936,,123.89512159405,0.341343329111801
2013-07-12,13.0791805413815,29.2223494915687,15.3775,,26.1298103078837,,123.92741959238,0.341576646493286
2013-07-15,13.1076995395374,29.6319703142708,15.3285,,26.7652872945714,,124.379591569,0.340876694348832
2013-07-16,13.1921832383757,29.7138944788112,15.3435,,26.7569257552729,,123.911270593215,0.342743233400708
2013-07-17,13.1957097811584,29.279696406747,15.4345,,26.8907103840493,,124.21810157735,0.340876694348832
2013-07-18,13.2401135546313,29.0339239131257,15.2055,,26.7652872945714,,124.928657540611,0.339476790059925
2013-07-19,13.0313422218941,25.7241876656927,15.2615,,26.6398642050936,,125.154743528922,0.332243951233906
2013-07-22,13.0730474234985,26.2239250693892,15.174,,26.6482257443921,,125.380829517232,0.332010633852422
2013-07-23,12.8485753089809,26.0682691567624,15.053,,26.8154565303625,,125.122445530592,0.331543999089453
2013-07-24,13.5084987931912,26.182962987119,14.947,,27.0830257879153,,124.654124554806,0.331543999089453
2013-07-25,13.4468609584671,25.7159952492386,15.17,,27.0663027093182,,124.880210543116,0.332710585996875
2013-07-26,13.5232182761104,25.9044208276816,15.6005,,27.2084488773931,,125.041700534766,0.331310681707968
2013-07-29,13.7317442841322,25.8388814960492,15.305,,27.158279641602,,124.678348053553,0.330610729563515
2013-07-30,13.901324993597,26.0928464061246,15.1205,,27.2168104166916,,124.686422553136,0.336210346719143
2013-07-31,13.8770991779592,26.0846539896705,15.061,,27.0495796307212,,124.718720551466,0.336793640172854
2013-08-01,14.0042387116737,25.9453829099518,15.2785,,27.3840412026621,,126.236726472978,0.341576646493286
2013-08-02,14.1840617280031,26.1256160719407,15.2105,,27.2335334952887,,126.430514462958,0.344376455071099
2013-08-05,14.3959609508606,25.9699601593139,15.0495,,27.4091258205577,,126.349769467133,0.346009676741491
2013-08-06,14.2671654753177,25.8716511618654,15.0375,,27.5930796851252,,125.590766506377,0.340876694348832
2013-08-07,14.2588857661756,26.2673448765957,14.8455,,27.4425719777518,,125.154743528922,0.340643376967348
2013-08-08,14.2306734239139,26.9448577173449,14.787,,27.6098027637222,,125.590766506377,0.342953219044044
2013-08-09,14.028176259729,26.7892018047181,14.863,,27.526187370737,,125.235488524747,0.338076885771018
2013-08-12,14.4266882093672,26.9284728844369,14.8345,,27.8021181675882,,125.073998533096,0.335277077193205
2013-08-13,15.1122769314017,26.5925838098211,14.6985,,27.8021181675882,,125.558468508047,0.336443664100627
2013-08-14,15.3879323698424,26.691594360773,14.567,,28.069687425141,,124.847912544786,0.350676024371181
2013-08-15,15.3697199724538,26.2295451229976,14.3235,,27.3673181240651,,123.023075639139,0.352892539495283
2013-08-16,15.5061586105174,26.2377960022436,14.241,,27.0997488665123,,122.667797657508,0.354385770736784
2013-08-19,15.6731570340297,25.9019852169319,14.2785,,26.807094991064,,121.892645697587,0.348809485319305
2013-08-20,15.4672643381283,26.0892801758158,14.3545,,26.9241565412433,,122.377115672538,0.350559365680438
2013-08-21,15.5070846646219,26.0810292965698,14.2285,,27.0077719342286,,121.747304705102,0.348917950590296
2013-08-22,15.525605746712,26.7245978777569,14.4865,,27.0913873272138,,122.813138649993,0.350793853550459
2013-08-23,15.4657209146208,28.6718053798102,14.5005,,26.5646103514069,,123.216863629119,0.350793853550459
2013-08-26,15.5259144314135,28.1767526250509,14.3105,,27.0412180914227,,122.829287649158,0.35161456109553
2013-08-27,15.0820258306546,27.442424372158,14.0465,,26.5729718907054,,120.810662753531,0.347159291565143
2013-08-28,15.1532085228208,27.2444032702542,14.079,,26.4726334191231,,121.214387732656,0.347042047630133
2013-08-29,15.1780267728215,27.6816998702916,14.199,,26.5060795763172,,121.408175722636,0.346338584020072
2013-08-30,15.0396125526683,27.5579366816018,14.049,,26.6398642050936,,120.875258750191,0.345869608280031
2013-09-03,15.0817171459531,26.3038030362115,14.44,,26.7736488338699,,121.585814713452,0.346104096150051
2013-09-04,15.3938282476411,25.7386178078613,14.682,,27.0244950128256,,122.603201660848,0.349386926330336
2013-09-05,15.2882272112575,25.7716213248453,14.705,,26.9743257770345,,122.570903662518,0.350324877810418
2013-09-06,15.3792891982004,25.7031390271036,14.793,,26.9241565412433,,122.780840651663,0.348917950590296
2013-09-09,15.624693535894,26.1181582531768,14.9855,,27.3840412026621,,123.99201558904,0.354662903405795
2013-09-10,15.2687800750629,26.7245978777569,15.018,,27.4760181349458,,124.928657540611,0.362283759181456
2013-09-11,14.4374921739198,27.0133786513665,14.982,,27.6098027637222,,125.316233520572,0.368380443801986
2013-09-12,14.5912171552674,26.9721242551366,14.943,,27.4174873598562,,125.009402536436,0.368145955931965
2013-09-13,14.3507517727979,27.2526541495002,14.896,,27.1415565630049,,125.267786523077,0.370490834632169
2013-09-16,13.8945157839789,27.0637090147671,14.803,,27.5679950672296,,126.026789483833,0.370725322502189
2013-09-17,14.0550318287596,27.1701453570403,15.2085,,27.8104797068868,,126.543557457113,0.371897761852291
2013-09-18,14.3439607093648,27.4919296476339,15.6017,,28.3205336040966,,128.061563378626,0.375157143245574
2013-09-19,14.5791784519089,27.7559577835055,15.603,,28.3372566826937,,127.85162638948,0.373421933007423
2013-09-20,14.4282316328747,27.0554581355211,15.817,,28.4710413114701,,126.850388441249,0.370373590697159
2013-09-23,15.1453061944624,27.0133786513665,15.5745,,28.3790643791863,,126.386912165213,0.366739028711843
2013-09-24,15.0977687504312,26.7782285928559,15.7065,,28.1282182002306,,126.110993646295,0.368145955931965
2013-09-25,14.8640944313946,26.8194829890858,15.6325,,28.3205336040966,,125.705231118476,0.368732175607016
2013-09-26,15.0088675563988,27.0381312891045,15.906,,28.2703643683055,,126.208376652972,0.367442492321904
2013-09-27,14.9017539649778,27.4506752514039,15.8005,,28.2452797504099,,125.67277011625,0.365332101491721
2013-09-30,14.716543144077,27.4589261306499,15.632,,27.7352258532001,,124.974858568401,0.36486312575168
2013-10-01,15.06257869446,27.7064525080296,16.0475,,28.0111566500513,,125.932458134055,0.36462863788166
2013-10-02,15.1119682467002,27.9869824023932,16.0255,,28.1616643574247,,125.770153122927,0.364394150011639
2013-10-03,14.9221271552769,27.9374771269173,15.738,,27.7937566282897,,124.650248546145,0.360642344091314
2013-10-04,14.9103971366198,27.9539788854092,15.952,,27.8690104819764,,125.559156608461,0.365566589361741
2013-10-07,15.0560963157285,27.4754278891419,15.5015,,27.5585156346915,,124.487943535018,0.365566589361741
2013-10-08,14.845882034006,27.2361523910082,15.1615,,27.1641032611134,,123.04342893598,0.362518247051477
2013-10-09,15.020227153414,27.2856576664842,14.9115,,27.0130517137856,,123.04342893598,0.356890538170988
2013-10-10,15.1143759873719,27.8549683344574,15.2587,,27.6843919241313,,125.818844626265,0.360759588026324
2013-10-11,15.2123525116285,28.160250866559,15.54445,,27.910969245123,,126.565447677453,0.357828489651069
2013-10-14,15.3119959332731,28.4242790024306,15.535,,27.9277527503817,,127.117284715288,0.363221710661538
2013-10-15,15.3934886944694,28.4572825194145,15.32,,27.4829898610276,,126.175915650747,0.361345807701375
2013-10-16,15.4686225508149,28.5810457081044,15.5245,,27.7095671820193,,127.896348768701,0.365801077231762
2013-10-17,15.5731431907432,28.8120703269921,15.5385,,27.5836908925795,,128.772795828791,0.366504540841823
2013-10-18,15.7086557747023,28.845073843976,16.44655,,27.6088661504675,,129.633012387769,0.370725322502189
2013-10-21,16.0936473344148,28.869826481714,16.322,,27.6508249136141,,129.69793439222,0.371663273982271
2013-10-22,16.0475144057754,28.5315404326284,16.627,,27.6088661504675,,130.395845940069,0.369787371022108
2013-10-23,16.204712090015,27.8549683344574,16.3378,,27.441031097881,,129.795317398896,0.36347964731856
2013-10-24,16.4192479575584,27.8219648174734,16.6105,,27.7515259451659,,130.217310427829,0.360759588026324
2013-10-25,16.2355188232248,29.4803915459171,18.1695,,27.8186599662005,,130.817838969001,0.357359513911029
2013-10-28,16.3564614892731,29.3483774779813,17.908,,27.8102682135712,,130.980143980129,0.356656050300968
2013-10-29,15.9490594202316,29.3071230817514,18.135,,28.2885981134425,,131.783553785212,0.357125026041008
2013-10-30,16.2027365079254,29.3236248402433,18.054,,28.1375465661147,,131.04506598458,0.356890538170988
2013-10-31,16.135011084416,29.2122379704225,18.2015,,28.1123713082267,,130.558150951197,0.356163625773925
2013-11-01,16.0525305321748,29.3112485213744,17.9501,,28.1375465661147,,130.931452476791,0.357711245716059
2013-11-04,16.2599666515837,29.6536600100829,17.937,,28.2885981134425,,131.523865767407,0.347511023370174
2013-11-05,16.2198067719184,30.2312215573021,17.9446,,28.1123713082267,,131.126218490144,0.347042047630133
2013-11-06,16.1741523045664,31.5018569611843,17.809,,28.5907012080981,,131.734862281874,0.349386926330336
2013-11-07,15.9124695977728,30.9407971724571,17.178,,28.5319589396928,,130.046890166144,0.341062606944614
2013-11-08,16.1629745904651,31.1718217913448,17.5155,,28.8256702817191,,131.83224528855,0.36486312575168
2013-11-11,16.1160281912397,31.015055085671,17.7189,,28.8424537869777,,131.807899536881,0.367911468061945
2013-11-12,16.1458975272548,30.8252848630133,17.4765,,29.1193816237453,,131.572557270746,0.368497687736996
2013-11-13,16.165272231697,31.4812297630694,17.811,,29.371134202625,,132.586963590294,0.378697910082881
2013-11-14,16.3989485548256,31.3706679811731,18.3698,,28.850845539607,,133.325451390926,0.380339325173024
2013-11-15,16.3005536215285,31.2221521547453,18.4585,,29.3040001815904,,133.90163418043,0.379166885822922
2013-11-18,16.103018573994,30.6932707950774,18.309,,29.3123919342197,,133.40660389649,0.370021858892128
2013-11-19,16.1316148925698,30.5447549686497,18.247,,29.1697321395212,,133.146915878685,0.364042418206609
2013-11-20,15.9903410060118,30.8274228153927,18.1285,,29.1613403868919,,132.724922849753,0.358619506536433
2013-11-21,16.1808589330271,31.0934631417392,18.446,,29.320783686849,,133.763674920971,0.361448851755655
2013-11-22,16.139377194029,31.2347970651107,18.6155,,29.2284744079265,,134.445355967708,0.357912170231627
2013-11-25,16.2617110650265,31.292993386499,18.832,,29.1865156447799,,134.364203462144,0.365692869584489
2013-11-26,16.5616463934111,31.0518943407475,19.0685,,29.3123919342197,,134.299281457693,0.36875799357198
2013-11-27,16.9516244187227,31.2597383457057,19.3355,,29.6144950288753,,134.66446773273,0.370172666181591
2013-11-29,17.265531889734,31.700367636217,19.681,,29.6144950288753,,134.469701719377,0.367814878498905
2013-12-02,17.1152537334833,31.9664079625634,19.615,,29.4382682236595,,134.258705204911,0.371351560022933
2013-12-03,17.583848347974,31.8500153197868,19.233,,29.4298764710302,,133.739329169302,0.371115781254665
2013-12-04,17.5428012978576,32.3737822122814,19.298,,29.4298764710302,,133.58513940873,0.376302914156573
2013-12-05,17.6328750439905,31.5922887536387,19.2245,,29.2452579131851,,133.073878623678,0.370172666181591
2013-12-06,17.3881762527898,31.8915841207785,19.3475,,29.7739383288324,,134.583315227166,0.364749754511415
2013-12-09,17.5872016622044,32.1784088476207,19.2445,,29.8746393603842,,134.891694748309,0.358501617152299
2013-12-10,17.5598783610679,31.6837401158203,19.389,,29.2032991500385,,134.429125466595,0.366871763425831
2013-12-11,17.4297821886113,31.268052105904,19.1095,,29.0018970869348,,132.903458361994,0.363335081901803
2013-12-12,17.404321839825,30.9438154581693,19.0625,,28.19628883452,,132.465234831949,0.356261718853748
2013-12-13,17.2146111921614,30.503186167658,19.212,,27.8857939872351,,132.424658579167,0.354139709939331
2013-12-16,17.3099322540808,30.6653044915254,19.4485,,28.145938318744,,133.268644637031,0.354611267475868
2013-12-17,17.2319987474301,30.3618522442865,19.3825,,28.2214640924079,,132.797960104761,0.356261718853748
2013-12-18,17.1009710987983,30.4117348054764,19.798,,29.0354640974521,,135.110806513332,0.361213072987387
2013-12-19,16.9050506099674,30.1373807189317,19.7595,,30.7138146233164,,134.989077754986,0.362627745596998
2013-12-20,17.0466349885837,30.5946375298396,20.11,,30.520804312842,,135.670758801723,0.369818998029188
2013-12-23,17.7008417555675,30.4449898462697,20.146,,30.990742460084,,137.107158150203,0.372058896327739
2013-12-24,17.6257026774422,30.8274228153927,19.96,,31.3180208126275,,136.793909478727,0.373002011400813
2013-12-26,17.508647171437,31.1267181825325,20.2195,,31.6285156599124,,137.430349976152,0.369465329876785
2013-12-27,17.3903496971984,31.0020117795576,19.904,,31.8718764861627,,137.438509469709,0.371587338791202
2013-12-30,17.2174056206867,31.0020117795576,19.6685,,31.8802682387921,,137.381393014812,0.376538692924841
2013-12-31,17.4192254586267,31.1017769019375,19.9395,,32.1068455597837,,138.017833512238,0.377717586766184
2014-01-02,17.1742472245734,30.8939328969793,19.8985,,31.7543919493522,,136.777590491613,0.373945126473887
2014-01-03,16.7969993736549,30.6860888920212,19.822,,31.670474423059,,136.655198088262,0.369465329876785
2014-01-06,16.8885945308738,30.0376155965518,19.6815,,31.5441966143546,,136.312499358879,0.374416684010424
2014-01-07,16.7677354971536,30.2704008821049,19.9015,,31.8641003964057,,137.16108668878,0.380546931985406
2014-01-08,16.8740014041305,29.7300064692137,20.096,,31.7546596288619,,137.218203143677,0.385734064887314
2014-01-09,16.6584888664164,29.5387899846522,20.0505,,31.6957299847999,,137.299798079245,0.371351560022933
2014-01-10,16.5473637587261,29.9627917547668,19.883,,32.0829819314933,,137.618018327957,0.370880002486396
2014-01-13,16.6339910430111,29.0815331737443,19.549,,31.7799151906028,,135.871886706815,0.362156188060461
2014-01-14,16.9649755772326,29.7466339896104,19.877,,32.1671671372963,,137.283479092131,0.37347356893735
2014-01-15,17.3055853652636,30.5613824890463,19.7935,,32.3355375489021,,138.058630980021,0.377481807997915
2014-01-16,17.2090223351108,30.6694613716245,19.79,,32.2345153019386,,137.846484147546,0.378660701839258
2014-01-17,16.7873741198455,30.2454596015099,19.9805,,32.1671671372963,,137.250841117904,0.377010250461378
2014-01-21,17.0481874488756,30.0708706373451,20.3525,,32.0829819314933,,137.683294276411,0.378424923070989
2014-01-22,17.1239475111176,29.8713403925853,20.227,,31.9735411639495,,137.764889211979,0.377953365534452
2014-01-23,17.268947302376,29.9752623950643,19.9935,,32.1166560138145,,136.655198088262,0.376538692924841
2014-01-24,16.9550398313648,30.5987944099388,19.38,,31.2411298734641,,133.717780407836,0.366871763425831
2014-01-27,17.0925878132223,29.9544779945685,19.314,,30.719181597486,,133.065020923297,0.364513975743146
2014-01-28,15.726422756398,30.1540082393283,19.7215,,31.2327113528838,,133.889129772528,0.368050657267174
2014-01-29,15.5478898228358,30.478244887063,19.21,,31.12327058534,,132.493856374325,0.364513975743146
2014-01-30,15.5178341915856,30.6445200910296,20.1505,,31.4852669702926,,133.978884201652,0.370644223718128
2014-01-31,15.5432324419602,31.4592685904655,17.9345,,31.064340941278,,133.146615858865,0.370172666181591
2014-02-03,15.5721082033886,30.3285972034932,17.3075,,30.171977759767,,130.233676659109,0.365221312047952
2014-02-04,15.7975254377646,30.2205183209149,17.3975,,30.2730000067305,,131.114901963237,0.367343320962368
2014-02-05,15.9155124199449,29.7798890304037,17.3225,,30.2645814861502,,130.894595637205,0.364042418206609
2014-02-06,16.0077285612805,30.0791843975434,17.7295,,30.9128075708327,,132.648886751903,0.36875799357198
2014-02-07,16.2316762184665,30.3951072850798,18.054,,31.3084780381065,,134.362380398819,0.374180905242156
2014-02-10,16.5224645989966,30.5946375298396,18.0435,,31.4010817644897,,134.574527231294,0.375359799083498
2014-02-11,16.7401654596084,30.9064035372768,18.0895,,31.8556818758254,,136.05955505862,0.38314049843636
2014-02-12,16.7389161002935,31.1516594631275,17.4625,,32.0493078491722,,136.181947461971,0.396815666995935
2014-02-13,17.0047172945268,31.268052105904,17.86,,32.3439560694824,,136.851025933624,0.409311941714167
2014-02-14,16.9909743420635,31.2763658661023,17.8675,,31.9735411639495,,137.577220860174,0.422279773968936
2014-02-18,17.0534423078058,31.342875947689,17.6825,,31.9651226433692,,137.781208199092,0.422043995200667
2014-02-19,16.7842053754567,31.4182596685679,17.369,,31.8809374375663,,136.834706946511,0.427702685639112
2014-02-20,16.5899300019983,31.6192829242453,17.49,,32.217678260778,,137.609858834401,0.442792526808298
2014-02-21,16.4056495030586,31.811930210936,17.338,,32.074563410913,,137.544582885947,0.439491624052538
2014-02-24,16.4774876636622,31.5690271103259,17.589,,32.1082374932342,,138.197342370486,0.445857650795789
2014-02-25,16.3060130976997,31.4433875755276,17.916,,32.2008412196174,,138.148385409145,0.443853531265506
2014-02-26,16.1589010383767,31.3847557926217,17.99,,32.4113042341247,,138.148385409145,0.443142986658357
2014-02-27,16.4812357416068,31.7114185830974,18.0065,,32.7901376602379,,138.915377803479,0.438169174408317
2014-02-28,16.436571146101,32.0883371874923,18.105,,32.9248339895225,,139.225438558635,0.435326995979723
2014-03-03,16.4840468000652,31.6444108312049,17.989,,32.419722754705,,138.270777812497,0.433195362158277
2014-03-04,16.5927410604567,32.1720968773579,18.195,,33.1773896069313,,140.245375253227,0.437695478003551
2014-03-05,16.6277231212723,31.9208178077612,18.6185,,33.2531562921539,,140.269853733898,0.441485049241677
2014-03-06,16.5774364088498,31.9543216837075,18.608,,33.2194822098328,,140.718625879518,0.435326995979723
2014-03-07,16.5677538741598,31.7449224590436,18.603,,32.6891154132744,,140.685987905291,0.434853299574957
2014-03-10,16.5827461859379,31.6779147071512,18.5265,,32.7143709750152,,140.710466385961,0.428458398110619
2014-03-11,16.7442258773816,31.8454340868823,18.441,,32.7480450573364,,139.935314498071,0.432721665753511
2014-03-12,16.7604675484746,32.0548333115461,18.532,,32.4281412752853,,140.033228420752,0.433905906765425
2014-03-13,16.5743130105627,31.736546490057,18.5755,,31.6957299847999,,138.482924644972,0.420168711027219
2014-03-14,16.3881584726508,31.5774030793125,18.687,,31.6536373818984,,138.083109460692,0.422063496646282
2014-03-17,16.4521881375366,31.8705619938419,18.752,,32.1755856578765,,139.323352481316,0.422063496646282
2014-03-18,16.5977384977161,33.1269573418252,18.9385,,32.6975339338547,,140.310651201681,0.432011121146362
2014-03-19,16.5933657401141,32.8924302102016,18.6615,,32.4533968370262,,139.543658807348,0.439471839521423
2014-03-20,16.513406743964,33.7802829227765,18.4485,,32.3018634665809,,140.335129682351,0.439827111824997
2014-03-21,16.6436524525366,33.637891450005,18.031,,31.5694521760955,,139.870038549617,0.439116567217849
2014-03-24,16.8410512242821,33.9226743955479,17.5925,,32.1419115755554,,139.281739064176,0.436984933396403
2014-03-25,17.0222083249346,33.788658891763,17.7355,,32.3271190283218,,139.962081833852,0.436984933396403
2014-03-26,16.8594792741761,33.3279805975025,17.1705,,32.8995784277817,,138.92927232808,0.427037308896322
2014-03-27,16.7870164339151,32.9678139310806,16.9235,,33.0342747570663,,138.650577699538,0.421352952039133
2014-03-28,16.7682760441924,33.7551550158168,16.9145,,33.312085936216,,139.265345262498,0.423958282265345
2014-03-31,16.7645279662479,34.3330968758891,16.81825,,34.4401676939751,,140.45389588422,0.424195130467728
2014-04-01,16.9178868221451,34.693263542311,17.1495,,34.9284418876321,,141.396539480758,0.44172189744406
2014-04-02,16.9459974067291,34.6346317594051,17.098,,34.6253751467416,,141.880156630287,0.438879719015466
2014-04-03,16.8285576311337,34.3498488138622,16.681,,33.9855675826393,,141.658840307621,0.443616683063123
2014-04-04,16.6108567705219,33.3949883493949,16.15,,33.7582675269715,,139.953884933013,0.429879487324916
2014-04-07,16.350053013548,33.3363565664891,15.888,,33.3276342993888,,138.445655178551,0.431300576539214
2014-04-08,16.3491159940619,33.3531085044622,16.3535,,33.9778060351509,,139.019438237314,0.446695709694101
2014-04-09,16.5640057962152,33.8975464885882,16.59025,,34.5182085168233,,140.519471090936,0.446222013289335
2014-04-10,16.3503653533767,32.9678139310806,15.8555,,33.597835540225,,137.519405383692,0.435326995979723
2014-04-11,16.2294898396655,32.8413367993836,15.5865,,32.9138886493584,,136.281673356933,0.429168942717768
2014-04-14,16.2941441842087,32.8170464893226,15.7955,,33.4120721871501,,137.380058069421,0.433905906765425
2014-04-15,16.1779506445298,33.2944767215563,15.804,,33.5471728075682,,138.330898566799,0.436984933396403
2014-04-16,16.2107494499428,33.8389147056823,16.184,,33.8849243586134,,139.789946916223,0.437932326205934
2014-04-17,16.3959669683686,33.5122519152067,16.2455,,33.8427054147328,,139.953884933013,0.439590263622614
2014-04-21,16.5905546816557,33.4536201323008,16.5435,,33.9778060351509,,140.470289685899,0.443142986658357
2014-04-22,16.6070774585945,33.4954999772336,16.466,,34.1635693882258,,141.085057248859,0.446932557896484
2014-04-23,16.3900325116231,33.2442209076369,16.229,,33.597835540225,,140.748984314441,0.452143218348907
2014-04-24,17.7337184547389,33.3866123804084,16.8575,,33.5640603851205,,141.06046654634,0.456169637789416
2014-04-25,17.8639641633115,33.4284922253412,15.1915,,33.3107467218365,,139.929294230494,0.443616683063123
2014-04-28,18.5557968839069,34.2325852480504,14.829,,33.8849243586134,,140.355533074146,0.44172189744406
2014-04-29,18.5008250740537,33.9310503645345,15.019,,33.8680367810612,,141.027678942982,0.442669290253592
2014-04-30,18.4308609524224,33.8389147056823,15.2065,,34.5182085168233,,141.470311588313,0.437458629801169
2014-05-01,18.4742761886133,33.5038759462201,15.3945,,34.5942026158084,,141.478508489153,0.439827111824997
2014-05-02,18.5086335697715,33.2442209076369,15.4005,,34.4591019953903,,141.248995265648,0.436511236991637
2014-05-05,18.7703743462315,33.0264457139865,15.5025,,34.7968535464356,,141.544083695869,0.441248201039294
2014-05-06,18.5657917584257,32.716534861484,14.869,,34.6279777709129,,140.314548569949,0.432247969348745
2014-05-07,18.5008250740537,33.0222577294932,14.6355,,34.6701967147936,,141.142435554735,0.432840089854702
2014-05-08,18.468029392039,33.2023410627042,14.416,,34.5097647280471,,140.970300637106,0.438169174408317
2014-05-09,18.3911564827429,33.1185813728386,14.612,,34.6533091372413,,141.21620766229,0.427511005301088
2014-05-12,18.6200477295235,33.4787480392605,15.143,,35.4216939158693,,142.552302499123,0.44006396002738
2014-05-13,18.6492578646186,34.090193775279,15.232,,35.3710311832125,,142.683452912554,0.432958513955894
2014-05-14,18.6527128268342,33.9383819276899,14.881,,35.3625873944363,,141.994913242039,0.428695246313002
2014-05-15,18.4940986523928,33.3986064695955,14.7595,,35.404806338317,,140.716196711083,0.426326764289173
2014-05-16,18.7670406674216,33.5925882748482,14.885,,35.2021554076899,,141.265389067327,0.425379371479642
2014-05-19,18.9894145991137,33.5251163425864,14.83775,,35.599013480168,,141.749006216855,0.439116567217849
2014-05-20,18.9931836488034,33.4660784018573,15.0595,,35.0923861536002,,140.814559521156,0.434024330866617
2014-05-21,19.043437644666,34.0311558345499,15.2505,,35.1937116189137,,142.035897746237,0.434024330866617
2014-05-22,19.0735900421836,33.8203060462318,15.2455,,35.0586109984956,,142.421152085691,0.435927946352874
2014-05-23,19.2890540494446,33.8371740292972,15.612,,35.5905696913919,,143.011328946133,0.43997312926117
2014-05-27,19.6502546447072,33.8962119700263,15.541,,35.3879187607647,,143.855609732598,0.447825543141981
2014-05-28,19.5993724738963,33.7444001224372,15.508,,35.1008299423763,,143.708065517487,0.451632774114495
2014-05-29,19.956489931995,34.0227218430172,15.689,,35.6327886352725,,144.527755601434,0.450918918307149
2014-05-30,19.8817371131494,34.5287613349808,15.6275,,35.4808004373022,,144.716284320741,0.452108677986059
2014-06-02,19.7451090618979,34.4022514619899,15.442,,35.4385814934215,,144.913009940888,0.450680966371366
2014-06-03,20.0243328264096,33.9805518853536,15.3595,,35.3034808730034,,144.822844031654,0.448777350885109
2014-06-04,20.2529885075845,34.0058538599517,15.339,,35.210599196466,,145.085144858517,0.449253254756674
2014-06-05,20.3324526385423,34.7564791063644,16.1785,,35.5483507475112,,146.068772959253,0.451156870242931
2014-06-06,20.2765450681451,34.984196877748,16.4835,,35.9958715526462,,146.765509530607,0.452822533793406
2014-06-09,20.6010180299512,34.8070830555607,16.375,,36.0549780740791,,146.913053745718,0.45329843766497
2014-06-10,20.7219418284194,34.6721391910371,16.6205,,36.0212029189746,,146.945841349076,0.455677957022791
2014-06-11,20.6361958622329,34.461289402719,16.76,,35.9367650312132,,146.470421100387,0.461626755417345
2014-06-12,20.291013382969,34.2251376398026,16.2955,,35.4639128597499,,145.380233288738,0.46448217864673
2014-06-13,20.068953316691,34.7733470894298,16.3135,,35.5821259026157,,145.839259735748,0.464958082518295
2014-06-16,20.2712258523106,35.0010648608134,16.381,,35.5905696913919,,145.96221324834,0.463530370903602
2014-06-17,20.2448424780993,35.1528767084025,16.281,,35.7341141005861,,146.347467587795,0.46662374606877
2014-06-18,20.2668286232754,35.1275747338043,16.719,,36.1478597506165,,147.437655399443,0.466147842197205
2014-06-19,20.196472958712,35.0094988523461,16.35,,35.8945460873326,,147.617987217912,0.455392414699853
2014-06-20,19.9876045795396,35.1528767084025,16.21,,34.4675457841665,,147.913075648132,0.450443014435584
2014-06-23,19.9700156633988,35.414330445917,16.362,,34.7039718698981,,147.846680751333,0.445208071848377
2014-06-24,19.8490918649306,35.2076976533652,16.208,,34.4168830515097,,146.973894598535,0.438307465710695
2014-06-25,19.8666807810714,35.4480664120479,16.372,,34.1635693882258,,147.599665802428,0.442828552490556
2014-06-26,19.985405965022,35.1866126745334,16.2845,,33.9018119361657,,147.525561317756,0.436879754096002
2014-06-27,20.2228563329233,35.6336142257679,16.2285,,34.2226759096587,,147.780810098291,0.437355657967567
2014-06-30,20.4317247120957,35.169744691468,16.239,,34.2226759096587,,147.739640940141,0.441162888940081
2014-07-01,20.5614429686343,35.3131225475243,16.6195,,34.4253268402858,,148.777103725542,0.446159879591506
2014-07-02,20.5526485105639,35.3384245221225,16.6425,,34.5773150382562,,148.884143536734,0.444553704024976
2014-07-03,20.6735723090321,35.2540846067952,16.8746,,34.8052973352117,,149.63342221508,0.448539398949327
2014-07-07,21.0996638025438,35.414330445917,16.6775,,34.6279777709129,,149.1476261489,0.444970119912595
2014-07-08,20.9637894253559,35.2372166237298,16.1905,,34.3485150009349,,148.18426784817,0.441400840875863
2014-07-09,20.9725838834263,35.1444427168698,16.4985,,34.0944579373185,,148.801805220432,0.454726149279663
2014-07-10,20.8945330680513,35.1570937041689,16.396,,34.1452693500418,,148.233670837951,0.45222765395395
2014-07-11,20.935207436627,35.4986703612443,17.31,,33.9843665430848,,148.431282797075,0.45329843766497
2014-07-14,21.2056370222923,35.5408403189079,17.766,,34.2892350194244,,149.16409381216,0.459009284123741
2014-07-15,20.9571935818031,35.8022940564224,17.722,,34.3315778633605,,148.908845031625,0.460912899609998
2014-07-16,20.8384683978524,37.1770346762568,17.795,,34.0944579373185,,149.476979414106,0.460436995738434
2014-07-17,20.4668805582322,37.5565642952294,17.6227,,33.7980580297661,,147.72317327688,0.459247236059523
2014-07-18,20.7615168897363,37.6915081597531,17.933,,33.874275148851,,149.279367454982,0.43878336958226
2014-07-21,20.6535649169219,37.8138010369776,17.988,,33.8827437176382,,148.958248021406,0.441400840875863
2014-07-22,20.8252767107468,37.8095840412112,18.042,,34.2384236067012,,149.625188383449,0.439497225389606
2014-07-23,21.368334496595,37.8433200073421,17.907,,34.1368007812546,,149.979243143547,0.430217099894103
2014-07-24,21.3331566643134,37.446922405304,17.9305,,34.27229788185,,149.979243143547,0.430930955701449
2014-07-25,21.4740878548918,37.5312623206313,16.2005,,34.153737918829,,149.262899791722,0.423316493756421
2014-07-28,21.7706809533166,37.0842607693968,16.0205,,34.3400464321477,,149.328770444763,0.421650830205946
2014-07-29,21.6299696241899,37.0125718413686,16.0,,34.4077949824454,,148.69476540924,0.423078541820639
2014-07-30,21.5794014902851,36.7540700008906,16.1255,,34.6872577524234,,148.69476540924,0.430217099894103
2014-07-31,21.018754788296,36.401107455246,15.6495,,34.2045493315523,,145.705884527489,0.416415887618739
2014-08-01,21.135281357729,36.1480877092642,15.353,,33.5440009661497,,145.351829767391,0.420936974398599
2014-08-04,21.0165561737784,36.5782212774332,15.6825,,33.9589608367231,,146.372824889532,0.419985166655471
2014-08-05,20.913221291451,36.3336355229842,15.616,,33.8404008737022,,144.890735196102,0.420223118591253
2014-08-06,20.8780434591693,36.0468798108715,15.6945,,34.0097722494464,,144.981307344034,0.419747214719689
2014-08-07,20.8758448446517,36.460145395975,15.5725,,33.594812378873,,144.199093339167,0.41546407987561
2014-08-08,20.9332931899058,36.4348434213769,15.84,,33.8234637361277,,145.870561160092,0.452108677986059
2014-08-11,21.2094871574737,36.4348434213769,15.9165,,33.8065265985533,,146.2822527416,0.449729158628238
2014-08-12,21.2050680539926,36.7047311504241,15.966,,33.7895894609789,,146.109342277367,0.449729158628238
2014-08-13,21.4856811250416,37.1770346762568,16.314,,34.0775207997441,,147.138571231138,0.452346629921841
2014-08-14,21.5431294702957,37.3372805153786,16.6605,,34.0605836621697,,147.780810098291,0.447349639270417
2014-08-15,21.6491879538418,37.7758480750803,16.6815,,34.111395074893,,147.739640940141,0.453060485729188
2014-08-18,21.9099150592259,38.0457358041276,16.7265,,34.4162635512326,,148.966481853036,0.459247236059523
2014-08-19,22.2126236476803,38.4674353807639,16.7565,,35.068343347848,,149.756929689532,0.462935491064146
2014-08-20,22.2214618546425,38.1449640495331,16.789,,34.9328462472526,,150.168621271041,0.460067537583109
2014-08-21,22.223671406383,38.3740884164602,16.6455,,35.2123090172306,,150.596780515809,0.455765607361553
2014-08-22,22.3871782351832,38.3146858028125,16.5795,,35.2546518611667,,150.357999398535,0.456004603484972
2014-08-25,22.4357883734752,38.3316579781404,16.701,,35.347806117826,,151.140213403401,0.456721591855232
2014-08-26,22.2919465551658,38.1916375316849,17.0915,,35.4324918056982,,151.263720877853,0.464966958113215
2014-08-27,22.5661519261672,38.0770753482214,17.159,,35.2631204299539,,151.239019382963,0.459589545336269
2014-08-28,22.5926665470537,38.0855614358853,17.001,,34.949783384827,,151.12374574014,0.463413483310986
2014-08-29,22.6479053405673,38.5522962574035,16.952,,35.1699661732946,,151.494268163498,0.464847460051505
2014-09-02,22.8246694798108,38.2637692768287,17.119,,35.2800575675283,,151.453099005347,0.465922942606894
2014-09-03,21.861304920934,38.1534501371971,16.95,,35.4833032184214,,151.387228352306,0.47046386895187
2014-09-04,21.6801216782094,38.4080327671161,17.2975,,35.186903310869,,151.140213403401,0.478709235209853
2014-09-05,21.8679335761556,38.959628465274,17.319,,34.949783384827,,151.864790586856,0.477275258469334
2014-09-08,21.7331509199825,39.4348493744561,17.117,,34.4162635512326,,151.477800500238,0.472973328247778
2014-09-09,21.6513975055824,39.6809459167112,16.4875,,34.4755435327431,,150.497974536247,0.466998425162283
2014-09-10,22.3164725794858,39.7488346180229,16.5665,,34.4755435327431,,151.09081041362,0.468671398026222
2014-09-11,22.4114833043292,39.8846120206464,16.526,,34.4501378263815,,151.230785551333,0.463891475557826
2014-09-12,22.4623029943617,39.6257863468954,16.5595,,34.2977035882116,,150.333297903644,0.456960587978652
2014-09-15,22.4556743391401,39.2396693581849,16.1945,,34.433200688807,,150.234491924082,0.450746688769737
2014-09-16,22.2855388551182,39.6809459167112,16.388,,34.8820348345293,,151.354293025785,0.457319082163781
2014-09-17,22.4446265804374,39.477279812776,16.2,,34.8396919905933,,151.56837264817,0.457677576348911
2014-09-18,22.4910271669888,39.6130572153995,16.25,,35.186903310869,,152.358820484666,0.464608463928085
2014-09-19,22.3076343725237,40.3258885791727,16.566,,33.7049037731068,,152.210611515323,0.456004603484972
2014-09-22,22.3297298899291,39.9355285466302,16.225,,33.5185952597881,,151.038113891187,0.451463677139996
2014-09-23,22.6788390649349,39.5112241634318,16.1815,,32.8834526007471,,150.185959764829,0.449551708152638
2014-09-24,22.4821889600266,39.9525007219581,16.4105,,33.3830981591927,,151.393867555588,0.452180665510256
2014-09-25,21.6248828846958,39.0699476049055,16.0965,,32.8241726192366,,148.961505292003,0.442381824450044
2014-09-26,22.2612337859723,39.3839328484723,16.1605,,32.9850754261937,,150.161139741731,0.443218310882013
2014-09-29,22.1198224745775,39.4093911114642,16.091,,32.5531784180458,,149.863299464557,0.442501322511754
2014-09-30,22.2612337859723,39.3415024101525,16.122,,32.4176813174504,,149.408265707764,0.440947847709525
2014-10-01,21.914334162707,38.95114237761,15.873,,32.2567785104934,,147.447483883037,0.436645917487969
2014-10-02,22.0734218880261,38.8323371503145,15.9205,,32.4092127486632,,147.439210542005,0.43473394850061
2014-10-03,22.0115544392909,39.1123780432254,16.137,,32.9342640134704,,149.085605407492,0.43568993299429
2014-10-06,22.0115544392909,39.1123780432254,16.11,,33.196789645874,,148.903591904775,0.433060975636672
2014-10-07,21.8193234378636,38.6371571340432,15.849,,32.6701261458627,,146.620149779777,0.428400551229986
2014-10-08,22.272281544675,39.6979180920391,16.135,,33.145822210389,,149.184885499884,0.436406921364549
2014-10-09,22.3208916829669,38.9087119392902,15.7685,,32.9079741781258,,146.173389364016,0.428042057044856
2014-10-10,22.2568146824912,37.3642439844481,15.5695,,32.3643215329529,,144.535267839561,0.402588969900648
2014-10-13,22.0535359223612,37.0417726532174,15.3225,,32.4747509765036,,142.160818963204,0.401154993160129
2014-10-14,21.8193234378636,37.1096613545291,15.4155,,32.6701261458627,,142.392472512117,0.410475841973501
2014-10-15,21.5519676772579,36.6768708836668,15.2985,,32.5342129845694,,141.333484859944,0.416809239244126
2014-10-16,21.2691450544684,36.2695386757963,15.143,,31.9056146135882,,141.242478108586,0.417048235367545
2014-10-17,21.580691849885,37.0248004778894,15.182,,32.1689463635938,,142.988153066465,0.416331246997286
2014-10-20,22.0424881636585,37.4066744227679,15.3105,,32.1094843555281,,144.394621042007,0.419916188848583
2014-10-21,22.6412766853457,38.0855614358853,15.7665,,32.5766858474736,,147.199283652059,0.437840898105068
2014-10-22,22.7561733758539,37.661257052687,15.6485,,31.9735711942348,,146.198209387114,0.427564064798017
2014-10-23,23.1627308961139,38.2043666631809,15.659,,32.4747509765036,,147.877697616733,0.437004411673099
2014-10-24,23.2489034139951,39.1463223938813,14.353,,32.899479605545,,148.986325315101,0.441664836079785
2014-10-27,23.2245983448491,38.959628465274,14.4985,,32.6446424281202,,148.796038471351,0.441903832203204
2014-10-28,23.5847552785576,39.4518215497841,14.7795,,32.8315230248984,,150.5086200651,0.452419661633675
2014-10-29,23.7173283829902,39.5621406894156,14.706,,32.7720610168326,,150.334879903415,0.449432210090928
2014-10-30,23.6377845203307,39.0784336925695,14.9535,,32.704104436186,,151.286314122165,0.4466837546716
2014-10-31,23.8631587978661,39.8421815823266,15.273,,33.1713059281315,,152.998895715913,0.466998425162283
2014-11-03,24.1724960415421,40.257999877861,15.286,,33.1203384926465,,153.089902467272,0.474885297235136
2014-11-04,23.9957319022986,40.3683190174925,15.1405,,33.2392625087781,,152.54386195912,0.481099196444051
2014-11-05,24.0531802475528,40.6144155597476,14.826,,33.3751756700714,,153.544936224065,0.481099196444051
2014-11-06,24.1216763515096,41.3272469235209,14.832,,33.8168934442744,,154.16543680151,0.483250161554829
2014-11-07,24.1904686207733,41.3102747481929,14.993,,33.9273228878251,,154.297810258032,0.472973328247778
2014-11-10,24.1505247224912,41.4884825891362,15.2555,,34.3605460894474,,154.761117355858,0.478470239086433
2014-11-11,24.3435868975217,41.4715104138083,15.6005,,34.377535234609,,154.910037494444,0.472734332124358
2014-11-12,24.6875482438403,41.3951356248326,15.5755,,34.0972143394417,,154.785937378955,0.469507884458191
2014-11-13,25.0359478010792,42.0994809009419,15.824,,34.5898995491297,,154.92658417651,0.467237421285703
2014-11-14,25.3377461436556,42.07402263795,16.391,,34.6918344200996,,154.984497563738,0.472853830186068
2014-11-17,25.2955831399133,41.9721895859824,16.1525,,34.9636607426861,,155.067230974064,0.47070286507529
2014-11-18,25.6240107480112,41.6242599917597,16.2465,,35.0486064684944,,155.960751805585,0.48205518093773
2014-11-19,25.4464823112015,41.1801767911911,16.327,,34.7597910007462,,155.679458210476,0.480262710012082
2014-11-20,25.8104156066613,41.5900997455621,16.527,,34.7597910007462,,155.960751805585,0.488183084540017
2014-11-21,25.8459212940232,40.9752153140056,16.6315,,35.2015087749493,,156.837725955041,0.490943215057328
2014-11-24,26.3241385206792,40.6421529135791,16.782,,35.1930142023685,,157.243119665638,0.49394335692397
2014-11-25,26.0966802110168,40.5396721749863,16.752,,34.9551661701053,,157.193479619443,0.493703345574639
2014-11-26,26.4073549754337,40.7787938983694,16.6785,,35.5667753959249,,157.557506624877,0.501983737126571
2014-11-28,26.3918212372129,40.8300342676658,16.932,,36.0254823152895,,157.21829964254,0.503303799547894
2014-12-01,25.5352465296063,41.5217792531669,16.3,,35.7451614201222,,156.142765308302,0.49394335692397
2014-12-02,25.437605889361,41.3851382683766,16.3155,,35.8301071459305,,157.127292891182,0.494663390971964
2014-12-03,25.7260895991767,41.0606159294995,15.825,,35.7281722749606,,157.731246786562,0.507383992486527
2014-12-04,25.6284489589314,41.7096606072537,15.8465,,35.5837645410865,,157.574053306942,0.502823776849231
2014-12-05,25.5197127913855,41.350978022179,15.6315,,35.6177428314098,,157.855346902051,0.505703913041208
2014-12-08,24.9427453717542,40.7318235598477,15.332,,35.1420467668835,,156.779812567813,0.49922360660926
2014-12-09,25.3244315108949,40.6421529135791,15.625,,35.5667753959249,,156.655712452324,0.497543527163941
2014-12-10,24.8428856260488,40.0528886666707,15.292,,34.7597910007462,,154.19844743223,0.486503005094698
2014-12-11,24.7696551458648,40.2834703285044,15.368,,34.623877839453,,154.918310835477,0.486262993745366
2014-12-12,24.350244213902,40.0955889744177,15.366,,33.935817460406,,152.403215161566,0.47114227873749
2014-12-15,24.0162688421539,39.8564672510346,15.3035,,34.921187879782,,151.344227509393,0.469702210641501
2014-12-16,23.6878412340561,38.5669179570757,14.753,,34.5134483959023,,150.177686423796,0.464301955281545
2014-12-17,24.2792328391782,39.0622415269407,14.944,,34.9636607426861,,153.205729241728,0.48338285755339
2014-12-18,24.9982230082572,40.5823724827333,14.8865,,38.5228866540528,,156.84268995966,0.485302948348041
2014-12-19,24.8051608332267,40.7019333444249,14.995,,39.0750338718066,,157.566387335767,0.490103175334668
2014-12-22,25.0625770666007,40.9752153140056,15.327,,38.7777238314777,,158.265129629939,0.498743583910598
2014-12-23,24.9738128481959,41.3765982068272,15.31425,,39.0835284443875,,158.506362088641,0.49562343636929
2014-12-24,24.8562002588095,41.1118562987959,15.1515,,39.2704090411657,,158.489725367351,0.493703345574639
2014-12-26,25.2955831399133,40.8898146985116,15.4545,,39.1599795976149,,159.005463727335,0.494183368273302
2014-12-29,25.2778302962324,40.5225920518875,15.602,,38.7437455411544,,159.230059464748,0.493463334225307
2014-12-30,24.9693746372756,40.1553694052635,15.515,,38.514392081472,,158.364949957678,0.488903118588011
2014-12-31,24.4944860688098,39.6685858969479,15.5175,,38.2000928959814,,156.717914549987,0.481222755409407
2015-01-02,24.2614799954972,39.9333278049792,15.426,,37.6564402508084,,156.717914549987,0.483142846204058
2015-01-05,23.5779955137801,39.5618351275804,15.1095,,37.1297767507971,,153.964537176524,0.474982460326792
2015-01-06,23.5802146192402,38.9853809729961,14.7645,,36.7464686632115,,152.450595539151,0.460581779366909
2015-01-07,23.9108613327982,39.4807045428611,14.921,,36.7549866207134,,154.355500126834,0.459261716945587
2015-01-08,24.829570993288,40.6421529135791,15.023,,36.9764535157629,,157.067285697073,0.476662539772111
2015-01-09,24.8562002588095,40.3005504516032,14.8465,,36.9594176007591,,155.744666354533,0.478582630566762
2015-01-12,24.2437271518162,39.7966868201888,14.5705,,36.8572021107362,,154.588414224891,0.472582346833478
2015-01-13,24.4589803814479,39.5874553122286,14.737,,36.5675915556715,,154.180814553291,0.471742307110818
2015-01-14,24.3657779521229,39.2458528502527,14.6635,,36.6783250031962,,153.274113242997,0.473782403580135
2015-01-15,23.704484525007,38.8401999266564,14.3475,,36.3120528306144,,151.843355212073,0.470422244689495
2015-01-16,23.520298771817,39.4892446044105,14.537,,37.0616330907819,,153.723304717821,0.479062653265425
2015-01-20,24.1261145624298,39.6173455276515,14.472,,37.3938334333561,,154.105949307487,0.480502721361413
2015-01-21,24.3103003156198,39.2159626348298,14.8625,,37.0445971757781,,154.912830290043,0.487223039142692
2015-01-22,24.9427453717542,40.2493100823068,15.516,,37.5216027958847,,157.28356307384,0.49562343636929
2015-01-23,25.0714534884412,40.2920103900538,15.6195,,37.6408542009113,,156.41845356677,0.497063504465278
2015-01-26,25.0980827539626,40.1468293437141,15.483,,37.3938334333561,,156.726232910632,0.49478339664663
2015-01-27,24.2193169917549,36.4319025697265,15.3375,,36.967935558261,,154.671681014947,0.47114227873749
2015-01-28,25.5885050606492,35.1765135219652,15.1955,,36.3631605756258,,152.633599473339,0.463461915558885
2015-01-29,26.3851639208325,35.8767985690157,15.589,,36.5079658531582,,154.114267668132,0.47474244897746
2015-01-30,25.9990395707715,34.5018486595628,17.7265,,35.6817239754735,,152.217681441094,0.460941796390906
2015-02-02,26.3252480734092,35.2533740759097,18.2235,,36.3546426181239,,153.964537176524,0.470902267388158
2015-02-03,26.3296862843295,35.5266560454904,18.1775,,36.6612890881924,,156.210494550648,0.482662823505396
2015-02-04,26.5316248812004,35.731617522676,18.2375,,36.1331757230744,,155.678119469374,0.483862880252052
2015-02-05,26.7202488453107,36.2525612771892,18.6945,,36.7635045782153,,157.258607991906,0.491663249105322
2015-02-06,26.4952409135634,36.2184010309916,18.714,,36.610181343181,,156.817734877726,0.489623152636005
2015-02-09,26.6712372166133,36.1757007232446,18.528,,36.967935558261,,156.102355862264,0.489143129937343
2015-02-10,27.1836315166317,36.3806622004301,18.64975,,37.4704950508733,,157.766027991245,0.502823776849231
2015-02-11,27.8207826896982,36.1927808463434,18.757,,36.9338637282533,,157.874166679628,0.499463617958592
2015-02-12,28.1727752957978,36.7991252163506,18.8585,,37.3853154758542,,159.338198153131,0.535225309008967
2015-02-13,28.3108989766723,37.4652500172035,19.0915,,37.4193873058618,,160.036940447303,0.535465320358298
2015-02-17,28.4779840745045,37.4823301403023,18.7715,,37.3427256883447,,160.294809627295,0.537025394128952
2015-02-18,28.6751444899463,37.4393260901184,18.6685,,37.5641925833942,,160.328083069875,0.530905104721002
2015-02-19,28.616107755379,37.413523660008,18.94975,,37.5727105408961,,160.219944381491,0.532225167142325
2015-02-20,28.8489129916917,37.7188524163138,19.183,,37.2830999858314,,161.193192576945,0.536065348731627
2015-02-23,29.6297573488938,37.9725763123989,19.007,,37.2916179433333,,161.15160077372,0.531865150118327
2015-02-24,29.4448498406263,37.9209714521783,18.9295,,37.3767975183523,,161.62574733048,0.537505416827615
2015-02-25,28.6918529997296,37.8349633518104,19.2685,,37.2490281558238,,161.451061756937,0.53340967855506
2015-02-26,29.0538707116991,37.8908686170495,19.24,,37.3853154758542,,161.268057822749,0.534855233239491
2015-02-27,28.6183355566834,37.7145520112955,19.008,,37.3256897733409,,160.710727659541,0.531482272309152
2015-03-02,28.7586870388624,37.7403544414058,19.28275,,37.5045668808809,,161.767159461443,0.544371801578662
2015-03-03,28.818837674082,37.2243058391988,19.2305,,36.9508996432572,,161.076735527916,0.534373381678014
2015-03-04,28.6361579671188,37.0307876133712,19.136,,37.1468126658009,,160.402948315679,0.540396526196477
2015-03-05,28.1616362892757,37.0780920685735,19.3915,,37.3086538583371,,160.577633889222,0.550756334768233
2015-03-06,28.2039645140598,36.4330313158147,19.0045,,36.0991038930668,,158.306721433163,0.543287635565339
2015-03-09,28.3242657844989,36.8544710076171,18.928,,36.3631605756258,,158.980508645401,0.54473319024977
2015-03-10,27.7383540414343,36.1492045846009,18.4755,,35.6220982729602,,156.368543402901,0.554008832808203
2015-03-11,27.2326431453291,36.1062005344169,18.3185,,35.3239697603936,,156.002535534525,0.55123818632971
2015-03-12,27.7249872336078,35.2805227708857,18.712,,35.4517391229221,,158.015578810592,0.546178744934201
2015-03-13,27.5333963214269,35.5901519322099,18.529,,36.0991038930668,,157.050648975783,0.546901522276417
2015-03-16,27.8363772988292,35.744966512872,18.6675,,36.9764535157629,,159.196786022168,0.553406518356356
2015-03-17,28.3019877714546,35.8610774483686,18.596,,36.5164838106601,,158.656092580249,0.560152440217035
2015-03-18,28.6205633579879,36.5534426563297,18.75675,,37.5897464558999,,160.544360446642,0.550997260548971
2015-03-19,28.4033527308061,36.3685252405388,18.662,,37.6153003284056,,159.804026349246,0.55930919998445
2015-03-20,28.0480184227498,36.8802734377275,18.9245,,37.8282492659532,,161.251421101459,0.565452807393282
2015-03-23,28.3398603936299,36.8587714126355,18.7555,,37.6919619459228,,160.963605823146,0.547142448057155
2015-03-24,28.2240147257997,36.897475057801,18.7045,,37.23199224082,,160.027187588563,0.539673748854261
2015-03-25,27.4866124940339,35.6589584125042,18.548,,36.5675915556715,,157.6945028792,0.506907842673824
2015-03-26,27.6782034062148,35.4439381615846,18.3675,,36.6186993006829,,157.301541655758,0.505100899318285
2015-03-27,27.4576510770764,35.2375187207018,18.528,,36.3205707881163,,157.627615862444,0.515099319218933
2015-03-30,28.152725084058,35.228917910665,18.7295,,37.0020073882686,,159.592421979649,0.51726765124558
2015-03-31,27.7205316309989,34.9665932045431,18.605,,36.7549866207134,,158.187794627775,0.504137196195331
2015-04-01,27.6804312075192,35.0224984697822,18.51275,,36.5761095131734,,157.677781125011,0.506185065331609
2015-04-02,27.918805947093,34.6526636382005,18.6125,,36.431304235641,,158.145990242302,0.507389694235301
2015-04-06,28.3710496118919,35.7320652978169,18.852,,36.7219340676476,,159.257986895869,0.521965703969981
2015-04-07,28.0725242370985,35.7191640827617,18.7205,,36.7219340676476,,158.83158216405,0.526663756694382
2015-04-08,27.981184383617,35.6245551723571,19.06,,36.8501531111799,,159.40848268357,0.530518569186198
2015-04-09,28.1950533088421,35.6761600325778,19.177,,36.9270845372992,,160.102435482413,0.542685321113493
2015-04-10,28.3153545792812,35.8825794734606,19.1325,,37.1920705605993,,160.980327577335,0.548347076960848
2015-04-13,28.2596595466705,35.9169827136077,19.118,,36.8245093024734,,160.252931270114,0.543287635565339
2015-04-14,28.137130474927,35.8223738032031,19.2555,,36.5253315342314,,160.545561968421,0.538710045731307
2015-04-15,28.2440649375395,36.3427228104285,19.1725,,37.6023714999026,,161.281319152736,0.545215041811247
2015-04-16,28.1081690579694,36.261015115079,19.302,,37.1493308794219,,161.222793013075,0.541842080880908
2015-04-17,27.7918212727406,35.7922709680743,18.778,,36.7561258125895,,159.349956543909,0.534855233239491
2015-04-20,28.4267446445026,36.9017754628194,19.4755,,37.0296597721251,,160.80474915835,0.532205049651368
2015-04-21,28.2730263544971,36.6695535918263,19.559,,37.1151391344799,,160.645892493555,0.531361809418783
2015-04-22,28.6539803775543,36.9705819431137,19.49,,37.2262623055412,,161.440175817532,0.537505416827615
2015-04-23,28.8878995145192,37.2759106994195,19.4995,,37.0894953257735,,161.858219672256,0.535337084800968
2015-04-24,29.0237953940893,41.1720776460824,22.255,,36.8245093024734,,162.184293878941,0.530759494966937
2015-04-27,29.5517843032388,41.3096906066709,21.928,,37.2775499229542,,161.540506342666,0.534855233239491
2015-04-28,29.0861738306133,42.2772817358091,21.4655,,38.0383162479124,,162.042158968335,0.537384953937246
2015-04-29,28.6584359801631,42.1955740404596,21.4685,,38.2349187813286,,161.38164967787,0.53340967855506
2015-04-30,27.8809333249177,41.8343400189147,21.089,,37.2860978591896,,159.776361275728,0.534734770349122
2015-05-01,28.7274978206004,41.8472412339699,21.1435,,37.9271930768511,,161.448536694626,0.548106151180109
2015-05-04,28.6718027879897,41.4903076174434,21.152,,38.1152476740318,,161.950189320296,0.54473319024977
2015-05-05,28.0257404097055,40.9398557750892,21.0595,,37.5425359462542,,160.060631096941,0.530759494966937
2015-05-06,27.8497441066557,39.8045488502338,20.955,,36.9783721547121,,159.416843560665,0.532445975432106
2015-05-07,28.0212848070967,40.1657828717787,21.344,,37.1664267518928,,160.060631096941,0.541842080880908
2015-05-08,28.5492285412876,41.068867925641,21.6845,,37.6194673723736,,162.159211247658,0.501727938387946
2015-05-11,28.2584120775384,40.7420371442432,21.6425,,37.4741524563703,,161.38164967787,0.497029885663545
2015-05-12,28.1566263152261,40.7248355241697,21.551,,37.2433581780122,,160.913440560579,0.501848401278315
2015-05-13,28.1890635361828,40.9613578001812,21.3435,,37.4314127751929,,160.963605823146,0.504739510647178
2015-05-14,28.8467561542002,41.903146499209,21.614,,37.9357410130866,,162.644142119138,0.512930987192287
2015-05-15,28.8064892592196,41.5376120726457,21.3,,37.7391384796704,,162.811359661028,0.513171912973025
2015-05-18,29.1241503196225,41.2924889865974,21.262,,37.8160699057898,,163.313012286698,0.51244913563081
2015-05-19,29.0973057229688,41.189279266156,21.0855,,37.8844533956737,,163.229403515753,0.509256869036025
2015-05-20,29.0950686732476,41.189279266156,21.193,,37.8588095869672,,163.120712113524,0.509256869036025
2015-05-21,29.3925962861603,41.0507697099856,21.5815,,37.8502616507317,,163.614003862099,0.505626235464
2015-05-22,29.6498570040923,40.600613652432,21.3815,,37.5510838824897,,163.254486147036,0.504900108749595
2015-05-26,28.9966384855171,40.332251387352,21.2735,,37.0382077083605,,161.498701957193,0.50175355965384
2015-05-27,29.5391230428954,41.2152498079379,21.571,,37.7305905434349,,162.986938080013,0.528620248086824
2015-05-28,29.479841225285,41.0767402517676,21.3285,,37.4912483288413,,162.836442292312,0.535881515230874
2015-05-29,29.1442837671129,40.5659862633894,21.4615,,37.1749746881283,,161.774610901311,0.535639472992739
2015-06-01,29.2013285350021,40.8862896120333,21.546,,37.4314127751929,,162.150850370563,0.541690528946114
2015-06-02,29.0726981760361,40.6179273469533,21.5495,,37.3544813490735,,161.983632828674,0.530919649349107
2015-06-03,29.1084909715745,40.5573294161288,21.8295,,37.5852756274316,,162.426759314682,0.525231656752934
2015-06-04,28.9384751927673,40.1331439003571,21.539,,37.4143169027219,,161.105740733752,0.534671304040199
2015-06-05,28.7796446625658,39.9426932606229,21.3475,,37.4485086476639,,160.779666527067,0.538786022088494
2015-06-08,28.5894954362682,39.5877625229364,21.175,,36.8416051749444,,159.784722152822,0.526441867943609
2015-06-09,28.5044875468646,39.5185077448512,21.274,,36.8159613662379,,159.74291776735,0.529104332563094
2015-06-10,28.8310968061522,40.3495650818733,21.5385,,37.5596318187252,,161.640836867799,0.519664685275829
2015-06-11,28.7662223642389,40.2023986784423,21.6485,,37.8502616507317,,162.142489493469,0.525231656752934
2015-06-12,28.4485613038359,39.7955268571919,21.496,,37.9015492681446,,160.955244946051,0.51095116470297
2015-06-15,28.3926350608072,39.3670129177899,21.1835,,37.3715772215445,,160.211126884641,0.50998299575043
2015-06-16,28.5447544418453,39.6743309955428,21.363,,38.1579873552092,,161.147545119224,0.516276093941939
2015-06-17,28.4776429502108,39.7955268571919,21.3905,,38.3887816335673,,161.423454063343,0.522327149895314
2015-06-18,28.6073918340374,40.4447904017404,21.9695,,36.5338794704669,,163.02038158839,0.531040670468174
2015-06-19,28.3210494697305,39.9080658715803,21.746,,35.550866803386,,162.075602476713,0.529346374801229
2015-06-22,28.5469914915664,40.0206048859687,21.8145,,35.4653874410311,,163.180910428605,0.527046973538947
2015-06-23,28.4172426077398,39.743585773628,22.2995,,35.6534420382118,,163.298506184306,0.513613629322455
2015-06-24,28.6588439776238,39.5055224739602,22.042,,35.217497290202,,162.130948324133,0.50853074232162
2015-06-25,28.5223839446338,39.5185077448512,22.005,,35.0978261829052,,161.626966513986,0.51240341813178
2015-06-26,28.3546052155477,39.180890701686,21.905,,35.0379906292568,,161.626966513986,0.501995601891975
2015-06-29,27.8579801774529,38.4104312954884,21.493,,34.5507582638341,,158.208289901826,0.486988983127605
2015-06-30,28.0581961274956,38.2199806557542,21.7045,,34.4481830290083,,158.619875046779,0.48674694088947
2015-07-01,28.3210494697305,38.4753576499433,21.8695,,34.3968954115954,,159.821031694295,0.493766165795385
2015-07-02,28.2852566741921,38.4364018372704,21.8855,,34.4994706464212,,159.703435938594,0.494250250271655
2015-07-06,28.1868264864616,38.4277449900097,21.802,,34.4481830290083,,159.241452612626,0.48819919431828
2015-07-07,28.117477945106,38.3498333646639,21.836,,34.4567629002484,,160.224217142412,0.479001589269151
2015-07-08,27.4195184321079,38.2978922811,21.485,,34.1221479218844,,157.502715367621,0.475612997935261
2015-07-09,26.860256001821,38.5402840043981,21.7195,,34.4739226427286,,157.788305060037,0.469803984220021
2015-07-10,27.5783489623094,38.618195629744,22.1755,,34.6283603250504,,159.795832603787,0.478033420316611
2015-07-13,28.1107667959426,39.4232824249841,22.7785,,35.0058746596149,,161.584968029807,0.481179969412366
2015-07-14,28.0995815473369,39.4925372030692,23.2785,,34.9887149171347,,162.298942260848,0.481422011650501
2015-07-15,28.3702645635957,39.6137330647183,23.0595,,34.9972947883748,,162.231744686162,0.478033420316611
2015-07-16,28.7483259664697,40.3928493181765,23.774,,35.1431525994565,,163.474899817857,0.48868327879455
2015-07-17,28.9966384855171,40.3582219291339,24.1505,,34.6626798100109,,163.66809284508,0.48577877193693
2015-07-20,29.5447156671983,40.6179273469533,24.405,,34.2594258617261,,163.743690116602,0.476823209125936
2015-07-21,29.2494251040068,40.9295738483366,24.4,,33.9505504970824,,163.096913460247,0.479001589269151
2015-07-22,28.0123366082121,39.4232824249841,24.4135,,33.8218524284809,,162.777724980487,0.469682963100953
2015-07-23,27.9989143098852,39.9167227188409,24.109,,33.4614978363966,,161.845358631716,0.475612997935261
2015-07-24,27.8512690282895,39.7695563154099,26.471,,33.4614978363966,,160.157019567726,0.470046026458156
2015-07-27,27.4642594265309,39.2588023270318,26.5705,,33.0410841456316,,159.249852309462,0.467383561838671
2015-07-28,27.6007194595209,39.2501454797712,26.3015,,33.7017342311195,,161.18178258169,0.477549335840341
2015-07-29,27.5134745203962,40.0725459695326,26.45,,34.1393076643646,,162.324141351356,0.48335834955558
2015-07-30,27.374777437685,40.5832999579107,26.838,,34.0191894670032,,162.349340441863,0.484568560746255
2015-07-31,27.1354131175222,40.4274767072191,26.8075,,34.2680057329662,,162.072150446282,0.48287426507931
2015-08-03,26.4956168972739,40.5227020270862,26.7515,,34.0706686944438,,161.568168636136,0.4911037011759
2015-08-04,25.6455380032378,41.1546518771134,26.595,,34.0277693382433,,161.248980156376,0.49304003908098
2015-08-05,25.815553782045,41.189279266156,26.8505,,34.0106095957631,,161.811759844373,0.498122926081815
2015-08-06,25.8714800250737,40.3582219291339,26.473,,33.7360537160799,,160.577004409514,0.49497637698606
2015-08-07,25.959119017602,40.4621040962617,26.131,,33.9419706258423,,160.157019567726,0.556213063234213
2015-08-10,26.9029235525217,40.9728580846398,26.2,,34.2251063767657,,162.189746201983,0.575576442285013
2015-08-11,25.5029468257241,40.1764281366603,26.373,,33.6073556474783,,160.702999862051,0.572671935427393
2015-08-12,25.896198715274,40.4621040962617,26.2955,,33.7017342311195,,160.845794708259,0.574124188856203
2015-08-13,25.8759743323828,40.453447249001,26.483,,33.7274738448398,,160.669401074708,0.569283344093503
2015-08-14,26.0579937784031,40.6871821250385,26.576,,33.8132725572408,,161.290978640555,0.569767428569773
2015-08-17,26.3276522169516,40.9642012373792,26.761,,34.0792485656839,,162.189746201983,0.566136794997748
2015-08-18,26.1793400757499,41.189279266156,26.751,,34.173627149325,,161.694164088672,0.560993397437379
2015-08-19,25.8445141812189,40.6141803806966,26.646,,33.916231012122,,160.417410169635,0.55880581486505
2015-08-20,25.3141859187401,39.7863865304142,25.789,,33.1440426005129,,157.049131738489,0.538631442253567
2015-08-21,23.7658970507409,37.5295590859602,24.7235,,32.2174165065819,,152.068111514874,0.521859975865708
2015-08-24,23.1726484859342,36.3183659787049,23.1685,,30.9561754342869,,145.869135250072,0.503387056366037
2015-08-25,23.3119720125176,35.2640180220294,23.3185,,30.4156435461605,,144.096799217723,0.492935272964907
2015-08-26,24.6490284369872,37.2158687848005,25.0385,,31.6683047472154,,149.816992762886,0.530124176694508
2015-08-27,25.3748590674136,38.2527895025227,25.9185,,31.5910859060544,,153.479260583284,0.550055484575732
2015-08-28,25.4580037526327,38.2789303609526,25.9005,,32.140197665421,,153.479260583284,0.55248613187832
2015-08-31,25.3389046089404,37.9216719624097,25.6445,,31.8227424295372,,152.126909392725,0.54640951362185
2015-09-01,24.2063391670367,36.4403566513781,24.827,,30.8961163356062,,147.481877042541,0.524047558438037
2015-09-02,25.2445241554485,37.7822540507832,25.5275,,31.5310268073737,,150.455369722405,0.539846765904861
2015-09-03,24.801834885498,37.9042447234564,25.236,,31.6597248759753,,150.581365174942,0.541305154286414
2015-09-04,24.5546479834952,37.128732590034,24.95,,31.1191929878489,,148.246249454596,0.528665788312955
2015-09-08,25.2377826944847,38.244075883046,25.877,,32.3289548327032,,152.042912424367,0.551270808227026
2015-09-09,24.7523975050974,37.5295590859602,25.8445,,31.8227424295372,,149.993386396438,0.540332895365379
2015-09-10,25.2962086895036,37.7212587144466,26.112,,32.2688957340225,,150.833356080015,0.548840160924438
2015-09-11,25.6647418888532,37.8868174845031,26.472,,32.5348717424656,,151.463333342698,0.55054161403625
2015-09-14,25.911928790856,37.5034182275302,26.069,,32.225996377822,,150.892153957866,0.551513872957285
2015-09-15,26.1299026953493,38.3224984583359,26.1185,,32.5949308411463,,152.857683017437,0.557590491213756
2015-09-16,26.1591156928588,38.6013342815889,26.3695,,32.8351672358692,,154.193234814325,0.561479526897897
2015-09-17,25.5995744328706,38.5577661842057,26.9435,,31.5224469361336,,153.790049366208,0.566583886233333
2015-09-18,25.4939582111058,37.8868174845031,27.013,,31.21357157149,,151.303739102819,0.566097756772815
2015-09-21,25.8894572543103,38.4357755115325,27.4195,,31.5996657772945,,152.079031120761,0.571931310299027
2015-09-22,25.482722442833,38.2527895025227,26.92,,31.050554017928,,150.094657311023,0.556375167562462
2015-09-23,25.6894605790535,38.2266486440927,26.8035,,30.878956593126,,149.824444707144,0.559048879595309
2015-09-24,25.8422670275643,38.2615031219993,26.6875,,30.9390156918067,,149.360016794226,0.569743727726697
2015-09-25,25.7770995715817,38.2876439804293,26.2125,,30.9304358205666,,149.258687067772,0.573875828141097
2015-09-28,25.2669956919942,37.7212587144466,25.203,,30.4070636749204,,145.501043045076,0.566340821503074
2015-09-29,24.5074577567492,37.8519630065965,24.8035,,30.4671227736011,,145.577040339917,0.576306475443686
2015-09-30,24.707454432006,38.5141980868224,25.5835,,30.9904949192473,,148.372051961293,0.598911495357757
2015-10-01,24.6243097467869,38.8714564853653,26.036,,31.0934533741285,,148.785815010983,0.587487453035592
2015-10-02,24.8040820391526,39.7079639551243,26.627,,31.6511450047352,,150.939071698145,0.602800531041898
2015-10-05,24.8939681853354,40.6316076196499,27.184,,32.2517359915423,,153.649641880808,0.617870544317946
2015-10-06,25.0130673290277,40.7361710533698,26.874,,32.3718541889037,,153.134549104664,0.625891680416487
2015-10-07,24.8939681853354,40.7797391507531,27.097,,32.311795090223,,154.41805897309,0.632454428133476
2015-10-08,24.6063325175503,41.3461244167358,26.658,,32.5091321287453,,155.777566136357,0.636100399087358
2015-10-09,25.1950867750479,41.0498613545295,26.99,,32.818007493389,,155.862007575069,0.63366975178477
2015-10-12,25.0782347850102,40.9540115402862,27.5095,,32.7663255918246,,156.047778740236,0.640475564232017
2015-10-13,25.1209307044471,40.858161726043,27.445,,32.5768252860885,,155.009149044076,0.641690887883311
2015-10-14,24.7658804270249,40.6751757170332,27.2415,,32.0944608714875,,154.28295267115,0.665025101988159
2015-10-15,25.1366607800291,40.9627251597629,28.122,,32.3442567290487,,156.596648091866,0.66672655509997
2015-10-16,24.9523941803542,41.3984061335957,28.538,,32.1892110243555,,157.229958882208,0.6771783385011
2015-10-19,25.1074477825196,41.494255947839,28.6575,,31.7585285113189,,157.415730047375,0.675963014849806
2015-10-20,25.5658671280521,41.6249602399888,28.044,,31.7499148610582,,157.213070594465,0.674990755928771
2015-10-21,25.5636199743975,41.1282839298194,27.7885,,31.5431872548006,,156.191329186047,0.666240425639453
2015-10-22,25.9546247102928,41.8515143463819,28.1955,,32.5509843353063,,158.893455224839,0.690303833935077
2015-10-23,26.7591057186292,46.0689061730837,29.9515,,32.7921665426068,,160.62450471844,0.694922063809995
2015-10-26,25.9051873298923,47.2713856608623,30.4305,,33.0505760504287,,160.244518244235,0.69176222231663
2015-10-27,25.7411451131086,46.7834229701695,30.5505,,33.0247350996466,,159.932084921,0.691276092856112
2015-10-28,26.801801638066,47.0361179349926,30.855,,33.4898722137261,,161.789796572669,0.696866581652065
2015-10-29,27.0849429985419,46.4958735274399,31.3275,,33.4726449132046,,161.730687565571,0.672803173356441
2015-10-30,26.8534861721211,45.8684929251206,31.295,,33.4554176126832,,160.911605610062,0.689574639744301
2015-11-02,27.231007986089,46.39131009372,31.4175,,34.2392597864098,,162.819982124959,0.697595775842842
2015-11-03,27.5433623440744,47.1842494660957,31.2655,,34.6268740481427,,163.335074901103,0.692734481237665
2015-11-04,27.4152745857639,47.4020899530122,32.0475,,34.8680562554432,,162.870646988186,0.6813104389155
2015-11-05,27.2894339811079,47.3846627140588,32.7825,,34.7560788020537,,162.667987535277,0.673532367547218
2015-11-06,27.3210294223695,47.8551981657983,32.9685,,34.9886473590934,,162.600434384307,0.766869223966609
2015-11-09,27.2104453779538,47.1929630855724,32.7745,,34.5407375455354,,161.080488487486,0.763466317742985
2015-11-10,26.3528548294241,46.6265778195897,32.984,,34.3856918408422,,161.384477666851,0.748882433927455
2015-11-11,26.2039048920479,46.7485684922629,33.6625,,33.6276906178978,,160.768055164251,0.74159049201969
2015-11-12,26.115889019962,46.4610190495332,33.28,,33.2745309572078,,158.614798477089,0.738916779986843
2015-11-13,25.3530847952172,46.0427653146537,32.1175,,32.1289154725304,,156.782419257033,0.724332896171313
2015-11-16,25.7672107574677,46.8487751162445,32.3905,,32.8352347939104,,159.189000260332,0.738916779986843
2015-11-17,25.6577551216685,46.4697326690099,32.165,,32.8438484441712,,158.994784951294,0.738916779986843
2015-11-18,26.4702093255387,47.2417425755368,33.177,,33.3348265090329,,161.553360544275,0.757025102391126
2015-11-19,26.8064750932517,47.3206981341588,33.0635,,33.6104633173763,,161.468919105563,0.759220792343275
2015-11-20,26.9238295893663,47.5400191303312,33.4225,,33.8861001257198,,162.06845332042,0.765807862199724
2015-11-23,26.5740229182555,47.5400191303312,33.9495,,33.7138271205051,,161.882682155253,0.754341481338499
2015-11-24,26.8290432655814,47.5926561694126,33.5575,,33.9894639288485,,162.144450615261,0.76044062009447
2015-11-25,26.6372138007787,47.1013771379864,33.767,,33.8171909236339,,162.093785752033,0.759464757893514
2015-11-27,26.5875638216533,47.3119252943119,33.663,,33.748281721548,,162.254224485587,0.765807862199724
2015-11-30,26.698147866069,47.6803845678816,33.24,,33.5673950660727,,161.595581263631,0.773858725357606
2015-12-01,26.4814934117036,48.4436216345616,33.953,,33.7913499728517,,163.157747879808,0.798987177032206
2015-12-02,26.2422707850085,48.4348487947147,33.8005,,33.3348265090329,,161.435142530078,0.792888038276235
2015-12-03,25.9985345238474,47.5487919701781,33.3125,,32.5682116358278,,159.138335397105,0.791180279424564
2015-12-04,26.862895524076,49.0489475839974,33.632,,33.7310544210266,,162.262668629458,0.823383732056091
2015-12-07,26.693634231603,48.9612191855284,33.4915,,33.4381903121617,,161.24092722104,0.807769936840805
2015-12-08,26.6823501454382,48.9436735058347,33.8665,,33.3606674598151,,160.21074166875,0.818748386601553
2015-12-09,26.0933208476323,48.2330734782361,33.2395,,33.2314627059041,,159.011673239036,0.798011314831251
2015-12-10,26.2174457954458,48.4874858337961,33.116,,32.8955303457356,,159.374771425499,0.8045983846877
2015-12-11,25.5426574427869,47.4259722123216,32.0075,,32.0513926201838,,156.199773329918,0.792644072725997
2015-12-14,25.3846802364788,48.3734389157864,32.8955,,32.430393231656,,157.137073299624,0.794595797127907
2015-12-15,24.9355736071172,48.4260759548678,32.932,,32.912757646257,,158.775237210642,0.804354419137461
2015-12-16,25.1274030719199,49.2419500606291,33.7885,,33.5157131645083,,161.004491192645,0.809233730142238
2015-12-17,24.5947942049383,48.8647179472126,33.5325,,31.8102104128833,,158.657019196445,0.797035452630296
2015-12-18,23.9290331212113,47.4873820912499,33.207,,31.3106186977609,,155.710012985387,0.784105278467637
2015-12-21,24.2224193614978,48.1014808805326,33.2255,,31.370914249586,,157.0796531213,0.80252467751067
2015-12-22,24.199851189168,48.5576685525712,33.1575,,31.5173463040185,,158.498152124775,0.803378556936506
2015-12-23,24.5112919673183,48.9699920253753,33.185,,31.8102104128833,,160.400809470753,0.806428126314491
2015-12-24,24.3803965678059,48.8383994276719,33.1395,,31.8791196149692,,160.120507272461,0.809233730142238
2015-12-28,24.1073216826161,49.084038943385,33.76,,31.6896193092331,,159.772253026099,0.808501833491521
2015-12-29,24.5406305913469,49.6104093341988,34.6985,,31.9049605657514,,161.555994287954,0.821675973204419
2015-12-30,24.2201625442648,49.3998611778733,34.4535,,31.8015967626226,,160.366833446717,0.814600972247492
2015-12-31,23.7552581942724,48.6717154705809,33.7945,,31.4656644024541,,158.778454323066,0.804110453587222
2016-01-04,23.7755695493691,48.0751623609919,31.8495,,30.9230044360279,,156.553024748753,0.789716486123131
2016-01-05,23.1797697998643,48.2944833571643,31.6895,,30.8278567300709,,156.833326947044,0.80240269473555
2016-01-06,22.7261495360368,47.4171993724747,31.6325,,30.9835529761824,,154.845729540978,0.769223379903068
2016-01-07,21.7670022120233,45.7679054812582,30.397,,30.3088692430327,,151.074390873057,0.738727686123213
2016-01-08,21.8820998909049,45.9082709188085,30.3525,,29.9715273764578,,149.469023737388,0.722869925357688
2016-01-11,22.2364201964816,45.8819523992678,30.887,,30.2223713285263,,149.486011749406,0.724089753108882
2016-01-12,22.5591450607968,46.3030487119189,30.8945,,30.5943123609037,,150.726136626695,0.736288030620824
2016-01-13,21.9791430319227,45.3029449693727,29.0905,,29.4784892637715,,147.039738018863,0.713843199998851
2016-01-14,22.459845102546,46.5925524268664,29.65,,30.0926244567668,,149.426553707344,0.699449232534759
2016-01-15,21.9204657838654,44.7327103793244,28.509,,29.5130884295741,,146.224313442015,0.6613906066975
2016-01-19,21.8143953739157,44.3554782659079,28.724,,29.8850294619515,,146.385699556183,0.666757848802754
2016-01-20,21.8437339979444,44.5572535823865,28.5885,,29.3573921834626,,144.669910342399,0.670417332056337
2016-01-21,21.7331499535287,44.2852955471327,28.751,,29.5130884295741,,145.374912841132,0.67822422966398
2016-01-22,22.8886403768108,45.8731795594209,29.819,,30.1012742482174,,148.356308950231,0.694081990429505
2016-01-25,22.4417905646822,45.4345375670761,29.8265,,29.7033838414881,,146.156361393944,0.693350093778788
2016-01-26,22.5659155124957,45.7679054812582,30.0625,,30.4732152805948,,148.135464794002,0.700181129185476
2016-01-27,21.0831865904325,44.934485695803,29.1675,,30.1964219541744,,146.453651604253,0.691886300477355
2016-01-28,21.2343933450417,45.6670178230189,31.7675,,30.5597131951012,,147.252088169083,0.684323368419951
2016-01-29,21.9678589457579,48.3295747165519,29.35,,31.4073927572636,,150.98095680696,0.714575096649567
2016-02-01,21.7624885775573,47.9962068023699,28.7405,,31.4160425487143,,150.845052710819,0.714819062199806
2016-02-02,21.3224092171276,46.4960511885506,27.605,,30.5770127780025,,148.109982775975,0.68456733397019
2016-02-03,21.7444340396936,45.7591326414113,26.5535,,30.8711056873241,,148.976371388876,0.687982851673534
2016-02-04,21.9182089666325,45.6187672038609,26.813,,31.5284898375725,,149.16323952107,0.688226817223772
2016-02-05,21.3328158078963,44.004564672032,25.1065,,30.8797554787748,,146.360217538156,0.644800949281259
2016-02-08,21.5574434153183,43.3466016835148,24.405,,30.801907355719,,144.347138114063,0.615281117702359
2016-02-09,21.5529054838553,43.2325547655051,24.1035,,30.3434684088352,,144.389608144107,0.621868187558807
2016-02-10,21.3895399511847,43.6097868789217,24.524,,30.4472659062429,,144.29617407801,0.620404394257374
2016-02-11,21.2602089044872,43.5922411992279,25.191,,30.13587341402,,142.444480768085,0.617232842104269
2016-02-12,21.3260089107017,44.3028412268265,25.354,,30.7413588155646,,145.366418835123,0.62772336076454
2016-02-16,21.9272848295586,45.1362610122817,26.055,,30.8797554787748,,147.804198559657,0.658463020094634
2016-02-17,22.2630917578259,46.311270351611,26.705,,31.684186083684,,150.224990272174,0.674808711960636
2016-02-18,21.8410641317603,46.1080732478172,26.25,,31.684186083684,,149.587939821512,0.73287251291748
2016-02-19,21.7911468856665,45.7811909504098,26.745,,31.8139329554436,,149.553963797476,0.742631134927034
2016-02-22,21.9817400071155,46.5144674554048,27.975,,32.0993760733146,,151.694453311702,0.768979414352829
2016-02-23,21.4848365119092,45.2157729224618,27.647,,31.6149877520789,,149.791795965724,0.77093113875474
2016-02-24,21.8047606800557,45.3747967428222,27.702,,31.684186083684,,150.496798464457,0.776298380859994
2016-02-25,21.954512418337,46.028561337637,27.7575,,32.2550723194261,,152.306021744337,0.778006139711666
2016-02-26,21.9885469043101,45.3217888027021,27.7615,,31.969629201555,,152.025719546046,0.77288286315665
2016-02-29,21.9386296582163,44.9507332218612,27.626,,31.8139329554436,,150.666678584633,0.767881569376754
2016-03-01,22.8099124991259,46.452624858598,28.952,,32.8605577209707,,154.378559210492,0.801917136386757
2016-03-02,22.8598297452197,46.7795071560054,29.0105,,32.661612517606,,155.032597673172,0.806569480078772
2016-03-03,23.0300021750848,46.2494277548042,28.8745,,32.7740598064643,,155.601696075764,0.799468534443591
2016-03-04,23.3726160005467,45.9667187408302,28.757,,32.7740598064643,,156.102842430285,0.797019932500426
2016-03-07,23.1139539071517,45.0832530721615,28.14,,33.1806000046442,,156.272722550461,0.791877868419778
2016-03-08,22.9233607857027,45.6310017867361,28.013,,32.9989543841809,,154.514463306633,0.7774311169551
2016-03-09,22.9437814772865,46.6823259324518,27.9735,,33.2843975020519,,155.363863907516,0.776941396566467
2016-03-10,22.9551263059442,45.9843880542036,27.9465,,32.9124564696745,,155.448803967605,0.775717095594884
2016-03-11,23.2024435706815,46.8855230362456,28.4805,,33.6909377002318,,157.971523752227,0.788939546087979
2016-03-14,23.2614366797015,46.9738696031125,28.6685,,33.4746929139659,,157.73369158398,0.790898427642511
2016-03-15,23.7288436203978,47.3449251839533,28.851,,33.5092920797685,,157.529835439768,0.786980664533446
2016-03-16,24.0442298570812,48.0163590921415,28.7135,,34.7894612144628,,158.472670106748,0.810487243187837
2016-03-17,24.0056574396451,48.2902334494288,27.972,,35.1268030810376,,159.47496281579,0.803631157746973
2016-03-18,24.0328850284235,47.2565786170864,27.604,,35.879334937243,,160.069543236408,0.827872316984313
2016-03-21,24.030616062692,47.5834609144938,27.699,,35.9917822261013,,160.312471808261,0.830320918927479
2016-03-22,24.2144022869463,47.7689887049142,28.024,,35.7928370227367,,160.227076574783,0.828851757761579
2016-03-23,24.0805333087857,47.6806421380474,28.4815,,35.2479001613465,,159.202333773047,0.84305364903194
2016-03-24,23.9761608851351,47.8926738985279,29.1475,,35.4381955732606,,159.091319969525,0.844277950003523
2016-03-28,23.8672505300214,47.3007519005199,28.9935,,35.1354528724882,,159.202333773047,0.852848056804603
2016-03-29,24.4322229971737,48.3344067328622,29.693,,35.2046512040933,,160.730908452303,0.866560227686331
2016-03-30,24.8587885547024,48.6347850602095,29.9345,,35.4381955732606,,161.405530796779,0.875620054876044
2016-03-31,24.7294575080049,48.7938088805699,29.682,,35.3862968245567,,161.021252246128,0.872436872349928
2016-04-01,24.9563540811584,49.0941872079172,29.925,,35.6025416108227,,162.054534571212,0.88516960245439
2016-04-04,25.2127472088219,48.9705020143036,29.6595,,35.5246934877669,,161.542163170344,0.87659949565331
2016-04-05,24.9155126979908,48.2018868825619,29.307,,35.0576047494325,,159.902574687566,0.875375194681727
2016-04-06,25.1764437571174,48.6966276570163,30.104,,35.2479001613465,,161.644637450518,0.87659949565331
2016-04-07,24.6273540500858,48.113540315695,29.5715,,34.5732164281968,,159.740323743958,0.867539668463597
2016-04-08,24.6545816388642,48.0782016889483,29.73,,34.9105582947717,,160.175839434696,0.873171452932878
2016-04-11,24.7362644051995,47.9810204653947,29.7965,,34.9365076691236,,159.757402790654,0.878558377207843
2016-04-12,25.0584575390775,48.2813987927421,30.1585,,35.0922039152351,,161.311596039954,0.877578936430576
2016-04-13,25.4214920561232,48.8998247608101,30.741,,35.8648922250955,,162.925565952688,0.899616353919067
2016-04-14,25.4351058505124,48.9086594174968,31.0375,,35.8041189872413,,162.908486905992,0.902064955862233
2016-04-15,24.9245885609169,49.1648644614107,31.2945,,35.6131173825567,,162.729156915688,0.909165901497413
2016-04-18,24.386843682543,49.8804716530323,31.7675,,35.8041189872413,,163.907611137685,0.905248138388348
2016-04-19,24.2575126358455,49.8186290562255,31.395,,35.6478449470448,,164.402903491857,0.889087365563455
2016-04-20,24.3074298819393,49.1118565212906,31.6495,,35.6825725115329,,164.539535865422,0.892515408283887
2016-04-21,24.0442298570812,49.2797149983377,31.55,,35.5870717091906,,163.625806867208,0.89153596750662
2016-04-22,23.9784298508667,45.745852323663,31.025,,35.3352968666518,,163.668504483947,0.888107924786189
2016-04-25,23.8422919069745,46.0373959943237,31.31,,35.404751995628,,163.403779260165,0.892515408283887
2016-04-26,23.6766574085724,45.4454739963157,30.844,,35.2918874110417,,163.642885913903,0.893249988866836
2016-04-27,22.1950227858798,45.0037411619814,30.3285,,35.4655252334822,,163.984466847815,0.913573384995112
2016-04-28,21.5166020321507,44.0849368665659,30.1,,35.0140668951368,,162.507129308646,0.886393903425973
2016-04-29,21.2692847674133,44.0584328965059,32.9795,,34.6060180124015,,161.584860787083,0.869988270406763
2016-05-02,21.246595110098,44.7121974913207,34.1925,,34.9880212217707,,162.874328812601,0.881496699539641
2016-05-03,21.5960158327544,43.9789209863257,33.566,,34.449743972205,,161.48238650691,0.870967711184029
2016-05-04,21.3713882253324,44.0584328965059,33.545,,34.111150218446,,160.534499415304,0.851134035444387
2016-05-05,21.2851675275341,44.1202754933127,32.9545,,34.0590588717138,,160.517420368608,0.856276099525035
2016-05-06,21.1664600295255,44.5178350442136,33.6975,,34.2153329119103,,161.098107956259,0.865091066520431
2016-05-09,21.1824398850267,44.2351260302396,33.9875,,34.1719234563001,,161.268898423215,0.863866765548849
2016-05-10,21.326258584537,45.0744184154748,35.1535,,34.744928270354,,163.2671468866,0.880517258762375
2016-05-11,21.1185204630221,45.1009223855349,35.6615,,34.4236982988389,,161.738572207344,0.882965860705541
2016-05-12,20.6231449424864,45.5073165931225,35.8965,,34.5712904479134,,161.832506964169,0.870967711184029
2016-05-13,20.6642359994893,45.127426355595,35.496,,34.3889707343508,,160.338090378304,1.00343707630929
2016-05-16,21.4312690635446,45.7900256070965,35.533,,34.7015188147438,,161.934981244343,1.0330651598216
2016-05-17,21.3422384400382,44.9418985651745,34.7635,,34.3802888432288,,160.50888084526,1.03526890157045
2016-05-18,21.5865019455558,45.2088272836373,34.8725,,34.2674242586424,,160.483262275217,1.06171380255663
2016-05-19,21.5043198315499,44.7728437101482,34.926,,33.7204651179547,,159.962351351001,1.06636614624865
2016-05-20,21.7371691545666,45.0397724286109,35.14,,34.2153329119103,,160.961475582694,1.08546524140534
2016-05-23,22.0133923710866,44.5148126156342,34.8375,,34.0156494161036,,160.747987498999,1.08717926276556
2016-05-24,22.3489693366107,45.9028419516404,35.21,,34.6407455768896,,162.788933579123,1.11350173365459
2016-05-25,22.741617214639,46.3744160209245,35.4175,,34.8404290726963,,163.899071614337,1.10883759499951
2016-05-26,22.921961298152,46.1697706701031,35.7455,,34.6841550324998,,163.975927324467,1.12062068212813
2016-05-27,22.9082642791511,46.5523684998997,35.612,,34.7883377259641,,164.616391575552,1.12675770667429
2016-05-31,22.796405290643,47.1574069284152,36.1395,,34.9012023105505,,164.419982538553,1.14688714718568
2016-06-01,22.47680818062,47.0239425691838,35.972,,34.9532936572826,,164.727405379074,1.1490964760223
2016-06-02,22.3078782796078,46.6947304830798,36.412,,33.5641910777582,,165.222697733246,1.15719734842322
2016-06-03,22.3535350096111,46.0807944306155,36.277,,33.9461942871274,,164.744484425769,1.14099560362137
2016-06-06,22.5156164011228,46.3833136448733,36.3365,,34.2413785852764,,165.538660097115,1.13510406005706
2016-06-07,22.6069298611293,46.356620773027,36.187,,33.9722399604935,,165.837543414288,1.13731338889367
2016-06-08,22.5863843326279,46.3032350293345,36.332,,34.1024683273239,,166.384072908547,1.13363117416598
2016-06-09,22.7484657241395,45.9295348234866,36.3825,,33.9027848315173,,166.127887208113,1.16308889198753
2016-06-10,22.561273131126,45.804968088204,35.8955,,33.6336462067344,,164.530996342074,1.13412213612967
2016-06-13,22.2211304926015,44.6126864790705,35.762,,33.5294635132701,,163.292765456643,1.1486055140586
2016-06-14,22.2485245306035,44.336860136659,35.965,,33.7117832268327,,162.934105476036,1.15081484289522
2016-06-15,22.1754737625982,44.2122934013764,35.713,,33.3731894730736,,162.694998822297,1.16259793002384
2016-06-16,22.269070059105,44.8351270777895,35.8755,,33.5468272955142,,163.224449269861,1.16726206867892
2016-06-17,21.7622803560685,44.6037888551218,35.3195,,34.449743972205,,162.618143112167,1.14688714718568
2016-06-20,21.7097751165647,44.5504031114292,35.7005,,34.4931534278152,,163.659964960599,1.16750754966076
2016-06-21,21.894684873078,45.5469369936901,35.791,,34.7188825969879,,164.123661078384,1.16038860118722
2016-06-22,21.8125027590721,45.3689845147149,35.53,,34.7362463792319,,163.849034580031,1.15940667725984
2016-06-23,21.9380587665811,46.1875659180006,36.104,,35.4481614512382,,165.968807864195,1.19033728097246
2016-06-24,21.3216929115367,44.336860136659,34.948,,34.0590588717138,,160.107248539967,1.1225845299829
2016-06-27,21.0112271475143,43.091192783833,34.568,,33.4079170375617,,157.094939136155,1.11055596187243
2016-06-28,21.3650668050398,43.9898528026575,35.3975,,33.9722399604935,,159.995681525011,1.12675770667429
2016-06-29,21.5499765615532,44.9685914370208,35.78,,35.2050684998214,,162.750528586618,1.14516878031275
2016-06-30,21.8239169415729,45.5291417457926,35.781,,35.5349803624585,,164.947540573444,1.15400609565922
2016-07-01,21.8901192000777,45.5202441218438,36.284,,35.6044354914347,,165.290823696386,1.1454142612946
2016-07-05,21.6846639150629,45.5291417457926,36.405,,35.2036023948595,,164.132243156458,1.16235244904199
2016-07-06,21.8079370860717,45.7159918487165,36.8805,,35.3168813134569,,165.102017978768,1.16971687849738
2016-07-07,21.9015333825785,45.7159918487165,36.8285,,35.3168813134569,,164.990450963812,1.20015652024631
2016-07-08,22.0704632835907,46.5345732520022,37.2905,,35.6131492544037,,167.496417761286,1.24827079268818
2016-07-11,22.1389483785956,46.7926043465161,37.689,,35.5347253876825,,168.079999070286,1.27699206756419
2016-07-12,22.2393931846028,47.3442570313391,37.4105,,36.0924062177001,,169.264325844435,1.2961395841482
2016-07-13,22.1138371770938,47.6111857498018,37.1315,,36.1272612695762,,169.20425129792,1.29564862218451
2016-07-14,22.5521417851254,47.8158311006232,37.06,,36.3102502919257,,170.191190276377,1.3089045952042
2016-07-15,22.5498589486252,47.7802406048282,36.772,,36.3973879216159,,169.933727934171,1.29368477432974
2016-07-18,22.7895567811425,48.0115788274959,36.8035,,36.2841090030186,,170.422906384363,1.30031276083958
2016-07-19,22.7986881271432,47.237485543954,36.9975,,35.7961382767532,,170.234100666745,1.31381421484113
2016-07-20,22.8192336556446,49.7466154975036,37.286,,35.9442722472266,,170.920666912628,1.33099788357037
2016-07-21,22.6982433211359,49.6487416340673,37.2215,,35.7874245137842,,170.277011057113,1.30644978538574
2016-07-22,22.5224649106232,50.3338586781216,37.243,,35.7961382767532,,171.066562239878,1.34204452775345
2016-07-25,22.2211304926015,50.4762206613018,36.9805,,35.8658483805054,,170.654622492348,1.36683810691992
2016-07-26,22.0681804470905,50.502913533148,36.7795,,35.6741455951869,,170.646040414275,1.39015880019531
2016-07-27,23.5018017691938,49.9957489680689,36.8335,,35.6654318322178,,170.534473399319,1.37616638423008
2016-07-28,23.8191160427167,50.0135442159664,37.6305,,35.8919896694125,,170.723279116937,1.37911215601223
2016-07-29,23.7894391682146,50.431732541558,37.9405,,35.7612832248771,,171.023651849511,1.40169640634209
2016-08-01,24.2094810842448,50.3427563020704,38.387,,35.8571346175364,,170.826264053819,1.39261361001377
2016-08-02,23.851075753719,50.3427563020704,38.029,,35.4737290468993,,169.7620863727,1.37567542226638
2016-08-03,24.1501273352406,50.6897636360719,37.732,,35.4737290468993,,170.251264822892,1.37935763699408
2016-08-04,24.2985117077512,51.0634638419198,38.0385,,35.6392905433108,,170.414324306289,1.40488765910609
2016-08-05,24.6680271875801,51.5706284069989,38.299,,35.8397070915983,,171.787456798056,1.42869931434517
2016-08-08,24.8722935087277,51.6596046464865,38.328,,35.8658483805054,,171.70163601732,1.44195528736487
2016-08-09,24.9732791056996,51.7841713817691,38.4155,,35.8135658026913,,171.813203032276,1.44563750209256
2016-08-10,24.7873738021832,51.6240141506915,38.428,,35.8048520397222,,171.375517050526,1.43630922478241
2016-08-11,24.7713079117559,51.8731476212567,38.562,,35.9704135361337,,172.216560701733,1.46552146162211
2016-08-12,24.8286860918535,51.5528331591014,38.628,,35.8048520397222,,172.044919140262,1.54751210955876
2016-08-15,25.1270526283613,51.7129903901791,38.4245,,36.066264928793,,172.542679668527,1.54603922366768
2016-08-16,25.1041013563222,51.4282664238188,38.202,,36.0052685880098,,171.650143548879,1.53671094635752
2016-08-17,25.0673793210597,51.5357070918352,38.2315,,35.9094171953505,,171.933352125306,1.50111620398982
2016-08-18,25.035247540205,51.5715206478406,38.223,,35.8484208545674,,172.345291872836,1.52443689726521
2016-08-19,25.0995111019144,51.5894274258433,37.8655,,36.0052685880098,,172.104993686777,1.52836459297475
2016-08-22,24.9044252895824,51.6341943708501,37.974,,35.9181309583196,,172.08782953063,1.53474709850275
2016-08-23,24.9824596145152,51.8311689288801,38.1225,,36.1621163214523,,172.405366419351,1.54714388808599
2016-08-24,24.7942591837949,51.8848892628883,37.8625,,35.7874245137842,,171.572904846217,1.5232887049443
2016-08-25,24.6886833324152,52.0818638209182,37.961,,35.8135658026913,,171.435591597041,1.51320558629679
2016-08-26,24.5440903185692,51.9565163748991,38.45,,35.9529860101957,,171.109472630246,1.52550207245229
2016-08-29,24.5165487921223,52.0191900979087,38.5645,,35.9965548250408,,171.976262515674,1.52451835355985
2016-08-30,24.328348361402,51.8311689288801,38.379,,35.9965548250408,,171.650143548879,1.51566488352789
2016-08-31,24.3512996334411,51.4461732018215,38.458,,35.9181309583196,,171.229621723276,1.50853292155769
2016-09-01,24.4958926472872,51.5625672588392,38.531,,35.8658483805054,,171.195293410981,1.55304620144063
2016-09-02,24.7254053676777,51.6341943708501,38.622,,35.9442722472266,,171.959098359527,1.5377985586078
2016-09-06,24.718519986066,51.580474036842,39.4435,,35.9442722472266,,172.49976927816,1.5523084122713
2016-09-07,24.8699983815238,51.6252409818488,39.224,,35.9442722472266,,172.491187200086,1.52943694802206
2016-09-08,24.2181822556145,51.4193130348175,39.203,,35.4824428098683,,172.08782953063,1.54050378556201
2016-09-09,23.669646853881,50.3269995766514,38.007,,34.8811931650056,,167.934103743036,1.46377371195165
2016-09-12,24.1998212379833,51.0790842527657,38.5745,,35.4475877579922,,170.337085603627,1.4940230678942
2016-09-13,24.7758981661637,50.613508024695,38.0505,,35.011899609541,,167.919514210311,1.4723812522605
2016-09-14,25.6526367580557,50.3717665216582,38.0545,,35.0728959503242,,167.816062409791,1.48541552758534
2016-09-15,26.5247850955399,51.2044316987848,38.4845,,35.6044354914347,,169.540259085121,1.54173343417757
2016-09-16,26.375601827286,51.258152032793,38.926,,33.9139654754439,,168.876443365119,1.54542238002422
2016-09-19,26.0680547819627,50.9716435847494,38.755,,34.1840921274837,,168.928169265379,1.56583454704236
2016-09-20,26.0657596547588,50.8642029167331,39.011,,34.0446719199793,,168.945411232132,1.55157062310197
2016-09-21,26.0611694003509,51.7147748718624,39.487,,34.4280774906164,,170.842027574994,1.59510018409247
2016-09-22,26.3067480111689,51.7684952058706,40.235,,34.4280774906164,,171.867924596815,1.59903505966223
2016-09-23,25.8683787152228,51.4193130348175,40.2875,,34.1840921274837,,170.945479375514,1.59731355160046
2016-09-26,25.9073958776893,50.9447834177453,39.958,,34.0098168681032,,169.583364002004,1.58231183849074
2016-09-27,25.9555935489713,51.8848892628883,40.8055,,34.2450884682668,,170.617882007201,1.63641637757498
2016-09-28,26.1529744885072,51.9565163748991,41.436,,34.3670811498332,,171.540327228503,1.64231869092962
2016-09-29,25.7467369734158,51.3924528678134,41.4525,,34.0882407348244,,169.92820333707,1.65756633376245
2016-09-30,25.9464130401557,51.5715206478406,41.8655,,34.2276609423288,,171.29031871058,1.68511046275079
2016-10-03,25.8247712983486,51.4103596458161,41.837,,33.9749618162271,,170.747196757851,1.68338895468901
2016-10-04,25.9349374041361,51.2491986437916,41.7015,,33.8703966605988,,169.9540662872,1.67970000884236
2016-10-05,25.9464130401557,51.6073342038461,42.218,,34.1143820237315,,170.660986924085,1.67797850078059
2016-10-06,26.1392037252837,51.6968680938597,42.083,,33.8703966605988,,170.859269541747,1.65609075542379
2016-10-07,26.1782208877501,51.7505884278678,41.9715,,33.8616828976297,,170.229937755252,1.64404019899139
2016-10-10,26.6349512013274,51.9654697639005,42.0855,,33.7829551409574,,171.014447242527,1.65018844206914
2016-10-11,26.6923293814251,51.2044316987848,41.55,,33.2493559012892,,168.936790248755,1.62633325892746
2016-10-12,26.9310226106313,51.1328045867739,41.7045,,33.2843460153658,,169.152314833172,1.63371115062076
2016-10-13,26.8483980312907,50.962690195748,41.464,,33.2668509583275,,168.609192880443,1.60715074052487
2016-10-14,26.9975812995445,51.4103596458161,41.148,,33.5992570420552,,168.652297797326,1.62289024280392
2016-10-17,26.9792202819133,51.2312918657889,40.6475,,33.4942866998254,,168.152280761481,1.61354491332573
2016-10-18,26.960859264282,51.6252409818488,40.8825,,33.6080045705744,,169.143693849795,1.63813788563675
2016-10-19,26.8805298121453,51.5088469248311,40.8845,,33.5467718709403,,169.609226952134,1.6346948695132
2016-10-20,26.8667590489219,51.258152032793,40.516,,33.3193361294424,,169.333355484081,1.66568201462508
2016-10-21,26.7611831975422,53.415918782121,40.9495,,33.179375673136,,169.376460400964,1.66100934988599
2016-10-24,27.0021715539523,54.6156729083034,41.9045,,33.4767916427871,,170.066139071096,1.73896907211191
2016-10-25,27.1398791861867,54.6067195193021,41.759,,33.5555193994595,,169.583364002004,1.76749691999269
2016-10-26,26.5293753499477,54.2843975152531,41.1295,,33.5117817568637,,169.204040733431,1.77462888196288
2016-10-27,26.2746162303142,53.8098678981809,40.918,,33.4330540001914,,168.755749597846,1.73823128294258
2016-10-28,26.1001865628173,53.6039399511496,38.816,,33.3893163575956,,168.221248628494,1.73528012626526
2016-10-31,26.058874273147,53.6487068961564,39.491,,33.6080045705744,,168.221248628494,1.75003590965187
2016-11-01,25.5883731963463,53.5412662281401,39.2705,,33.642994684651,,167.04879488927,1.69814473807562
2016-11-02,25.6113244683854,53.2099908350897,38.278,,33.2668509583275,,165.945309017059,1.69101277610543
2016-11-03,25.3382043311206,53.0130162770598,38.3515,,33.5117817568637,,165.298735263811,1.67133839825662
2016-11-04,25.1098075152432,52.5653468269917,37.7525,,33.4855391713063,,165.074589696018,1.66174713905532
2016-11-07,25.4720125666851,54.0963763462245,39.2465,,34.1940889813575,,168.695402714209,1.75274113660608
2016-11-08,25.6219700720591,54.1411432912313,39.3875,,34.2290790954341,,169.471291218107,1.75003590965187
2016-11-09,25.5804433782632,53.8725416211904,38.594,,34.5964752932383,,171.281697727203,1.72052434287865
2016-11-10,24.8675684681006,52.5563934379903,37.119,,34.6227178787958,,171.678262962529,1.66666573351752
2016-11-11,25.0152189349304,52.8429018860339,36.9505,,34.5090000080469,,171.359286577593,2.16344377420004
2016-11-14,24.3877044509037,52.0370968759114,35.9535,,34.3777870802596,,171.385149527723,2.05695620409334
2016-11-15,24.7106898470939,53.0577832220666,37.162,,34.2640692095107,,172.773127851363,2.11966828348643
2016-11-16,25.375116947828,53.7607740648254,37.3245,,34.7276882210256,,172.480014416557,2.25345405285836
2016-11-17,25.3658887936512,54.6530316729424,37.82,,35.2088022895788,,173.299007837338,2.27214471181473
2016-11-18,25.3912662176376,54.3916632826859,38.008,,34.867648677332,,172.988652435779,2.29599989495641
2016-11-21,25.7765416545216,54.8513111414128,39.0,,34.8938912628895,,174.264557975523,2.28665456547823
2016-11-22,25.7926909243311,55.0856414223324,39.2665,,35.0688418332725,,174.583534360459,2.30313185692661
2016-11-23,25.6611897273108,54.4367267982473,39.006,,35.0775893617916,,174.738712061238,2.31444462418967
2016-11-25,25.7903838857869,54.5538919387071,39.0185,,35.2262973466172,,175.437011714747,2.31912425043843
2016-11-28,25.7396290378141,54.6259935636055,38.3385,,35.2525399321746,,174.609397310588,2.31789276984666
2016-11-29,25.7142516138277,55.0586033129955,38.126,,35.4712281451533,,174.885268778641,2.29671130366805
2016-11-30,25.4973899906715,54.3105489546752,37.5285,,35.156317118464,,174.488703543315,2.27085021124069
2016-12-01,25.2597650206173,53.3552024247722,37.1825,,33.8529353691106,,173.80764585656,2.15853918127044
2016-12-02,25.3543536009301,53.4002659403337,37.017,,33.6779847987276,,173.928339623833,2.17848916685726
2016-12-05,25.1720975559371,54.2744981422261,37.968,,34.0891186391276,,174.928373695524,2.26296873545331
2016-12-06,25.3658887936512,54.0311551581942,38.236,,34.5264950650852,,175.540463515266,2.30015944932504
2016-12-07,25.6150489564265,55.3109590001397,38.521,,35.2700349892129,,177.764677226441,2.34153719720881
2016-12-08,25.866516157746,54.9865016880972,38.3665,,35.2962775747704,,178.23021032878,2.30237611439024
2016-12-09,26.2887042113374,55.8517211868773,38.433,,35.4449855595959,,179.316454234237,2.26149095874317
2016-12-12,26.1387467059634,56.0319752491231,38.006,,35.4362380310767,,179.118171616574,2.20656692434982
2016-12-13,26.5747769908202,56.7620042012188,38.717,,35.6549262440555,,180.342351256058,2.24548171105004
2016-12-14,26.5747769908202,56.49162310785,38.441,,35.7598965862853,,178.850921131898,2.37552606154192
2016-12-15,26.7201204191058,56.4014960767271,38.05,,35.742401529247,,179.5147368519,2.43118898429033
2016-12-16,26.754725997269,56.1491403895829,37.8885,,34.2028365098766,,179.204381450341,2.47305932441082
2016-12-19,26.9092975797315,57.3388172004056,38.3,,34.0278859394936,,179.609567669043,2.50310745085023
2016-12-20,26.9808157746021,57.2667155755072,38.561,,34.1153612246851,,180.299246339175,2.5902962767482
2016-12-21,27.0061931985885,57.2667155755072,38.53,,33.9666532398595,,179.807850286706,2.60655182055968
2016-12-22,26.8285512306839,57.2757282786195,38.317,,34.0803711106085,,179.580256325563,2.63807772370923
2016-12-23,26.8816131172009,56.9963344821384,38.0295,,33.9229155972638,,179.736405526754,2.70383878731023
2016-12-27,27.0523339694728,57.0323852945876,38.57,,33.9579057113404,,180.178828263462,2.88954606055052
2016-12-28,26.936982042262,56.7710169043311,38.6065,,33.8354403120723,,178.756135541498,2.69078509303737
2016-12-29,26.9300609266294,56.6899025763205,38.2575,,33.8441878405914,,178.721435719011,2.74447764683894
2016-12-30,26.7201204191058,56.0049371397862,37.4935,,33.6342471561318,,178.105513869867,2.62896476733006
2017-01-03,26.7962526910649,56.4014960767271,37.6835,,33.8529353691106,,179.346032523776,2.51246670334776
2017-01-04,26.7662611899901,56.1491403895829,37.859,,34.0197851154175,,180.404377109628,2.57108517951644
2017-01-05,26.9023764640988,56.1491403895829,39.0225,,33.9319694594665,,180.26557781968,2.50581670815215
2017-01-06,27.2022914748468,56.6358263576467,39.7995,,33.7651197131596,,180.96824922504,2.53931298024854
2017-01-09,27.4514516376221,56.4555722954009,39.846,,34.2744505176754,,180.395702154006,2.64226475772128
2017-01-10,27.4791361001527,56.4375468891763,39.795,,33.9495325906567,,180.369677287141,2.62231477213445
2017-01-11,27.6267865669825,56.951270966577,39.951,,34.3447030424362,,180.881499668823,2.59004998062984
2017-01-12,27.5114346397717,56.428534186064,40.682,,34.4237371327921,,180.482451710223,2.54768704827264
2017-01-13,27.4629868303432,56.5096485140746,40.857,,34.4764265263627,,180.838124890714,2.54744075215428
2017-01-17,27.6844625305879,56.3564325611657,40.486,,34.3359214768411,,180.196178174706,2.49030005269573
2017-01-18,27.6821554920437,56.3293944518288,40.374,,34.414955567197,,180.577876222062,2.5356185384732
2017-01-19,27.6337076826152,56.1491403895829,40.452,,34.4325186983872,,179.970629328541,2.59004998062984
2017-01-20,27.6844625305879,56.5456993265238,40.4165,,35.0121020276638,,180.551851355197,2.56172592701892
2017-01-23,27.7029188389416,56.7439787949942,40.894,,34.8452522813569,,180.135453485354,2.58832590780135
2017-01-24,27.6775414149553,57.2486901692826,41.122,,35.2140780363511,,181.280547627423,2.64349623831305
2017-01-25,28.1181857769005,57.3928934190793,41.826,,35.2579858643266,,182.789989905605,2.65482585975742
2017-01-26,28.1320280081658,57.9246429027046,41.9575,,35.2404227331364,,182.651190615657,2.70063693777161
2017-01-27,28.13433504671,59.2855610726608,41.7885,,35.3282383890874,,182.390941947005,2.75285171486304
2017-01-30,28.0605098132951,58.6997353703617,41.519,,35.3282383890874,,181.289222583045,2.70974989415077
2017-01-31,27.995912734057,58.2671256209717,41.174,,35.2228596019462,,181.280547627423,2.68906102020888
2017-02-01,29.7031212567766,57.3027663879564,41.6175,,34.9857573308785,,181.306572494288,2.80654426866461
2017-02-02,29.6523664088039,56.9332455603524,41.9975,,35.1086992492099,,181.384647094884,2.84201090970785
2017-02-03,29.7792535287357,57.3928934190793,40.51,,35.5038697009894,,182.729265216253,2.81713500175391
2017-02-06,30.0584051925858,57.3568426066301,40.382,,35.2140780363511,,182.347567168896,2.88929976443217
2017-02-07,30.3444779720686,57.167575841272,40.625,,35.1877333395658,,182.390941947005,2.93412565797293
2017-02-08,30.4621369378236,57.0864615132614,40.9855,,35.1438255115903,,182.625165748792,2.92131825981842
2017-02-09,30.6813055995241,57.7353761373464,41.068,,35.3282383890874,,183.6661604234,2.86639422542507
2017-02-10,30.611796524763,57.6812999186727,41.373,,35.820006062413,,184.403531651248,2.79841649675887
2017-02-13,30.8828819163311,58.3302145427577,41.8265,,36.083453030266,,185.383801636504,2.66935733074042
2017-02-14,31.2837175807864,58.5465194174527,41.8195,,36.0922345958611,,186.155872686839,2.67920917547465
2017-02-15,31.3972490695628,58.5102508596597,42.135,,36.3644631293092,,187.101442849608,2.68462769007848
2017-02-16,31.3590190784442,58.5011837202114,42.207,,36.522531310021,,186.953968604038,2.64152586936621
2017-02-17,31.4459054218955,58.5918551146941,42.2535,,36.9352648929907,,187.240242139556,2.6410332771295
2017-02-21,31.6729683994483,58.4739823018666,42.822,,37.1196777704878,,188.341961503516,2.73561098657813
2017-02-22,31.767964134955,58.3561094890392,42.7805,,37.3304353447702,,188.255211947299,2.73142395256608
2017-02-23,31.6335799237503,58.5918551146941,42.6095,,37.7256057965497,,188.35931141476,2.47815811658871
2017-02-24,31.6637005228135,58.5918551146941,42.262,,37.9100186740468,,188.584860260925,2.50207903780566
2017-02-27,31.7262586900984,58.2382366762117,42.432,,37.4972850910771,,188.86245884082,2.57482823119741
2017-02-28,31.7401605050506,58.0115581900051,42.252,,37.400687869531,,188.307261681029,2.50257225267611
2017-03-01,32.388911869487,58.8820035770386,42.654,,37.6904795341693,,190.979148012524,2.53487782669075
2017-03-02,32.1966034293148,58.0387596083499,42.4455,,37.664134837384,,189.86007873732,2.44141360874
2017-03-03,32.3865949003283,58.2563709551083,42.494,,37.488503525482,,189.964178204781,2.4273569849321
2017-03-06,32.2846482573454,58.2745052340048,42.3305,,37.3831247383408,,189.374281222503,2.40861481985491
2017-03-07,32.3263537022021,58.3923780468322,42.301,,37.4094694351261,,188.801734151468,2.43500181542412
2017-03-08,32.2058713059496,58.9273392742799,42.525,,37.4182510007212,,188.402686192868,2.43056288159004
2017-03-09,32.1317282928711,58.691593648625,42.65,,37.2689643856045,,188.602210172168,2.43006966671959
2017-03-10,32.2383088741714,58.8729364375903,42.623,,37.4797219598869,,189.26150679942,2.44437289796271
2017-03-13,32.2522106891236,58.6734593697285,42.7295,,37.3919063039359,,189.374281222503,2.51169672777948
2017-03-14,32.2035543367909,58.4014451862805,42.6265,,37.576319181433,,188.732334506494,2.5099704757329
2017-03-15,32.54414880312,58.7097279275215,42.6485,,37.8046398869056,,190.302501474029,2.52895924824532
2017-03-16,32.5974390937701,58.6099893935906,42.671,,40.1580994663924,,189.981528116024,2.56003178508383
2017-03-17,32.435251252661,58.8185336009007,42.6155,,40.0966285072267,,189.599830068668,2.61576506544497
2017-03-20,32.7758457189901,58.8729364375903,42.8485,,39.7190211866374,,189.402648327386,2.69911837855144
2017-03-21,32.4004967152805,58.2201023973152,42.16,,39.3765401284285,,187.014693293391,2.61181934648135
2017-03-22,32.7665778423553,58.963607832073,42.403,,39.332632300453,,187.394656349623,2.66508655249022
2017-03-23,32.6507293844203,58.8185336009007,42.369,,39.4731373499746,,187.202921513808,2.64091902383805
2017-03-24,32.5858542479766,58.9182721348317,42.2805,,39.2096903821216,,187.141914975139,2.65029010637664
2017-03-27,32.6414615077855,59.0270778082108,42.341,,39.3765401284285,,186.836882281798,2.66952548632429
2017-03-28,33.3180165021263,59.1993534577279,42.8,,39.244816644502,,188.222602231551,2.65571546995162
2017-03-29,33.3921595152047,59.3625619677967,43.716,,39.0955300293853,,188.501489265463,2.6470842097187
2017-03-30,33.3481371011894,59.5801733145551,43.817,,39.2360350789069,,189.00697201443,2.69788534137531
2017-03-31,33.2855789339044,59.7161804062791,44.327,,39.1745641197412,,188.553780584322,2.68629479191968
2017-04-03,33.2948468105392,59.4350990833828,44.5755,,39.1745641197412,,188.318469649458,2.67273138298223
2017-04-04,33.5427625105203,59.5983075934516,45.3415,,39.157000988551,,188.423052287175,2.48530973221027
2017-04-05,33.3689898236177,59.4441662228311,45.464,,39.0691853326,,187.847847779731,2.4668141745683
2017-04-06,33.2855789339044,59.5983075934516,44.914,,38.7969567991519,,188.335900089078,2.48481651733982
2017-04-07,33.211435920826,59.5529718962103,44.744,,38.893554020698,,188.170310912692,2.47421239762509
2017-04-10,33.1720474451281,59.4169648044863,45.352,,38.805738364747,,188.301039209838,2.41108089420717
2017-04-11,32.8152341946881,59.371629107245,45.118,,38.9556696266108,,188.065728274975,2.41971215444009
2017-04-12,32.854622670386,59.1449506210383,44.8115,,38.9644891126028,,187.290073711905,2.39973695218676
2017-04-13,32.6808499834834,58.8910707164869,44.2335,,38.805738364747,,186.043797279109,2.35485439897558
2017-04-17,32.8615735778621,59.371629107245,45.0995,,39.0615034585147,,187.673543383535,2.4470855797502
2017-04-18,32.7156045208639,59.2900248522106,45.189,,39.2643516363304,,187.159345414759,2.44856522436156
2017-04-19,32.5951221246114,58.9726749715213,44.96,,38.9733085985948,,186.7497300837,2.45818291433538
2017-04-20,33.0029086965429,59.3897633861415,45.103,,39.2731711223224,,188.274893550409,2.49714688910113
2017-04-21,32.9635202208449,60.2058059364854,44.9265,,39.1849762624025,,187.725834702394,2.50750440138064
2017-04-24,33.280944995587,61.2303926941395,45.3705,,39.546575188074,,189.73033525864,2.53882354565437
2017-04-25,33.4871552507115,61.5840111326218,45.381,,39.4407413561701,,190.87202905372,2.58296627655987
2017-04-26,33.2902128722218,61.5024068775874,45.4645,,39.4142828981942,,190.732585536764,2.56521054122358
2017-04-27,33.3156995329676,61.9013610133111,45.919,,39.4848387861301,,190.88074427353,2.60516094573024
2017-04-28,33.2832619647457,62.0736366628282,46.2495,,39.6524090199779,,190.514705041519,2.57211554940992
2017-05-01,33.9621339282453,62.9350149104134,47.4115,,39.7317843939057,,190.976611691437,2.62982168925286
2017-05-02,34.1776120600045,62.8352763764825,47.347,,39.8023402818416,,191.037618230105,2.55189373972136
2017-05-03,34.0733484478629,62.6357993086207,47.0515,,39.5906726180339,,190.845883394291,2.57088251223379
2017-05-04,33.9505490824517,62.3909865435175,46.8765,,40.1022028055692,,191.020187790486,2.56101821482474
2017-05-05,34.5135725880162,62.5632621930345,46.7075,,40.1992171514811,,191.787127133746,2.56126482225996
2017-05-08,35.4519450972903,62.5088593563449,47.452,,40.1815781794971,,191.795842353555,2.5343846118203
2017-05-09,35.679008074843,62.5995307508276,47.641,,40.1110222915612,,191.551816198882,2.53857693821915
2017-05-10,35.5098693262578,62.8443435159308,47.4475,,40.1551197215212,,191.909140211082,2.99110158185934
2017-05-11,35.8157092552064,62.0736366628282,47.381,,39.8287987398176,,191.516955319643,3.11958405561222
2017-05-12,36.3158961658832,62.001099547242,48.0675,,39.7582428518817,,191.220637846111,3.15386248910867
2017-05-15,36.2228381359898,62.0464352444834,47.8985,,39.9699105156894,,192.188027244995,3.31218446252393
2017-05-16,36.1693297688011,63.2886333488958,48.3035,,39.9434520577135,,192.153166365756,3.3738363213305
2017-05-17,34.9549224786928,61.5288427947484,47.238,,39.0085865425627,,188.745515420137,3.14967016270982
2017-05-18,35.4876796998323,61.7385587675225,47.9245,,38.9556696266108,,189.434017785108,3.28160514055587
2017-05-19,35.6086551386937,61.7203225959769,47.992,,39.0791424304986,,190.610572459427,3.35731362317034
2017-05-22,35.8250150581957,62.4132971147085,48.5335,,39.3613659822422,,191.673829276219,3.42890339895853
2017-05-23,35.7808124939964,62.6230130874826,48.577,,39.2996295802983,,192.048583728039,3.38274033663994
2017-05-24,35.673795759619,62.7050758594376,49.0175,,39.537755702082,,192.510490377956,3.42075697619642
2017-05-25,35.7970976492277,63.4801131501243,49.669,,39.8640766837856,,193.408158018362,3.41310427602596
2017-05-26,35.736609929797,63.7901280663989,49.789,,39.9169935997375,,193.416873238172,3.50148061993001
2017-05-30,35.750568634281,64.2004419261742,49.835,,40.0581053756093,,193.233853622167,3.57627959256387
2017-05-31,35.5388616162736,63.6807110371255,49.731,,40.0316469176333,,193.190277523118,3.56344280518116
2017-06-01,35.6365725476617,63.9177812672179,49.7975,,40.3844263573128,,194.698010550208,3.56368966647698
2017-06-02,36.1646768673065,65.4313835055001,50.3365,,40.269773039417,,195.308075936892,3.54591565317785
2017-06-05,35.8110563537117,65.9055239656849,50.567,,40.4990796752087,,195.177347639745,3.65379403945178
2017-06-06,35.9320317925731,66.1243580242317,50.15,,40.2256756094571,,194.61957357192,3.63725433263175
2017-06-07,36.1460652613278,66.0058229091855,50.5035,,40.0404664036253,,194.942036704881,3.68119564328795
2017-06-08,36.0576601329291,65.604627135183,50.5135,,40.0581053756093,,195.01175846336,3.94829956536665
2017-06-09,34.6594632337814,64.1183791542192,48.9155,,39.7141454219218,,194.785162748306,3.69304498548737
2017-06-12,33.8312467677305,63.6260025224888,48.2455,,39.555394674066,,194.706725770018,3.70217885343276
2017-06-13,34.1034415051686,64.4192759847211,49.0395,,39.6700479919618,,195.656684729282,3.73748001873521
2017-06-14,33.7707590482998,64.0727887253553,48.8235,,39.520116730098,,195.447519453848,3.7453795802015
2017-06-15,33.5683578332818,63.7354195517622,48.2085,,39.4054634122022,,195.055334562408,3.76142556442988
2017-06-16,33.0984147823203,63.8266004094901,49.3855,,39.7670623378737,,195.107625881267,3.74291096724328
2017-06-19,34.0452802364852,64.6198738717223,49.7585,,40.3315094413609,,196.702511106454,3.88362190586145
2017-06-20,33.7358622870898,63.744537637535,49.6295,,40.4285237872728,,195.412658574609,3.87794409605756
2017-06-21,33.9359370513605,64.0727887253553,50.1115,,40.8606786008802,,195.334221596321,3.93669708446304
2017-06-22,33.8801022334245,64.0636706395825,50.065,,44.3620145396994,,195.220923738794,3.90954234192269
2017-06-23,34.0313215320012,64.929888787997,50.187,,44.9352811291786,,195.552102091565,3.7974673136198
2017-06-26,33.9243047976239,64.3098589554477,49.699,,44.8559057552507,,195.613384480187,3.75599461592182
2017-06-27,33.4380765914311,63.1062716334401,48.839,,44.7588914093389,,194.055060883809,3.61849287414932
2017-06-28,33.9266312483712,63.6442386940344,49.5165,,44.8647252412427,,195.770967765214,3.74612016408896
2017-06-29,33.4264443376944,62.4497694577996,48.7965,,44.2738196797795,,194.081324764646,3.62096148710754
2017-06-30,33.5055436631038,62.8509652318022,48.4,,44.2209027638276,,194.405245961646,3.56862689239341
2017-07-03,33.3845682242424,62.1579907130706,47.683,,43.5329828564525,,194.834222681998,3.43951843467885
2017-07-05,33.5218288183351,62.9877365183939,48.57,,43.6211777163724,,195.17565313289,3.53135083672439
2017-07-06,33.2054315166977,62.5227141439819,48.257,,43.0831890708612,,193.424727743701,3.54196587244471
2017-07-07,33.5427668750611,63.3342237777597,48.938,,43.5241633704606,,194.650375516133,3.62293637747411
2017-07-10,33.7474945408265,63.8083642379445,49.8235,,43.7622894922442,,194.85173193589,3.79425811677412
2017-07-11,33.8568377259512,63.8174823237173,49.7065,,43.9915961280359,,194.702903277809,3.84807387926318
2017-07-12,33.9056931916452,64.8751802733603,50.3255,,44.4943068295792,,196.164925977781,4.01174291839273
2017-07-13,34.377962693354,65.4405015912729,50.0315,,44.4061119696594,,196.497601801727,3.96533299477832
2017-07-14,34.6734219382654,66.3614282543241,50.0905,,44.5913211754911,,197.390573750213,4.07197707457314
2017-07-17,34.7943973771268,66.8811591433728,50.502,,44.653057577435,,197.416837631051,4.05469678386565
2017-07-18,34.9153728159881,66.8355687145089,51.2225,,44.6619102851229,,197.565666289132,4.0969100654511
2017-07-19,35.1340591862375,67.3461815177848,51.3435,,45.1488092079537,,198.6074668957,4.07567999401046
2017-07-20,34.9758605354188,67.674432605605,51.435,,45.2638944078956,,198.668749284321,4.13492670500758
2017-07-21,34.9595753801875,67.2823549173753,51.2835,,44.971755054197,,198.528675253186,4.14973838275687
2017-07-24,35.3829894162023,67.1091112876924,51.9475,,44.9363442234457,,198.458638237619,4.1016004300717
2017-07-25,35.534208714779,67.6470783482867,51.9935,,45.2993052386469,,198.9313880927,4.08185152640599
2017-07-26,35.701713168587,67.5194251474677,52.64,,45.2993052386469,,198.992670481321,4.12900203390787
2017-07-27,35.0270424518602,66.7079155136899,52.3,,44.6619102851229,,198.756295553781,3.99273459861449
2017-07-28,34.7804386726428,66.5984984844165,51.002,,44.5291196698053,,198.528675253186,4.05815284200714
2017-07-31,34.601301965098,66.2884835681418,49.389,,44.2015694853555,,198.414865102889,4.01174291839273
2017-08-01,34.9083934637461,66.1790665388684,49.8095,,44.4051817621757,,198.861351077132,4.06062145496536
2017-08-02,36.5578470436059,65.8872877941393,49.7945,,44.0599261623501,,198.975161227429,4.05815284200714
2017-08-03,36.1925942762745,65.7869888506387,49.346,,44.4671507159905,,198.624976149592,4.10974685283381
2017-08-04,36.3833632375559,66.2702473965963,49.379,,44.228127608419,,198.957651973538,4.12776772742877
2017-08-07,36.9463643184107,66.0149409949583,49.6135,,43.9448409624083,,199.281573170538,4.25465443348094
2017-08-08,37.2418235633221,66.3705463400969,49.492,,43.4667947472653,,198.88761495797,4.20404786783756
2017-08-09,37.4698152712707,66.0787675953678,49.1005,,43.4313839165139,,198.773804807673,4.24872976238123
2017-08-10,36.2809994046732,65.1122505034527,47.846,,42.5815239784818,,196.042361200538,4.06679298736089
2017-08-11,36.7855510317276,66.1061218526862,48.3995,,42.7054618861115,,196.305000008916,3.85004876962975
2017-08-14,37.3391562891901,67.0999932019196,49.165,,43.2454770550694,,198.231017937024,4.15714422163151
2017-08-15,37.7479365425907,67.1182293734652,49.137,,43.2277716396937,,198.248527190916,4.12208991762487
2017-08-16,37.5961038770419,67.5123954296055,48.909,,43.5995853625828,,198.56369376097,4.07691430048957
2017-08-17,36.8743147438946,66.3665638710582,48.0285,,42.9798958244344,,195.473310449052,3.98606934362731
2017-08-18,36.7902228060522,66.4490637432736,47.9235,,43.0418647782492,,195.114370744268,3.98680992751478
2017-08-21,36.7224820783458,66.1373975593488,47.6645,,43.2897405935086,,195.350745671808,3.92879752299676
2017-08-22,37.3228050790541,67.0632294586549,48.345,,43.6084380702706,,197.329291361592,4.01618642171752
2017-08-23,37.3695228222999,66.6598967500463,47.9,,43.4402366242018,,196.655185086754,4.09648544276078
2017-08-24,37.2036748337773,66.6323967926412,47.6225,,43.5464691164558,,196.199944485565,4.08141393419573
2017-08-25,37.3414921763524,66.7515632747301,47.263,,43.5907326548949,,196.628921205916,4.04731773449121
2017-08-28,37.7175700094809,66.7607299271985,47.301,,43.5907326548949,,196.698958221484,4.07597830815588
2017-08-29,38.0539377608505,66.9623962815028,47.703,,43.7766395163395,,196.847786879565,4.06930731256152
2017-08-30,38.1567167959913,67.8423949184671,48.3795,,44.0864842854136,,197.828305097511,4.09352055582995
2017-08-31,38.30854946154,68.5390605060638,49.03,,44.5556777928688,,198.992670481321,4.18642034632923
2017-09-01,38.3202288973515,67.7782283511885,48.9125,,44.812406315816,,199.334100932213,4.21162188524127
2017-09-05,37.8600591263806,67.475728819732,48.2635,,45.0868402541389,,197.863323605295,4.0992032557807
2017-09-06,37.8203490446216,67.283229117896,48.39,,45.1576619156416,,198.554939134024,4.09673251667168
2017-09-07,37.6685163790728,68.1448944499236,48.9735,,45.7950568691656,,198.511165999294,4.11575720781116
2017-09-08,37.0541780553908,67.814894961062,48.295,,45.6622662538481,,198.204754056186,4.04435284756038
2017-09-11,37.7245776709678,68.5298938535955,48.898,,46.467862653441,,200.367146911835,4.17554909424952
2017-09-12,37.5750808925813,68.4565606338485,49.129,,46.7157384687004,,201.102535575294,4.19062060281457
2017-09-13,37.2924385459443,68.9423932146725,49.98,,46.7422965917639,,201.225100352537,4.20939822004314
2017-09-14,36.9724220047107,68.5390605060638,49.6105,,46.733443884076,,201.15506333697,4.18543205068562
2017-09-15,37.346163950677,69.0340597393563,49.3395,,43.1480972705032,,201.43521139924,4.45004820926202
2017-09-18,37.06352160404,68.8965599523306,48.7095,,42.785136255302,,201.785396477078,4.63387119897336
2017-09-19,37.0775369270137,69.1532262214452,48.493,,42.5284077323548,,202.030526031564,4.62892972075532
2017-09-20,36.4561909418448,68.6948935980263,48.6605,,42.46643877854,,202.140834331083,4.59162156020906
2017-09-21,35.8301731823514,68.0257279678347,48.2325,,42.46643877854,,201.568870451947,4.46610801347067
2017-09-22,35.479790108008,68.2090610172022,47.755,,42.6346402246088,,201.542472119063,4.42262300515186
2017-09-25,35.1667812282613,67.1548959833387,46.9895,,42.46643877854,,201.243291013054,4.22496387642999
2017-09-26,35.7717760032942,67.1548959833387,46.93,,42.4221752401008,,201.313686567409,4.24868297187662
2017-09-27,36.0263877039837,67.6957284789731,47.5435,,42.6346402246088,,202.096837109611,4.3418298362868
2017-09-28,35.8044784235662,67.7140617839098,47.82,,42.5638185631062,,202.33442210556,4.34059446673229
2017-09-29,36.0006929451985,68.2823942369493,48.0675,,42.8028416706777,,203.055976537701,4.41694030520111
2017-10-02,35.9282804431675,68.3923940665698,47.9595,,43.2012135166302,,203.909522634259,4.42262300515186
2017-10-03,36.0847848830409,68.0715612301766,47.855,,43.1038337320641,,204.323096516096,4.43176473985525
2017-10-04,35.851196166812,68.4657272863168,48.2725,,43.2897405935086,,204.604678733517,4.4688258264906
2017-10-05,36.2973506148092,69.6390588022692,49.0425,,43.2985933011964,,205.819002046145,4.46635508738158
2017-10-06,36.2763276303486,69.6665587596744,49.479,,42.8471052091169,,205.625414271668,4.4794500046594
2017-10-09,36.4024655371122,69.9323916812573,49.5495,,42.8116943783655,,205.264637055597,4.58050323421846
2017-10-10,36.4164808600859,69.9323916812573,49.36,,42.8471052091169,,205.783804268967,4.66796739867789
2017-10-11,36.5683135256347,70.0515581633463,49.75,,42.9093183882216,,206.118183152154,4.71762925476926
2017-10-12,36.4398397317088,70.6932238361327,50.0465,,42.8648804031468,,205.801403157556,4.71985291996738
2017-10-13,36.6710925607754,71.0323899774627,50.147,,43.2026090897152,,206.03018870921,4.80781123224861
2017-10-16,37.346163950677,71.1790564169568,50.317,,43.4247990150892,,206.355768148103,4.89033391848999
2017-10-17,37.483981293252,71.1240565021465,50.4565,,43.7180897165828,,206.487759812519,4.88588658809375
2017-10-18,37.3181333047295,71.1423898070833,49.85,,44.0647060001662,,206.672548142702,4.88168633160841
2017-10-19,36.4351679573842,71.4173893811346,49.3305,,43.8602912688222,,206.778141474235,4.88712195764826
2017-10-20,36.4982369107661,72.2423881032886,49.1455,,43.7714152986726,,207.80767645668,4.86488530566705
2017-10-23,36.4795498134677,72.2607214082254,48.315,,43.8247408807623,,207.050924247361,4.85796723616178
2017-10-24,36.6967873195606,72.2882213656305,48.795,,44.4202098807646,,207.341305909077,4.90886446180767
2017-10-25,36.5356111053627,72.0773883588578,48.6455,,44.1758009628532,,206.346968703809,4.78483335853469
2017-10-26,36.7691998215916,72.1965548409468,48.6215,,44.5712990300189,,206.540556478286,4.83498936244787
2017-10-27,38.0866401811226,76.8257143374777,55.0475,,45.2200936121109,,208.300445337167,4.98743396547461
2017-10-30,38.9439107696827,76.8990475572248,55.5425,,45.0423416718117,,207.543693127848,5.03635459983327
2017-10-31,39.4858365913337,76.2482152319699,55.264,,45.2378688061408,,207.781278123797,5.10973555137127
2017-11-01,38.9836208514416,76.2482152319699,55.184,,45.0067912837519,,208.142055339868,5.11937143389646
2017-11-02,39.2685990852408,77.0457139967188,54.711,,44.6868377912134,,208.230049782812,5.08824012112276
2017-11-03,40.2940535494857,77.1282138689342,55.58,,44.5979618210638,,208.92520588207,5.15618544662091
2017-11-06,40.7028338028863,77.4307134003907,56.033,,44.7934889553929,,209.241985876668,5.17941039424573
2017-11-07,40.8336434839745,77.2473803510231,56.1585,,44.8734773285275,,209.153991433724,5.23870813286229
2017-11-08,41.1676753481818,77.5132132726061,56.644,,44.9179153136023,,209.461971984028,5.16779792043332
2017-11-09,41.0835834103394,77.0823806065923,56.4565,,43.7625277016576,,208.70521977471,5.07292153864682
2017-11-10,40.9481019549266,76.880714252288,56.2675,,43.8336284777773,,208.582027554588,5.34025551024315
2017-11-13,40.7840000978908,76.9357141670983,56.4585,,43.904729253897,,208.828411994831,5.25353256751643
2017-11-14,40.1674459778848,77.0457139967188,56.842,,43.7269773135978,,208.318044225756,5.29182902370629
2017-11-15,39.6376314108834,76.4498815862743,56.3345,,43.3892486270294,,207.253311466133,5.18805798112731
2017-11-16,40.1111824840439,76.6525686668838,56.8645,,43.7269773135978,,209.021999769308,5.22833102860439
2017-11-17,39.8884728209239,75.9155247373945,56.494,,43.4958997912089,,208.458835334466,5.22215418083183
2017-11-20,39.8486195127866,76.0352943759365,56.3155,,43.5670005673285,,208.731618107593,5.28935828459727
2017-11-21,40.5894221816912,77.1316472210518,56.9745,,43.2203842837451,,210.121930306109,5.33803184504503
2017-11-22,41.0160870099843,76.5696512248163,57.808,,43.1759462986703,,209.972339753104,5.3140656756875
2017-11-24,41.0184313222277,76.7078469615955,59.3,,43.5581129703136,,210.412311967824,5.36425668355818
2017-11-27,40.8121318448112,77.2698429578311,59.7915,,43.4425742091191,,210.350715857763,5.29453321449645
2017-11-28,40.5730119959876,78.2003609188113,59.68,,43.5581129703136,,212.436184155537,5.20972771843909
2017-11-29,39.7314039006181,76.7815513545444,58.0635,,43.1226207165806,,212.356989156888,4.85641269259079
2017-11-30,40.2870059022966,77.5462344313895,58.8375,,43.6025509553884,,214.134476904358,4.96248137424854
2017-12-01,40.0994609228271,77.6291518734571,58.1175,,44.0913687912111,,213.73850191111,4.8875657319588
2017-12-04,39.8064218924059,74.6994022537372,56.6975,,43.0159695524011,,213.509716359455,4.61510026066081
2017-12-05,39.768912896512,75.1692677587866,57.0785,,42.6515780747878,,212.752964150136,4.64180286583339
2017-12-06,39.6212212251798,76.2656206039019,57.6175,,43.033744746431,,212.744164705842,4.67938431015036
2017-12-07,39.6938949047242,75.9984421794621,57.9895,,43.1226207165806,,213.448120249394,4.74688256211438
2017-12-08,39.7056164659411,77.5370213822709,58.1,,44.0824811941962,,214.609646896256,4.73452024490485
2017-12-11,40.4792395062528,78.5228176379628,58.446,,44.8557021344976,,215.304802995514,4.81289733601325
2017-12-12,40.251841218646,78.8452743571144,58.254,,44.7846013583779,,215.674379655879,4.71844923253246
2017-12-13,40.3854670165181,78.6333742273862,58.2065,,44.4824230598693,,215.621582990112,4.60323243613967
2017-12-14,40.3737454553012,78.0253129855576,58.713,,44.6068494180787,,214.768036893555,4.61040258012119
2017-12-15,40.7840000978908,80.0153315951786,58.957,,42.9270935822515,,216.571922973908,4.73625096931418
2017-12-18,41.3583565975162,79.5823182866036,59.529,,42.4027253583689,,217.918237950952,4.89300515153099
2017-12-19,40.9176258957628,79.0756005850798,59.369,,42.5004889255335,,217.126287964456,4.84874805592088
2017-12-20,40.8730839631388,78.7899960624027,58.881,,42.5715897016531,,216.959098522862,4.86580805367003
2017-12-21,41.0278085712012,78.7715699641654,58.738,,42.0205586867257,,217.399070737582,4.84330863634869
2017-12-22,41.0278085712012,78.7807830132841,58.418,,42.0916594628454,,217.35507351611,4.82797936300888
2017-12-26,39.9869339351453,78.6794394729793,58.838,,42.1538726419501,,217.103321414847,4.88163181969823
2017-12-27,39.9939668718755,78.9650439956564,59.113,,42.1094346568753,,217.227107620753,4.87495616840508
2017-12-28,40.1064938595572,78.974257044775,59.305,,42.2338610150847,,217.633833725872,4.88064283432147
2017-12-29,39.6727960945339,78.8084221606399,58.4735,,42.0205586867257,,216.882274618587,4.78421676008715
2018-01-02,40.3831227042747,79.1861571745032,59.4505,,41.4428648807534,,218.47381155166,4.92885587143862
2018-01-03,40.3760897675446,79.5546791392478,60.21,,42.4027253583689,,219.77356671367,5.25324307501663
2018-01-04,40.5636347470141,80.2548708722626,60.4795,,42.820442418072,,220.737330745364,5.28093466556597
2018-01-05,41.0254642589578,81.2498801770731,61.457,,43.0781827315058,,222.152030241429,5.32568625386446
2018-01-08,40.8730839631388,81.3327976191406,62.3435,,43.5314501792687,,222.61180757765,5.48886884103022
2018-01-09,40.8683953386521,81.277519324429,62.635,,43.7714152986726,,223.080426785721,5.48738536296508
2018-01-10,40.8590180896786,80.9089973596843,62.7165,,43.5394428572202,,222.700226296154,5.53040622685423
2018-01-11,41.0911050017722,81.1485366367683,63.834,,43.6732731119043,,224.344814460329,5.54029608062185
2018-01-12,41.5154255178219,82.5489201027979,65.26,,44.1729060627248,,225.830248931197,5.51309898276089
2018-01-16,41.3044374159187,81.3972889629709,65.243,,44.2442821985563,,225.007954849109,5.44213928197821
2018-01-17,41.9866322787391,83.0464247552032,64.75,,44.8509793531242,,227.183055324309,5.55611984665005
2018-01-18,42.024141274633,83.0095725587287,64.666,,44.8152912852084,,226.873589809545,5.54919694901271
2018-01-19,41.8365962951635,82.9174420675426,64.729,,45.1275618794713,,227.837353841239,5.68938562616876
2018-01-22,41.4943267076316,84.4007429756397,66.3655,,45.2435481001975,,229.667621314273,5.77789981738897
2018-01-23,41.5037039566051,84.6679214000796,68.127,,45.6093507963339,,230.189291753447,5.90696240905644
2018-01-24,40.842607903975,84.5942170071307,67.8755,,45.9037773566389,,230.074347419392,5.83006879601318
2018-01-25,40.1135267962873,85.0640825121801,68.8975,,46.037607611323,,230.180449881596,5.84366734494366
2018-01-26,40.207299286022,86.6579400097006,70.1025,,47.0636395639009,,232.859537052269,6.01624529318866
2018-01-29,39.375068439626,86.52895732204,70.884,,46.3409561886069,,231.250316375495,6.10327600634374
2018-01-30,39.1429815275325,85.4418175260433,71.891,,45.4665985246709,,228.783434129232,6.00116326619304
2018-01-31,39.2508198907275,87.5331796759691,72.5445,,46.028685594344,,228.995639053642,6.07731514020373
2018-02-01,39.3328708192454,86.8422009920729,69.5,,46.0643736622598,,228.765750385532,5.94627457778274
2018-02-02,37.6262115060727,84.5573648106562,71.4975,,44.726071115419,,223.867353380407,5.77369662953773
2018-02-05,36.6861422964818,81.0748322438194,69.5,,42.9059796517156,,214.671806655986,5.28365437535206
2018-02-06,38.2193225036451,84.1427776003185,72.142,,44.0747638759565,,218.641807116818,5.57738303225044
2018-02-07,37.4011575307093,82.5581331519166,70.839,,43.6018969760728,,217.448154417013,5.65699635507979
2018-02-08,36.3720044558703,78.3201305573533,67.525,,41.7907275293482,,209.366683545743,5.37810247883285
2018-02-09,36.8150794698671,81.2406671279545,66.98,,42.5847870404738,,212.593966771141,5.73809315597429
2018-02-12,38.297945019769,82.115906794223,69.3115,,42.9595117535892,,215.511784481774,5.63795838657712
2018-02-13,38.6816070588706,82.7608202325261,70.7255,,43.2628603308731,,216.236817973508,5.75169170490477
2018-02-14,39.3947947757282,84.0506471091323,72.5525,,44.1193739608512,,219.066216965637,5.96902124144827
2018-02-15,40.7176049964344,85.7629441816122,73.088,,45.1810939813449,,221.904457829617,6.09462238429707
2018-02-16,40.585794725332,85.1520706314301,72.4345,,45.2435481001975,,221.877932214066,6.02885485674238
2018-02-20,40.4492769445474,85.8184781407196,73.4175,,44.5119427079245,,220.533967692804,6.15841194109823
2018-02-21,40.2656840669405,84.6800319790168,74.146,,44.1015299268933,,219.375682480401,5.97124645854598
2018-02-22,40.6022710092198,84.9021678154466,74.267,,44.2442821985563,,219.640938635913,5.99077891973704
2018-02-23,41.3083974615541,87.0587365607861,75.0,,45.0561857436397,,223.248422350879,6.08429593116221
2018-02-26,42.1251503914207,88.3175063005551,76.0975,,45.6539608812286,,225.821407059347,6.10037689873532
2018-02-27,41.988632610636,87.1883157987035,75.599,,45.2613921341553,,222.938956836115,6.08751212467683
2018-02-28,41.925081229926,86.7903224251001,75.6225,,45.2078600322817,,220.463232718001,5.98706792722017
2018-03-01,41.1907097194983,85.9388017187858,74.6725,,44.3513464023036,,217.554256879218,5.74486381561899
2018-03-02,41.4755140552732,86.1239149158106,75.0125,,44.8955894380188,,218.712542091621,5.85198779960602
2018-03-05,41.6190931005811,86.6699988470339,76.1805,,45.7610250849759,,221.223633697136,5.82996924400592
2018-03-06,41.5837867779644,86.3738177317941,76.882,,45.9483874415336,,221.780671623712,5.99102631923816
2018-03-07,41.1977709840217,86.8736233637612,77.25,,46.1446718150702,,221.683411033357,5.98310953520217
2018-03-08,41.6473381586745,87.4011959752821,77.593,,46.5104745112067,,222.717910039854,5.96678116812793
2018-03-09,42.3628796303732,89.3541402038942,78.9445,,47.2599239374376,,226.572966166631,6.06945196109472
2018-03-12,42.7724329727271,89.5670203804728,79.9195,,47.197469818585,,226.351919370371,6.17904994009301
2018-03-13,42.3605258755321,87.3826846555796,79.409,,46.911965275259,,224.857643027653,6.12833304236243
2018-03-14,42.0004013848416,86.86436770391,79.55,,46.6799928338066,,223.672832199698,6.15381519097828
2018-03-15,42.049830236505,87.169804479001,79.116,,46.7246029187013,,223.460627275288,6.16865916104577
2018-03-16,41.9015436815148,87.5585421927532,78.584,,46.6353827489119,,223.690515943399,6.196862704174
2018-03-19,41.2613223647318,85.9758243581907,77.2465,,46.3498782055858,,220.701963257962,5.96232797710769
2018-03-20,41.2471998356851,86.1979601946205,79.3255,,41.9780898859059,,221.09100561938,6.17459674907276
2018-03-21,40.3127591637627,85.5963423042898,79.093,,41.9513238349691,,220.578177052056,6.14936199995803
2018-03-22,39.7431504922131,83.1065698043056,77.246,,40.9431359163491,,215.096216504805,5.98335693470329
2018-03-23,38.8228323493375,80.6908425831313,74.778,,39.9617140486658,,210.516126886295,5.76366617770447
2018-03-26,40.6658223899299,86.7995780849513,77.793,,41.4695349181064,,216.284298825344,6.04842300349912
2018-03-27,39.6231089953163,82.8103886890658,74.8525,,40.4881130504232,,212.536424883559,5.5793535493665
2018-03-28,39.185310594869,82.7363434102559,71.571,,40.1312323712657,,211.941383286167,5.47618795739745
2018-03-29,39.4912987242139,84.4764074622895,72.367,,40.8182276786439,,214.996522233973,5.72952504654925
2018-04-02,39.2323856916913,81.9311010031978,68.5995,,40.1579984222025,,210.023040225916,5.46876597236371
2018-04-03,39.6348777695219,83.0325245254956,69.6025,,40.0509342184552,,212.687405587375,5.57514775784737
2018-04-04,40.3927868283606,85.4575074065211,70.5285,,40.6040992711494,,215.138621719917,5.59716631344748
2018-04-05,40.6728836544532,85.5037857057774,72.5875,,41.0055900352016,,216.692834847435,5.47693015590083
2018-04-06,39.6325240146807,83.5138188377603,70.2615,,39.9974021165816,,211.923620850424,5.30053431159885
2018-04-09,40.0256010731468,84.0136244697273,70.304,,40.0598562354341,,212.785098983962,5.32923265372932
2018-04-10,40.7788026223034,85.9665686983395,71.811,,40.8806817974965,,216.293180043216,5.63848203013532
2018-04-11,40.5881484801731,85.0224913935128,71.3525,,40.6933194409388,,215.147502937788,5.59716631344748
2018-04-12,40.9882868031625,86.6144648879265,72.425,,40.9342138993701,,216.950390165709,5.80399229638781
2018-04-13,41.1271583387883,86.1516818953643,71.5395,,41.1126542389489,,216.346467350445,5.72729845103913
2018-04-16,41.3837176164697,87.1605488191498,72.075,,41.2554065106119,,218.104948489008,5.727051051538
2018-04-17,41.9533262880193,88.9191241908858,75.1915,,41.8018950659099,,220.449590007091,5.8767277497185
2018-04-18,41.8591760943748,89.2615836053818,76.392,,42.1781658744758,,220.573927057293,5.8477820080869
2018-04-19,40.6728836544532,88.9561468302908,77.8455,,41.945236326316,,219.366081426765,5.66643817376242
2018-04-20,39.0064252269444,87.9287685868029,76.3745,,41.4166654285687,,217.589837852459,5.65827399022531
2018-04-23,38.8934449945709,88.2527166815964,75.893,,41.0314357912275,,217.492144455872,5.53878003118203
2018-04-24,38.3520813811146,86.1887045347693,73.0045,,40.7895474142923,,214.525817686781,5.47247696488058
2018-04-25,38.5191979748337,85.4389960868187,73.0085,,40.9866416473506,,215.076453194816,5.36015759136992
2018-04-26,38.6533620007772,87.2438497578109,75.898,,41.1747770516335,,217.287876444827,5.57193156433275
2018-04-27,38.2061485809655,88.6877326946047,78.631,,40.7895474142923,,217.518788109487,5.5993929089576
2018-04-30,38.8981525042531,86.558930928819,78.3065,,40.9149710171476,,215.742544535181,5.56401478029676
2018-05-01,39.801994363241,87.9287685868029,79.113,,41.1658182228581,,216.2043678645,5.61943226854871
2018-05-02,41.5602492295533,86.5496752689678,78.484,,40.7716297567415,,214.730085697827,5.59889810995535
2018-05-03,41.6355693844689,87.0679922206373,78.604,,40.3684824618496,,214.223856279149,5.76416097670672
2018-05-04,43.2690752442022,88.0768591444228,79.0475,,40.9508063322491,,217.065845998039,5.91433247388947
2018-05-07,43.5821246380704,89.0579590886544,80.007,,41.2733241681627,,217.740818556275,6.15233079397153
2018-05-08,43.7916088189295,88.6784770347535,79.6195,,41.1568593940828,,217.731937338403,6.194883508165
2018-05-09,44.0999507031155,89.7243665979439,80.4,,41.7302244357069,,219.845667191827,6.32798443977014
2018-05-10,44.7307570005341,90.6221656035144,80.454,,42.0437834428451,,221.906109738022,6.43560322275943
2018-05-11,44.5612866519739,90.4277967466383,80.1455,,41.945236326316,,222.447864028185,6.29705950212954
2018-05-14,44.4573205555378,90.7332335217293,80.077,,41.945236326316,,222.696538128588,6.3175936607229
2018-05-15,44.0532704989342,90.0760816722911,78.806,,41.9362774975406,,221.168968654685,6.07514214962059
2018-05-16,44.4644091530221,90.3074731685722,79.364,,41.8646068673376,,222.110377749067,6.08627512717121
2018-05-17,44.1832281194793,89.4057927879904,79.088,,41.6943891206054,,221.923872173765,6.12833304236243
2018-05-18,44.022553243169,89.5731149204695,78.7185,,41.4972948875471,,221.37323666573,6.08454333066334
2018-05-21,44.3344515324771,90.7257784997699,79.273,,42.2946306485557,,222.99849953622,6.04248541547212
2018-05-22,44.2233968385568,90.6328217595037,79.07,,41.542089031424,,222.35905184947,6.0043858922989
2018-05-23,44.5069407379278,91.7111199465911,80.093,,42.016906956519,,223.051786843449,6.12783824336018
2018-05-24,44.4573205555378,91.3857713556596,80.1535,,41.6227184904024,,222.625488385616,6.13155148459999
2018-05-25,44.5589237861458,91.4322497257927,80.5075,,42.1064952442727,,222.06597165971,6.17091184174204
2018-05-29,44.3982489098356,91.1069011348611,80.6435,,41.4435419148948,,219.499299694838,6.15383093203889
2018-05-30,44.3037342767119,91.980694493363,81.2445,,42.1512893881496,,222.394576720956,6.26275267507349
2018-05-31,44.1548737295422,91.8784420790702,81.481,,41.8556480385622,,220.955819425768,6.24294872179447
2018-06-01,44.9511595136089,93.6910985142603,82.077,,42.4200542514109,,223.282698508109,6.3773680546758
2018-06-04,45.3268551802754,94.5091178286025,83.2635,,42.3931777650848,,224.268513691849,6.55634628243493
2018-06-05,45.676559322833,94.9924928779865,84.8175,,42.2229600183527,,224.579356317352,6.56179236958666
2018-06-06,45.8348713333151,95.271363098785,84.7875,,42.778407402426,,226.373362327401,6.56377276491456
2018-06-07,45.7120023102543,93.7747595804998,84.465,,42.7156956009984,,226.266787712943,6.50807414631732
2018-06-08,45.2961379245102,94.471935132496,84.1995,,43.1636370397673,,226.977285142665,6.49272608252608
2018-06-11,45.18508323059,93.9327860389523,84.456,,43.1725958685426,,227.270365332425,6.45163287947212
2018-06-12,45.4331841425395,94.1744735636443,84.9375,,43.4055254167024,,227.652257700901,6.50015256500572
2018-06-13,45.0598513417011,93.74687255842,85.243,,43.2442664987457,,226.746373478005,6.49569667551794
2018-06-14,45.083479999982,94.2767259779371,86.193,,41.1210240789813,,227.403583600498,6.6073414621284
2018-06-15,44.6203582976761,93.0775840285037,85.7985,,41.4614595724456,,227.208196807325,6.56649580849043
2018-06-18,44.5967296393952,93.7561682324466,86.1895,,41.6764714630546,,226.666442517162,6.56228746841864
2018-06-19,43.8760555618274,93.7561682324466,86.739,,41.4525007436702,,225.804964383623,6.44049315575268
2018-06-20,44.0674476939028,94.6950313091348,87.504,,38.3617048161651,,226.213500405714,6.49346873077405
2018-06-21,43.8217096477813,94.0164471051919,86.511,,38.6125520218756,,224.80138676414,6.36474303446043
2018-06-22,43.6941148930643,93.3378629012489,85.7835,,39.5084348994134,,225.201041568359,6.21225259421199
2018-06-25,43.0443267903392,91.4601367478725,83.1575,,39.6696938173702,,222.083734095453,5.91940163509851
2018-06-26,43.5783344674879,92.101538255709,84.5545,,39.7861585914501,,222.572201078387,5.99044831748699
2018-06-27,43.5145370901294,90.6700044556102,83.0255,,38.9261110290138,,220.724907761109,5.83523483366268
2018-06-28,43.8311611110936,91.6832329245113,85.0725,,39.2755053512536,,222.063573730884,5.96247523348038
2018-06-29,43.7390093437981,91.6646415764581,84.99,,39.4725995843119,,222.625692227551,5.86444566474924
2018-07-02,44.228122570213,92.9660359401843,85.689,,40.2699353453204,,222.884445186334,5.99663705288668
2018-07-03,43.4578283102552,92.0736512336292,84.698,,40.0638822834867,,221.983271088503,5.86296036825331
2018-07-05,43.8075324528127,92.7336440895189,84.9865,,40.6820414689878,,223.883766958186,6.00876697427008
2018-07-06,44.4147889706322,94.0350384532451,85.5315,,41.210612366735,,225.748572764589,6.12263970562443
2018-07-09,45.031496951764,94.6764399610816,86.951,,41.8646068673376,,227.747216308294,6.17016919349408
2018-07-10,44.9771510377179,94.9274231598002,87.1535,,42.0975364154974,,228.541320216284,6.26918895988917
2018-07-11,44.3935231781794,94.7972837234276,87.75,,42.6798602858969,,226.979879947764,6.12759069394419
2018-07-12,45.1378259140281,96.8516276833097,89.831,,43.1367605534411,,228.924988396548,6.21918397785965
2018-07-13,45.2087118888709,98.00429126261,90.6515,,43.5667843346592,,229.121283744591,6.17190203940599
2018-07-16,45.109471524091,97.520916213226,91.1245,,43.58470199221,,228.978523491469,6.14417650481537
2018-07-17,45.237066278808,98.487666311994,92.1965,,43.9804359764562,,229.960000231681,6.28008113419263
2018-07-18,44.9889653668584,97.7161253677849,92.146,,43.7465931675834,,230.379358475226,6.23081880041107
2018-07-19,45.3386695094159,97.0468368378686,90.6485,,43.5667140838352,,229.504951924856,6.23898793113867
2018-07-20,45.2347034129799,98.7851278808457,90.685,,43.6386657173345,,229.290811545173,6.21076729771606
2018-07-23,45.2748721320574,100.36539246537,90.1,,43.7735750301457,,229.728014820358,6.17412998414988
2018-07-24,45.6033104821621,100.077226570545,91.462,,43.7735750301457,,230.807639234591,6.15680152503074
2018-07-25,46.0333520628747,103.023955236983,93.1805,,44.0254057473933,,232.922275483957,6.23502714048286
2018-07-26,45.8892172473612,101.899178679762,90.4,,43.953454113894,,232.235241765809,6.30854931703122
2018-07-27,45.1260115848877,100.095817918599,90.8635,,43.737599213396,,230.72733659221,6.23874038172268
2018-07-30,44.8731849412819,97.9485172184503,88.961,,42.9281433365287,,229.397881735014,6.04342389250836
2018-07-31,44.9629738427494,98.60851007434,88.872,,42.8831735655917,,230.557808791628,6.06149499987547
2018-08-01,47.6117464360397,98.7944235548724,89.8585,,42.586373077407,,230.272288285385,6.10135045584949
2018-08-02,49.0034744087855,99.9935655043058,91.7165,,43.0810405577148,,231.441137857819,6.2040834634844
2018-08-03,49.145246358471,100.430462183557,91.1645,,43.5936959463974,,232.574297366973,6.24072077705058
2018-08-06,49.4004358679048,100.514123249796,92.3875,,43.7735750301457,,233.448703917344,6.28849781433621
2018-08-07,48.9373141655989,101.211298801792,93.124,,43.6026899005848,,234.100047572212,6.36078224380463
2018-08-08,48.9703942871922,101.778334917416,94.326,,43.5217443128981,,233.97513235073,6.39717200795482
2018-08-09,49.3555414171711,101.945657049895,94.926,,43.6566536257093,,233.680689328667,6.34865232242123
2018-08-10,49.2090437358294,101.322846890112,94.315,,43.4587866335862,,232.092481512687,6.30731156995128
2018-08-13,49.5267815019645,100.588488642009,94.81,,43.1799740537763,,231.218074962316,6.34023564227765
2018-08-14,49.7354451095756,101.843404635602,95.9825,,43.3778410458995,,232.708135104275,6.47168438216713
2018-08-15,49.8516328001772,100.467644879663,94.131,,43.0270768325903,,230.995012066814,6.41351026941001
2018-08-16,50.5819554268161,100.448981003594,94.326,,43.2609196414631,,232.868740389037,6.37291216518803
2018-08-17,51.5920769818425,100.392989375387,94.111,,43.4947624503358,,233.644999265386,6.06050480221151
2018-08-20,51.0893873816885,99.730421774936,93.8355,,43.5487261754603,,234.162505182953,6.13526472583981
2018-08-21,50.9897979326014,98.8998792898635,94.171,,43.5397322212729,,234.671088584699,6.27092180580108
2018-08-22,50.9921691099606,99.9077285975919,95.245,,43.8904964345821,,234.599708458138,6.50609375098942
2018-08-23,51.0965009137661,100.374325499318,95.145,,44.0343997015807,,234.260652856974,6.60560861621649
2018-08-24,51.2553697968337,101.158208294218,95.2695,,44.3042183272031,,235.732867967292,6.73879020201789
2018-08-27,51.6774393667743,102.27804085836,96.384,,44.367176006515,,237.508448615494,6.82988838710137
2018-08-28,52.0947665819965,102.893948768639,96.641,,43.7465931675834,,237.642286352795,6.79226087587123
2018-08-29,52.8725127558196,104.536369862715,99.905,,43.9714420222688,,238.944973662531,6.89771692708201
2018-08-30,53.3586041144591,104.471046296473,100.119,,43.5127503587107,,237.972419438139,6.88087450002748
2018-08-31,53.9751102278555,104.825659941785,100.6355,,43.692629442459,,237.981341953959,6.95195944950762
2018-09-04,54.1482061750784,104.247079783645,101.9755,,43.692629442459,,237.651208868615,7.02675964024979
2018-09-05,53.794900748555,101.242195736529,99.741,,43.2069559163386,,236.982020182107,6.89598314782639
2018-09-06,52.9009668841302,101.475494187392,97.9155,,42.9101554281539,,236.286063948139,6.75480397986931
2018-09-07,52.4741549594712,100.980901471562,97.6035,,43.0000949700281,,235.715022935652,6.73350326330035
2018-09-10,51.7699152837838,102.072738221601,96.9505,,43.9444601597066,,236.161148726657,6.80458821278049
2018-09-11,53.0788051860715,103.808478696022,99.3575,,43.998423884831,,237.053400308668,6.75678544187573
2018-09-12,52.4196178802092,104.247079783645,99.5,,44.3761699607024,,237.080167856128,6.64285137650685
2018-09-13,53.6858265900311,105.366912347787,99.4935,,44.0343997015807,,238.427467744965,6.72062376025865
2018-09-14,53.0764340087123,105.796181497375,98.5095,,44.2952243730157,,238.552382966446,6.84669428041682
2018-09-17,51.663212302619,104.648353119129,95.4015,,44.2322666937038,,237.20508307761,6.78477359271634
2018-09-18,51.7485746875508,105.646870488823,97.0525,,44.0973573808926,,238.498847871526,6.71269791223299
2018-09-19,51.7793999932206,104.23774784561,96.321,,44.4571155483892,,238.766523346129,6.73647545630997
2018-09-20,52.1730154348506,105.982820258066,97.215,,45.3565109671306,,240.684864247453,6.59529628835289
2018-09-21,51.6110464007162,106.626723982448,95.7505,,45.9591058976874,,240.515336446871,6.52520206987595
2018-09-24,52.3532249141511,107.009333441863,96.718,,46.0850212563112,,239.712310023061,6.58093068880638
2018-09-25,52.6851897444415,106.804030805104,98.7275,,46.5167310573071,,239.417867000997,6.6480527142737
2018-09-26,52.2654913518601,106.365429717481,98.7425,,46.4357854696203,,238.718966336808,6.61114798440421
2018-09-27,53.3396346955854,106.766703052966,100.649,,46.4897491947448,,239.38222395898,6.6230367564427
2018-09-28,53.5269577069635,106.729375300827,100.15,,46.3728277903084,,239.355335136459,6.96038066303488
2018-10-01,53.8873766655645,107.886535617108,100.218,,46.5886826908064,,240.242666279635,7.16694807720367
2018-10-02,54.3663544921263,107.45726646752,98.5655,,45.1766318833823,,240.215777457115,7.09561544497272
2018-10-03,55.0279129753478,107.475930343589,97.638,,44.7449220823864,,240.421925096438,7.10180751374277
2018-10-04,54.0604726127873,105.254929091373,95.471,,44.4930913651388,,238.450078111603,6.91753154714616
2018-10-05,53.1831369898771,104.639021181095,94.4825,,44.3851639148899,,237.105636985579,6.68396671313997
2018-10-08,53.0598357671978,103.444533112676,93.221,,44.3941578690773,,237.042896399698,6.58266446806199
2018-10-09,53.794900748555,104.760336375543,93.516,,43.953454113894,,236.738156411133,6.57696776479355
2018-10-10,51.302793344018,99.0678541744849,87.7625,,42.6313428483441,,229.092767874477,6.08531750445179
2018-10-11,50.8498984684076,98.8345557236219,85.968,,42.0737176887244,,224.270705702471,5.82376451960498
2018-10-12,52.6662203255678,102.250045044257,89.4305,,42.6133549399692,,227.300179706445,6.10637053826995
2018-10-15,51.5399110799397,100.411653251456,88.0475,,42.5503972606573,,226.054330929663,5.82995658837503
2018-10-16,52.6757050350046,103.584512183194,90.998,,43.5527516952781,,230.867430160828,6.08878506296301
2018-10-17,52.4480720085198,103.313885980192,91.5865,,43.2186335504045,,230.94809662839,6.02017694099089
2018-10-18,51.2221733138046,101.251527674563,88.536,,42.785182984082,,227.703512044252,5.93274492995782
2018-10-19,52.002290664987,101.400838683115,88.2015,,42.9748176068481,,227.524253227449,5.67614560012705
2018-10-22,52.3200284311221,102.306036672464,89.465,,43.2908753114582,,226.583144439232,5.72692056404144
2018-10-23,52.8132333218392,100.878250153182,88.435,,43.3360264121168,,225.220777431528,5.47527488922672
2018-10-24,51.0016538193975,95.4843899692285,83.21,,42.2253093359155,,218.498571801408,4.93904173374061
2018-10-25,52.1184783555886,101.064888913873,89.1085,,43.3089357517217,,222.415376948558,5.14783829266661
2018-10-26,51.2885662798627,99.8144092172467,82.1405,,42.7310016632917,,218.480645919728,4.9113012656508
2018-10-29,50.3258682720206,96.9121764885103,76.944,,42.4600950593401,,217.351315373868,4.5974872203848
2018-10-30,50.5772130720976,96.8001932320961,76.521,,43.8597791797565,,220.676566425567,5.02795984127849
2018-10-31,51.8955876838223,99.6744301467289,79.9005,,44.1035951233129,,222.989005162328,5.22189543515638
2018-11-01,52.6923032765191,98.8438876616564,83.2765,,43.8778396200199,,225.301443899089,5.40220847774016
2018-11-02,49.1971878490334,99.0678541744849,83.2765,,44.0945649031812,,223.903225128024,5.32319768023435
2018-11-05,47.8005643844546,100.327665809145,81.39,,44.2661390856838,,225.175962727327,5.24517761373175
2018-11-06,48.3174810487639,100.52363650787,82.1405,,44.4738341487134,,226.601070320912,5.22759213842482
2018-11-07,49.7828686567599,104.480378234508,87.7745,,45.3858863820169,,231.387280729557,5.29520952939374
2018-11-08,49.6097727095371,104.284407535783,87.7455,,45.5394001242561,,230.99291133259,5.10201698376826
2018-11-09,48.6532218615716,102.250045044257,85.6215,,45.7019440866271,,228.859731412632,5.0940911357426
2018-11-12,46.202357748625,99.730421774936,81.8425,,44.4467434883182,,224.441001578434,4.69457885869914
2018-11-13,45.7407386826913,99.7957453411776,81.5585,,44.708619872138,,224.064558063147,4.93656490623259
2018-11-14,44.4486811940215,98.3866226979648,79.9505,,44.1035951233129,,222.53189517948,4.88405616306259
2018-11-15,45.5456213455441,100.551747004265,80.972,,45.7200045268905,,224.835370975401,5.01285119347958
2018-11-16,46.0500710464613,101.49840308624,79.6705,,46.2076364140033,,225.408999189171,4.07264747143558
2018-11-19,44.2250101002186,98.0585735606466,75.6145,,44.7447407526649,,221.671452858825,3.58396940410344
2018-11-20,42.1120321076976,95.3310793046585,74.773,,43.6430538965953,,217.593314776552,3.69245444895467
2018-11-21,42.0644425132715,96.6432758539311,75.8365,,43.9049302804151,,218.319312984605,3.58421708685424
2018-11-23,40.9960561184045,96.6057845239519,75.103,,43.9771720414688,,216.9121312727,3.59139988662749
2018-11-26,41.5504748934691,99.7925475721855,79.0665,,43.5798423556732,,220.30908585112,3.79078450102302
2018-11-27,41.4600546640594,100.420527349337,79.071,,42.8393643048723,,220.999232295813,3.80762692807755
2018-11-28,43.0543060773353,104.15091468227,83.8875,,43.5166308147512,,226.161886219745,3.96465779208595
2018-11-29,42.7235583960736,103.279241260253,83.6785,,43.2547544309314,,225.695813296056,3.90149869063147
2018-11-30,42.4927488631068,103.935339534889,84.5085,,44.0313533622591,,227.192624416363,4.05199498608224
2018-12-03,43.9775442092026,105.060079434266,88.618,,44.997586916353,,229.998024899333,4.21587974933258
2018-12-04,42.0430271957797,101.71397823362,83.42,,44.0223231421274,,222.863523990566,3.89530032590944
2018-12-06,41.5742696906822,102.341958010772,84.9595,,42.1530675748617,,222.298858717636,3.9245566073974
2018-12-07,40.0918538243077,98.2460302105427,81.4565,,41.5390126059049,,217.136204793704,3.65976246647249
2018-12-10,40.3559760733728,100.842304811604,82.0515,,42.14403735473,,217.396130078069,3.76513466674692
2018-12-11,40.125166540406,101.779588061084,82.162,,41.9544027319639,,217.45887066395,3.67414267262759
2018-12-12,40.2370020873074,102.23885685333,83.177,,42.7310016632917,,218.659904736531,3.69174602843814
2018-12-13,40.6772058357493,102.585651655637,82.919,,42.6497296821062,,218.58820120981,3.69149809384926
2018-12-14,39.3756304281942,99.3801429424141,79.5955,,42.080825813808,,214.554877831738,3.63100205416229
2018-12-17,39.0091905511128,96.4370735390454,76.0455,,41.2951966623485,,210.197992289336,3.55984482715345
2018-12-18,39.5160197317513,97.4493394484843,77.574,,41.4035593039291,,210.116879999725,3.64315084901746
2018-12-19,38.2834492361141,97.1869001386298,74.754,,41.9453725118322,,206.764238695792,3.43414199059078
2018-12-20,37.3173804692633,95.1436226547624,73.0415,,41.7557378890661,,203.366535008741,3.34959629578235
2018-12-21,35.8658978392658,92.0693335964665,68.8725,,39.7329685795612,,199.319933004801,3.21248846813116
2018-12-24,34.9379007479559,88.2264722735965,67.198,,38.5500097423061,,193.831334741104,3.15075275549979
2018-12-26,37.3982827797877,94.2532035677559,73.545,,40.2657515673326,,203.636909307446,3.30000937800615
2018-12-27,37.1555758482144,94.8343191824338,73.082,,40.6088999323379,,205.529529398376,3.25215800235212
2018-12-28,37.1746116859848,94.0938654153443,73.901,,40.4734466303621,,205.268167576295,3.31364578039461
2018-12-31,37.5339131239023,95.1998596497312,75.0985,,40.7714438947088,,207.115725284108,3.30992676156139
2019-01-02,37.5767437588858,94.778082187465,76.9565,,40.8346554356308,,207.27794986333,3.37736496973703
2019-01-03,33.8338221572693,91.2913884993977,75.014,,40.4373257498352,,202.330100197042,3.17331480308796
2019-01-04,35.2781663481029,95.5372816195442,78.7695,,42.1801582352569,,209.008345375038,3.37662116597038
2019-01-07,35.1996435172997,95.6591284419766,81.4755,,42.848394525004,,210.576516307522,3.55538200455359
2019-01-08,35.8706567987084,96.3527180465922,82.829,,43.2366939906679,,212.622348501052,3.46686935632307
2019-01-09,36.4798036073631,97.7305244233285,82.971,,43.1463917893507,,213.60470845301,3.53505136826534
2019-01-10,36.5963981137072,97.1025446461766,82.811,,43.1825126698776,,214.496943638735,3.60075403431881
2019-01-11,36.2370966757898,96.3527180465922,82.028,,43.6069330160684,,214.397806395876,3.69001048631597
2019-01-14,35.6921958196104,95.6497556094818,80.8605,,43.5076005946195,,213.217171958201,3.72992795512581
2019-01-15,36.4226960940517,98.424114027944,83.728,,43.8597791797565,,215.713627982904,3.7157956835596
2019-01-16,36.8676588019362,98.7709088302518,84.189,,43.5696772918375,,216.191289243948,3.69025842090485
2019-01-17,37.0865709362965,99.4644984348674,84.661,,44.0410928597059,,217.80452255955,3.76166358250258
2019-01-18,37.315000989542,100.954778801541,84.81,,44.6666250555313,,220.73357746218,3.89083750330958
2019-01-22,36.4774241276418,99.052093805096,81.6085,,44.3674574836148,,217.795510082927,3.68852287878269
2019-01-23,36.6249518703628,100.017495552061,82.001,,44.6394280035389,,218.119959241372,3.7014154774045
2019-01-24,36.3346553443634,99.5394810948258,82.7465,,44.603165267549,,218.336258680335,3.91339955089776
2019-01-25,37.5386720833449,100.448645846822,83.5285,,45.1471063073971,,220.192828864772,3.97067244092927
2019-01-28,37.191268044034,98.4897238554077,81.8945,,44.893267155468,,218.489470782935,3.42174526114673
2019-01-29,36.8057923291822,96.4839377015195,79.694,,44.9748583114452,,218.21909648423,3.262819189674
2019-01-30,39.3209023946041,99.7081920797323,83.5215,,45.6547846112554,,221.670875031022,3.4063733166361
2019-01-31,39.6040604814397,97.8804897432454,85.9365,,45.5369307192883,,223.518432738834,3.56405971516442
2019-02-01,39.6230963192101,96.3339723816026,81.3115,,46.0627403911415,,223.707694747927,3.58835730487476
2019-02-04,40.7485902273885,99.1083308000648,81.6655,,46.2621854390859,,225.302903110283,3.69868819692681
2019-02-05,41.4457777857316,100.495510009296,82.9405,,46.4525648030327,,226.303288015488,3.71777916027064
2019-02-06,41.4600546640594,99.3801429424141,82.013,,46.4706961710277,,226.023901240161,3.79339920987935
2019-02-07,40.674826356028,98.6678076728089,80.7185,,45.5278650352909,,223.806831990786,3.65505170928375
2019-02-08,40.7224159504541,99.0427209726011,79.411,,46.2621854390859,,224.095231242737,3.67364680344983
2019-02-11,40.4882280059001,98.6490620078193,79.55,,46.4434991190353,,224.212393438842,3.63100205416229
2019-02-12,40.8371202498275,100.186206536967,81.9005,,46.4344334350378,,227.114410911601,3.74802718011413
2019-02-13,40.667453473671,100.111223877009,82.0,,46.6157471149872,,227.799359134985,3.79042399481278
2019-02-14,40.815613193695,100.195579369462,81.1325,,46.670141218972,,227.294660444071,3.83133320197814
2019-02-15,40.7248056233577,101.432793258776,80.3975,,46.8877176349112,,229.800128945397,3.90100282145371
2019-02-19,40.846678941442,101.385929096302,81.379,,47.1596881548353,,230.19667791683,3.88364740023203
2019-02-20,41.1095429608393,100.861050476593,81.105,,46.9330460548986,,230.728414037615,3.93100290670831
2019-02-21,40.8777446891889,102.988404411051,80.972,,47.2412793108126,,229.890253711632,3.86207709099939
2019-02-22,41.3341722137788,104.456843410056,81.578,,47.5767096187189,,231.269162635024,3.94687072039669
2019-02-25,41.6352709996339,105.040453781456,81.65,,47.6492350906987,,231.611636746716,3.93447399095264
2019-02-26,41.6591677286701,105.765260210453,81.82,,47.6854978266885,,231.44039969087,3.89505239132056
2019-02-27,41.7882100654651,105.58641187083,82.0545,,47.4860527787442,,231.323237494765,3.85315144579967
2019-02-28,41.3771863260438,105.45462888374,81.9915,,47.2594106788075,,230.782488897356,3.82860592150045
2019-03-01,41.8121067945012,105.925282409062,83.5865,,47.6039066707113,,232.368684783088,3.8829599145517
2019-03-04,42.0223980100191,105.671129505388,84.8085,,47.1778195228303,,231.476449597364,3.89115024227176
2019-03-05,41.9459284771035,105.143997557027,84.6215,,47.4679214107493,,231.20607529866,3.88469725679535
2019-03-06,41.7045715138387,105.191062909559,83.4475,,47.4588557267518,,229.728029132409,3.77375554495102
2019-03-07,41.2218575873091,103.910885320682,81.2975,,47.6673664586936,,227.880471424597,3.70451004695422
2019-03-08,41.3198341763571,104.02384216676,81.04,,47.8396144546455,,227.4208351168,3.73876050832898
2019-03-11,42.7512482456208,106.207674524256,83.531,,47.7398919306734,,230.737426514239,3.99936184487607
2019-03-12,43.2315724992468,106.951307094265,83.655,,47.8668115066379,,231.557561886975,4.03361230625083
2019-03-13,43.4227463315358,107.779657298833,84.5405,,48.1025192905721,,233.134745296083,4.18500927319724
2019-03-14,43.9054602580655,107.864374933391,84.311,,48.0934536065747,,233.053633006472,4.10906259797494
2019-03-15,44.4765920820288,109.106900240242,85.618,,47.9937310826025,,234.18920506103,4.21454409133924
2019-03-18,44.9306299337151,110.669469944312,87.1075,,48.4651466504709,,235.027365387013,4.19319960091729
2019-03-19,44.5745686710769,110.744774508364,88.0925,,48.9909563223241,,235.099465200001,4.3609772233038
2019-03-20,44.9640853543656,110.62240459178,89.8635,,47.7217605626784,,234.261304874018,4.32846410417269
2019-03-21,46.6201286765688,113.163933628521,90.963,,48.9909563223241,,236.924581841021,4.56523903280691
2019-03-22,45.6547008235095,110.179990277977,88.2385,,47.8396144546455,,232.420450059092,4.40540354639135
2019-03-25,45.1026863827751,110.75418757887,88.713,,47.8124174026531,,232.212009352886,4.31307621572896
2019-03-26,44.6367001665708,110.989514341532,89.188,,48.3019643385165,,233.888597641934,4.38976746619853
2019-03-27,45.0381652143776,109.916424303796,88.285,,47.8758771906354,,232.801080913903,4.38058437148211
2019-03-28,45.0979070369679,110.0670334319,88.671,,48.2203731825392,,233.707344853929,4.39919875266404
2019-03-29,45.3918368041122,111.017753553051,89.0375,,48.6917887504076,,235.211742994372,4.4565310467044
2019-04-01,45.7001046086782,112.034365167747,90.7095,,49.4805032581875,,237.92147217505,4.52403920245756
2019-04-02,46.3644336758823,112.194387366357,90.699,,49.0906788462963,,238.003035929652,4.54190900839221
2019-04-03,46.6822601720627,112.92860686586,91.035,,49.0090876903191,,238.447105260265,4.68139277138218
2019-04-04,46.7635090507856,112.354409564967,90.943,,48.7915112743798,,239.018051542482,4.67245786841485
2019-04-05,47.0765562011587,112.853302301808,91.864,,48.891233798352,,240.169006746315,4.73922144892073
2019-04-08,47.8173548012785,112.890954583834,92.493,,48.7008544344051,,240.377447452521,4.76006955584449
2019-04-09,47.6739744270618,112.279105000915,91.792,,48.8005769583773,,239.099615297084,4.6972770433241
2019-04-10,47.9416177922663,113.135694417002,92.3665,,49.1450729502811,,239.924315482508,4.76776350006636
2019-04-11,47.5425424173631,113.267477404092,92.2035,,48.9811649804636,,239.879002285506,4.75386476211718
2019-04-12,47.5234250341342,113.851087775492,92.153,,49.6276908614104,,241.501214738153,4.71589142450603
2019-04-15,47.6094532586642,113.945218480556,92.2435,,49.746068839612,,241.338087228948,4.58410160573793
2019-04-16,47.6142326044715,113.681652506376,93.152,,49.7096448463192,,241.510277377553,4.67121690966939
2019-04-17,48.541425691073,114.622959557021,93.241,,49.609478864764,,240.921205816536,4.64838326875288
2019-04-18,48.7158718130367,116.129050838052,93.0845,,49.6459028580568,,241.374337786549,4.62381228559273
2019-04-22,48.8759798975787,116.496160587804,94.3655,,49.7369628412888,,241.609966410956,4.67766989514579
2019-04-23,49.5809334041442,118.077556432887,96.1885,,50.028354787631,,243.694373473016,4.73227207994614
2019-04-24,49.5044638712287,117.67279440111,95.0875,,50.2468987473876,,243.214053584802,4.74468166740076
2019-04-25,49.0552053653496,121.569805590779,95.1125,,50.0920967758933,,243.1234271908,4.63895198228737
2019-04-26,48.8210174207956,122.266372808257,97.5315,,50.4563367088211,,244.238131837032,4.42004685958781
2019-04-29,48.8950972808076,122.153415962179,96.9215,,50.1558387641557,,244.546261576641,4.45082263647528
2019-04-30,47.9535661567844,122.934700814214,96.326,,50.3834887222356,,244.700326446445,4.49227065857372
2019-05-01,50.3073939668423,120.374345636461,95.576,,49.9737187976918,,242.914986484594,4.47911649587182
2019-05-02,49.9800087790475,118.802362861884,95.041,,49.7187508446424,,242.43466659638,4.54662465162497
2019-05-03,50.6013237339866,121.334478828118,98.123,,49.8917648127831,,244.736577004046,4.54215720014131
2019-05-06,49.8199006945055,120.628498540135,97.5275,,49.9464008027222,,243.766874588218,4.46372860742809
2019-05-07,48.4769045226754,118.152860996939,96.05,,49.1723909452507,,239.815563809705,4.29644736853976
2019-05-08,48.4864632142899,118.143447926432,95.8885,,49.1632849469275,,239.344306560891,4.31655090021625
2019-05-09,47.9655145213025,118.134034855926,94.9935,,49.4000409033306,,238.61023276947,4.22397537780476
2019-05-10,47.3035751270019,119.668365348477,94.499,,49.7642808362583,,239.724937415702,4.18997310817909
2019-05-13,44.5543157145085,116.110224697039,91.134,,48.6533490408286,,233.843284444933,3.9325982643702
2019-05-14,45.2596231030539,117.409228426929,92.006,,49.2907689234522,,235.873315670591,4.02169910229439
2019-05-15,45.8017981704392,119.056515765558,93.5575,,49.6823268513496,,237.268962138231,3.96064393201765
2019-05-16,45.6002817737119,121.805717962652,95.3785,,49.7551748379351,,239.443995594294,3.97578362871229
2019-05-17,45.341189263634,120.993238962823,93.45,,49.6276908614104,,237.993973290252,3.88494544854444
2019-05-20,43.9233774723744,119.245464370169,92.9485,,48.8627870022621,,236.371760837605,3.76630979247824
2019-05-21,44.7654281301276,119.887889625847,92.876,,49.327192916745,,238.374604145063,3.84846126142785
2019-05-22,43.8490083259631,120.615341753601,92.984,,49.3545109117146,,237.722094108244,3.7774784211874
2019-05-23,43.1005188524047,119.207674649247,90.774,,48.3346390995168,,234.939863812364,3.65636084763028
2019-05-24,42.9349875265216,119.26435923063,91.164,,48.0523531514978,,235.347682585376,3.60250323807721
2019-05-28,42.7574611770238,119.188779788786,91.8215,,47.1235413225319,,233.236087605115,3.55733233974238
2019-05-29,42.5535457755736,118.036193300657,90.9595,,47.0689053325927,,231.632000431269,3.48312300676373
2019-05-30,42.7742542100844,118.782540288871,90.816,,47.0962233275623,,232.275447828688,3.45656648961084
2019-05-31,41.9993756845736,116.845817091606,88.7535,,46.0763515153645,,229.166962514398,3.36587230740194
2019-06-03,41.5747518486126,113.21800388307,84.6345,,45.7485355757295,,228.487264559378,3.3241281358647
2019-06-04,43.0957208429588,116.354550719617,86.478,,47.3694032772582,,233.517029426523,3.55322412489648
2019-06-05,43.7914322126125,118.877014591177,86.925,,47.4422512638437,,235.49268481578,3.51048604451311
2019-06-06,44.4343654783614,120.757053207059,87.718,,47.8884451816803,,237.024270874424,3.57260534739592
2019-06-07,45.6170748067725,124.139233229601,90.2015,,48.4985470693343,,239.389619757892,3.61534342777929
2019-06-10,46.2000329544478,125.272924857268,93.0315,,49.1814969435739,,240.513387043525,3.68814725075794
2019-06-11,46.7350110076643,124.80055334574,93.185,,49.1177549553115,,240.468073846523,3.74579396383318
2019-06-12,46.5862727148418,124.224260101676,92.766,,48.8263630089693,,240.01494187651,3.63273683258648
2019-06-13,46.57667669595,125.008396810813,93.515,,49.0266949720796,,241.084333325741,3.68392313816191
2019-06-14,46.2384170300149,125.13121340381,93.4835,,48.5167590659807,,240.721827749731,3.5939743875876
2019-06-17,46.5143025731534,125.509110613032,94.3015,,48.3801690911328,,240.939331095337,3.60366499883732
2019-06-18,47.6082487268157,127.691466996293,95.0685,,48.1707311296993,,243.340930536406,3.79871960988933
2019-06-19,47.469106452885,128.192180798512,95.4395,,47.970399166589,,243.984377933825,3.80468306296608
2019-06-20,47.850548203833,129.382557007563,95.9095,,51.8950844438859,,246.25910042329,3.82903382969614
2019-06-21,47.6874158826729,129.401451868024,95.565,,51.1028625897679,,245.969095962482,3.77089016219784
2019-06-24,47.639435788214,130.1666937167,95.695,,51.667434485806,,245.651903583473,3.79325311123565
2019-06-25,46.917335366608,126.057061566405,93.9135,,51.057332598152,,243.223116224203,3.76393280027496
2019-06-26,47.9321143644131,126.529433077933,94.8915,,51.5945864992204,,242.987487599796,3.95724807084625
2019-06-27,47.9177203360755,126.737276543006,95.214,,51.6947524807756,,243.835660021266,4.05589352382415
2019-06-28,47.4811014764997,126.557775368625,94.6815,,51.8768724472395,,245.183875274494,4.08074124497727
2019-07-01,48.3519401909282,128.182733368282,96.1095,,52.8238962728517,,247.269965091988,4.12894582401433
2019-07-02,48.6350227482356,129.033002089033,96.7155,,53.2336661973955,,247.989620531211,4.03104580267103
2019-07-03,49.0380555416901,129.864375949322,96.95,,53.5979061303233,,249.893519098269,4.04396661767065
2019-07-05,48.9948734566771,129.4864787401,97.1455,,53.9803580598974,,249.574684410006,3.98135036036478
2019-07-08,47.9848924683179,129.392004437794,97.616,,54.2080080179773,,248.326674344518,3.90631024248235
2019-07-09,48.277571044517,128.919632926266,99.415,,54.2717500062396,,248.63639947026,3.90879501459766
2019-07-10,48.7549729843828,130.232825728314,100.8705,,54.7725799140153,,249.79331391053,3.97712624776875
2019-07-11,48.3999202853871,130.752434390995,100.0535,,54.6268839408442,,250.294339849229,4.13167907334117
2019-07-12,48.7717660174434,131.224805902523,100.55,,54.4629759710267,,251.524130789673,4.16472654247482
2019-07-15,49.2299759195256,131.224805902523,101.0495,,54.2080080179773,,251.587897727326,4.15627831728276
2019-07-16,49.0596465841966,129.505373600561,100.495,,53.5888001320001,,250.768037100363,4.15155725026367
2019-07-17,48.7837610410581,128.740131751885,99.6015,,53.0219163906276,,249.073658471307,4.21690675689638
2019-07-18,49.3379311320581,128.881843205344,98.895,,53.1407791105928,,249.984614723488,4.22858518583835
2019-07-19,48.6014366821144,129.070791809955,98.226,,52.610468513825,,248.645509032782,4.18535015103192
2019-07-22,49.7121758688373,130.780776681687,99.2815,,52.665328230732,,249.246740159221,4.25691158795291
2019-07-23,50.1008146339541,131.593255681515,99.7245,,52.5281789384645,,250.959337913321,4.36475069775746
2019-07-24,50.0600315536641,132.944238204486,100.0405,,53.1316358244416,,252.116252353591,4.43929386121683
2019-07-25,49.6641957743784,132.443524402266,98.691,,53.2962149751627,,250.886461413147,4.30809789352834
2019-07-26,49.8369241144303,133.529978878781,97.1525,,53.4882239843372,,252.681045229943,4.35009054227712
2019-07-29,50.3023310306814,133.237108541633,95.6225,,53.0859193936858,,252.225567103853,4.34387861198883
2019-07-30,50.0864206056165,132.594683285955,94.9265,,52.5647520830692,,251.615226414891,4.3595326763153
2019-07-31,51.1083966175904,128.740131751885,93.339,,51.4767010310801,,248.763933345565,4.19230751295479
2019-08-01,50.0024554403134,130.431221763156,92.766,,51.092683012731,,246.677843528071,4.09788617257292
2019-08-02,48.9444943574953,129.335319856411,91.162,,51.0561098681263,,244.874150148753,4.00520417267178
2019-08-05,46.3823573133916,124.904475078276,88.2565,,49.1543063486832,,237.650267068958,3.74678787267931
2019-08-06,47.2603930419889,127.247437775456,89.3915,,49.3371720717066,,240.711080076286,3.78555031767818
2019-08-07,47.7497900054694,127.804836159059,89.67,,48.7702883303341,,240.875052201678,3.82381580825399
2019-08-08,48.8029530788416,131.215358472293,91.6445,,49.9680588161372,,245.575586462932,3.93240034969313
2019-08-09,48.4023192901101,130.100561705086,90.379,,49.2823123547996,,243.862988708832,3.83102164738839
2019-08-12,48.2795013248483,128.286655100818,89.246,,48.6879987549736,,241.002586076984,3.76318736864037
2019-08-13,50.3240592171466,130.941382995606,91.217,,49.3463153578578,,244.737506710926,3.87748688594473
2019-08-14,48.8261616800329,127.011252019692,88.148,,47.8376731429149,,237.367870630782,3.72889751344906
2019-08-15,48.5829339449067,126.726856023231,88.806,,48.0845418689965,,238.11485475757,3.69659547595
2019-08-16,49.7292349540163,129.049423327666,89.6285,,48.9988704841133,,241.603817203423,3.96470238719219
2019-08-19,50.6563901819725,131.210832900773,90.806,,49.2548824963461,,244.573534585533,4.24349381853022
2019-08-20,50.6587983773698,130.120648247671,90.069,,48.441130028892,,242.678745580997,4.17118694997464
2019-08-21,51.2078669279517,131.571067829624,91.177,,48.6788554688224,,244.646411085707,4.25467529304913
2019-08-22,51.1645194108005,130.613601308204,90.233,,48.6331390380666,,244.555315460489,4.26088722333741
2019-08-23,48.7996715306627,126.451939893318,87.481,,47.1610699677284,,238.278826882963,4.03626382411318
2019-08-26,49.726826758619,128.404792402353,88.4435,,47.6639507060427,,240.920600014287,4.11105546478408
2019-08-27,49.1657172310507,128.679708532266,88.0915,,47.9016761459731,,239.973205512019,4.02036128257518
2019-08-28,49.4956400004792,128.509070934389,88.2125,,47.4993715553217,,241.64025545351,4.00992523969087
2019-08-29,50.3336919987358,130.93591677086,89.32,,47.6913805644962,,244.783054523535,4.15368760096995
2019-08-30,50.268670723009,130.689440240594,88.8145,,47.5999477029845,,244.682849335795,4.16637251520046
2019-09-03,49.5365793222332,128.964104528727,89.492,,47.4445118384147,,243.325524520045,4.08329876318106
2019-09-04,50.377039515887,130.471403309973,90.031,,48.4319867427409,,245.930859401283,4.19746299125562
2019-09-05,51.3619914333782,132.765531014762,92.036,,49.2274526378926,,249.182973221568,4.47056173292419
2019-09-06,51.3571750425836,131.864943692634,91.6755,,48.6057091796131,,249.365164472005,4.44345083780408
2019-09-09,51.5763208237369,130.367124777937,91.5675,,49.8674826684744,,249.428931409657,4.48946474236573
2019-09-10,52.185594259251,129.002023994922,91.0275,,50.7178082805331,,249.483588784788,4.556122723028
2019-09-11,53.844840887983,129.039943461117,91.1495,,51.4675577449289,,251.278172601584,4.58472596099875
2019-09-12,53.7244311181186,130.367124777937,92.1775,,49.2731690686484,,252.016047165851,4.5832336181481
2019-09-13,52.6792743156952,130.177527446963,91.967,,49.145163062532,,251.952280228198,4.52528097078128
2019-09-16,52.9562167863834,129.23902065864,90.392,,48.5874226073107,,251.123310038714,4.48225175192093
2019-09-17,53.1488724181665,130.243886512804,91.1275,,48.3405538812292,,251.806527227849,4.50364199944688
2019-09-18,53.6473688654053,131.315111432809,90.873,,48.057112010543,,251.96138979072,4.47653110432678
2019-09-19,53.2114854984961,133.732477402731,91.075,,48.7977181887876,,251.906732415589,4.40091906656062
2019-09-20,52.4336383851717,132.187259155291,89.708,,48.8891510502993,,250.558517162362,4.29521144797306
2019-09-23,52.6720497295033,131.902863158829,89.265,,49.3920317886136,,250.731598850276,4.34868706678794
2019-09-24,52.4215974081853,130.234406646255,87.0805,,48.7794316164853,,248.654618595303,4.291231867038
2019-09-25,53.2283428662771,132.111420222901,88.4165,,49.2274526378926,,250.175915536446,4.43300443784955
2019-09-26,52.9538085909861,132.282057820778,86.992,,49.3371720717066,,249.685274499021,4.41086801889827
2019-09-27,52.6961316834762,130.56620197546,86.2725,,49.4560347916718,,248.284862203909,4.27208013378802
2019-09-30,53.93635231308,131.798584626793,86.7955,,50.3155036898816,,249.511367089824,4.32953533353796
2019-10-01,54.0856604277119,129.940530783245,86.7825,,49.1908794932879,,246.509176025794,4.32779426687887
2019-10-02,52.7298464190383,127.646403078456,85.6615,,48.5965658934619,,242.161490795872,4.30391678126851
2019-10-03,53.177770762934,129.191621325897,86.221,,49.2457392101949,,244.083625318574,4.50961137084947
2019-10-04,54.6684437138558,130.93591677086,86.9825,,50.4160798375445,,247.470243287145,4.5260271422066
2019-10-07,54.6804846908423,129.987930115989,86.633,,50.1052081084048,,246.40849278889,4.58472596099875
2019-10-08,54.0399047151634,128.613349466425,85.2755,,49.4194616470671,,242.582529786559,4.40813205700542
2019-10-09,54.6732601046504,131.049675169445,86.0995,,50.0777782499513,,244.843326106119,4.49468794234299
2019-10-10,55.4101678962208,131.864943692634,86.013,,50.9593969391123,,246.509176025794,4.55239186590138
2019-10-11,56.8839834793617,132.41477595246,86.596,,52.2450908608056,,249.0811750776,4.62601411320001
2019-10-14,56.8021048358538,132.291537687327,86.8215,,51.8501991562855,,248.852349539183,4.63944519885584
2019-10-15,56.6696540890029,134.206470730167,88.369,,51.7491803481525,,251.259594203329,4.88418942636209
2019-10-16,56.4408755262605,133.106806210516,88.8715,,51.317554531584,,250.866014277252,4.83046508373877
2019-10-17,56.6600213074138,132.424255819009,89.374,,50.5645052345923,,251.543337870966,4.8324548742063
2019-10-18,56.9321473873074,130.262846245901,87.8755,,50.0961453059754,,250.509046437322,4.7379398269986
2019-10-21,57.9195075001959,131.22979263387,89.283,,50.6287899306769,,252.257273550827,4.8752353692582
2019-10-22,57.787056753345,129.276940124835,88.2865,,49.6920700734433,,251.36943046177,4.86528641692055
2019-10-23,58.562495671272,130.101688514573,88.1085,,49.7104371294675,,252.11082520624,4.8523527788816
2019-10-24,58.6588234871636,132.661252482726,89.039,,49.8298229936247,,252.522711175391,4.89637689297572
2019-10-25,59.3812821063503,133.410161940075,88.0665,,49.7471712415159,,253.575308652109,5.08739677785865
2019-10-28,59.9761063694806,136.690195765931,88.854,,50.1787970580843,,255.048945119514,5.14335963475794
2019-10-29,58.5889858206422,135.400933915305,88.1355,,50.3257335062778,,254.884190731854,5.04710352089115
2019-10-30,58.5817612344503,137.088350160977,88.9995,,50.3716511463383,,255.781186842448,5.04909331135868
2019-10-31,59.9062687029593,135.912846708936,88.833,,50.0410441379029,,254.957414904147,4.9998459972873
2019-11-01,61.6064546534452,136.244642038141,89.572,,50.5094040665197,,257.382965611367,5.03889563521259
2019-11-04,62.0110314801898,137.031470961684,90.233,,50.922662827064,,258.408104023474,5.23563616768967
2019-11-05,61.9219282504901,136.946152162746,90.0855,,51.12470044333,,258.078595248154,5.21349974873839
2019-11-06,61.9484183998603,136.566957500797,89.7885,,51.1522510273663,,258.215890571204,5.16425243466701
2019-11-07,62.6612442374578,136.756554831772,89.41,,51.409389811705,,259.131192724872,5.18191182506635
2019-11-08,62.8327335926156,138.368132145053,89.294,,51.8777497403218,,259.762751210903,5.16798329179363
2019-11-11,63.3302942568763,138.510330143284,88.5825,,51.8226485722492,,259.259335026385,5.17793224413128
2019-11-12,63.2723260241469,139.420397331961,88.9,,51.9695850204427,,259.771904232439,5.21349974873839
2019-11-13,63.8785771247753,139.64791412913,87.6555,,51.6206109559831,,259.881740490879,5.1876324726605
2019-11-14,63.4365693502136,140.358904120284,87.73,,51.510408619838,,260.229555309273,5.21797677729034
2019-11-15,64.1901563756959,142.169558631088,86.9745,,51.8134650442371,,262.169995875049,5.0786914445632
2019-11-18,64.5138123417684,142.520313693391,87.6265,,51.6022438999589,,262.334750262709,5.27990900559222
2019-11-19,64.3181695563066,142.567713026134,87.6395,,51.6757121240557,,262.206607961196,5.1732064917709
2019-11-20,63.5694132168851,142.321236495868,87.2765,,51.6481615400194,,261.282152785991,5.25254938666368
2019-11-21,63.2844027392989,142.188065976489,86.7355,,51.6389780120073,,260.879419838377,5.22767700581955
2019-11-22,63.2288498495999,142.292699956001,87.286,,51.7859144602008,,261.456060195188,5.24533639621888
2019-11-25,64.3374923005498,143.852697468721,88.692,,51.9420344364064,,263.442265868647,5.50201936653032
2019-11-26,63.8351009502283,144.61367186517,89.847,,51.896116796346,,263.973141117774,5.39730664317652
2019-11-27,64.6925477260174,144.889525083883,90.9255,,51.9879520764669,,265.217952046762,5.43212797635831
2019-11-29,64.5500424872243,143.995380168055,90.04,,51.5563262598985,,264.201966656191,5.39479205276714
2019-12-02,63.8037014908332,142.254651236178,89.08,,50.9042957710398,,262.051006595072,5.20836134096855
2019-12-03,62.6660749235186,142.026358917244,88.498,,50.1328794180238,,260.2112492662,5.16878526196191
2019-12-04,63.2191884774783,142.540016634847,88.0345,,49.9675759138061,,261.877099185875,5.21259274564221
2019-12-05,64.1466802011488,142.616114074492,87.024,,50.2155311701327,,262.362209327319,5.19566712694755
2019-12-06,65.3857511757399,144.347330826413,87.58,,50.3532840903141,,264.696229819172,5.2810419388927
2019-12-09,64.4703361672213,143.976355808144,87.4755,,50.7940934348946,,263.890763923944,5.2810419388927
2019-12-10,64.8471296799625,143.757575669165,86.9605,,51.2624533635115,,263.643632342454,5.32609395335938
2019-12-11,65.4002432339222,144.299769926635,87.436,,51.7124462361041,,264.330108957705,5.4097264222036
2019-12-12,65.5669019030193,145.764645639799,88.0165,,51.8593826842976,,266.654976428021,5.57724026604933
2019-12-13,66.4581634812339,146.991716854073,88.047,,50.0594111939271,,266.755659664924,5.57524901679114
2019-12-16,67.5957900485485,147.942934849634,88.4605,,49.5818677372982,,268.64118210148,5.60412213103498
2019-12-17,67.72863391522,147.143911733363,89.533,,48.5257620159073,,268.6961002307,5.68227866441916
2019-12-18,67.5668059321838,146.839521974783,89.2015,,49.0308560565725,,268.714406273773,5.71264521560665
2019-12-19,67.6344355370347,148.114154088836,89.614,,48.8931031363911,,269.831074901248,5.86074437918497
2019-12-20,67.494345641272,149.73122468129,89.325,,49.2237101448265,,271.204028131749,5.95806668667929
2019-12-23,68.5957420631307,149.73122468129,89.65,,49.3247289529595,,271.468550454159,5.94437684802919
2019-12-24,68.6609563249513,149.702688141423,89.4605,,49.076773696633,,271.468550454159,5.9393987248837
2019-12-26,70.0232097940924,150.929759355697,93.4385,,49.1961595607902,,272.857348093358,5.95358637584835
2019-12-27,69.9966410207581,151.205612574409,93.49,,49.0951407526572,,272.857348093358,5.89584014736067
2019-12-30,70.4120800219855,149.902443920491,92.3445,,48.397192623738,,271.358182429852,5.78258784580078
2019-12-31,70.926548087459,150.007077900002,92.392,,48.6543314080766,,272.057179917131,5.85676188066858
2020-01-02,72.5448279178216,152.784634447041,94.9005,,49.5451336252498,,274.46688178117,5.97150761917211
2020-01-03,71.8395477529471,150.882198455919,93.7485,,49.37064659302,,272.461862672924,5.87592765477871
2020-01-06,72.41198405115,151.272197834099,95.144,,49.6277853773586,,273.482766897765,5.90056936434888
2020-01-07,72.0714206838647,149.892931740535,95.343,,49.7379877135038,,272.728585398333,5.97200543148666
2020-01-08,73.2307853384529,152.280488909394,94.5985,,49.9308418017578,,274.135777708249,5.98320620856401
2020-01-09,74.7862662500252,154.182924900516,95.0525,,50.1614479434618,,276.030428792188,6.04891743408448
2020-01-10,74.9553402621527,153.469511403845,94.158,,50.2260176631389,,275.23945795132,6.08127523453016
2020-01-13,76.5567126913025,155.314874315234,94.565,,50.345932856825,,277.060530352388,6.27193735100241
2020-01-14,75.5229458742948,154.220973620338,93.472,,50.6226602268699,,276.692636938031,6.15495145708341
2020-01-15,75.1992899082223,155.219752515678,93.101,,50.5119692788519,,277.308858407079,6.11238850418947
2020-01-16,76.1412736900751,158.063894322406,93.897,,51.1299937386187,,279.62658691753,6.1960209730337
2020-01-17,76.9842284076819,158.948527058278,93.236,,50.8532663685739,,280.573912459499,6.2047326885383
2020-01-21,76.4625143131173,158.377796260941,94.6,,50.9362845795873,,279.994480331887,6.17137926346352
2020-01-22,76.7354480755515,157.616821864492,94.373,,50.4750722961793,,280.068059014758,6.22539189959208
2020-01-23,77.1049955592015,158.587064219964,94.229,,50.7149026835515,,280.343979075526,6.29384109284257
2020-01-24,76.8827840004055,156.989017987422,93.082,,49.8754963277488,,277.787119845744,6.23460142741124
2020-01-27,74.6220229239586,154.363656319673,91.417,,48.6025504255425,,273.372398873458,5.97872589773307
2020-01-28,76.7330327325212,157.388529545557,92.6625,,49.3128173419909,,276.333940859033,6.17212598193534
2020-01-29,78.3392358477318,159.842671974105,92.9,,49.0729869546187,,276.058020798265,6.11164178571765
2020-01-30,78.2257147253034,164.351445273065,93.534,,49.1744536569685,,276.922570322004,6.11836225196406
2020-01-31,74.7572821336606,161.925839384384,100.436,,48.3811685295066,,271.956009228182,5.88488827644059
2020-02-03,74.5519779760772,165.873394065963,100.21,,48.971520252269,,273.933436330352,5.98196167777764
2020-02-04,77.0132125240466,171.333385360485,102.4835,,49.8478235907443,,278.155013260101,6.15121786472429
2020-02-05,77.6412017119485,171.124117401461,101.9935,,50.4935207875156,,281.300501952855,6.24157079981492
2020-02-06,78.5493706913759,174.672160524904,102.5115,,50.4658480505111,,282.257024830183,6.32843904870372
2020-02-07,77.484204414973,174.91947720375,103.964,,50.4750722961793,,280.82224051419,6.26223001086871
2020-02-10,77.8522198844939,179.4948357624,106.6955,,50.7241269292196,,282.836456957796,6.54548521784707
2020-02-11,77.3825159299739,175.442647101309,107.54,,50.8717148599102,,283.351507737896,6.66794704722611
2020-02-12,79.2201721231734,175.69947596011,108.0,,51.4067211086636,,285.172580138964,6.78368841035875
2020-02-13,78.6560431468684,174.748257964549,107.4935,,51.0193027906008,,284.896660078196,6.73988092667844
2020-02-14,78.6754123821063,176.30825547727,106.7435,,51.1668907212914,,285.37492151686,7.21305153165723
2020-02-18,77.2348255112846,178.096545308925,107.7835,,51.1484422299551,,284.593148011351,7.38180990628933
2020-02-19,78.3533988462756,178.629227386439,108.511,,51.1392179842869,,285.963550979832,7.83307676942797
2020-02-20,77.5495755839011,175.901335511571,107.655,,51.203787703964,,284.841476066043,7.68373307506328
2020-02-21,75.7942386404628,170.340632843572,104.7985,,50.4381753135066,,281.889131415826,7.31958336697071
2020-02-24,72.1939820406108,162.996308565082,100.4645,,48.5656534428699,,272.461862672924,6.80210746599706
2020-02-25,69.7486160918209,160.306569024129,98.637,,47.0067559249506,,264.276234203476,6.52258585137782
2020-02-26,70.8550836547882,162.309566554626,98.9795,,48.0121987027802,,263.108172612892,6.66197329945153
2020-02-27,66.2234152785158,150.873404463834,94.215,,46.8407195029237,,251.44595137777,6.29135203126982
2020-02-28,66.18467680804,154.526490436122,94.1875,,45.6231190747264,,249.928391043547,6.72646652052669
2020-03-02,72.3465147681095,164.808544426008,97.6975,,46.9514104509416,,261.084758833928,6.8848711084874
2020-03-03,70.0488392380089,156.911011305762,95.4495,,45.0604400889685,,253.883245247886,6.6223578447915
2020-03-04,73.2980284491733,162.672013726811,98.7915,,46.6193376068878,,264.404996898502,7.08611467306642
2020-03-05,70.9204548237162,158.589713997988,96.2015,,44.2763792071748,,255.547962947853,6.80666506977724
2020-03-06,69.9786257602714,154.106814763066,95.0545,,43.6952517300806,,251.262004670591,6.62609380205472
2020-03-09,64.4438667910301,143.662613354044,90.0305,,42.4407543192107,,231.874021733968,6.11302233790525
2020-03-10,69.0852197849214,153.486839336959,94.591,,44.8113854559282,,243.718350209198,6.50255814855077
2020-03-11,66.6858557698217,146.53357648109,91.043,,41.2508266280179,,231.634517068921,6.13867591111272
2020-03-12,60.1003157889222,132.636588852831,83.8305,,36.7124977592824,,209.231386055794,5.38749943738708
2020-03-13,67.3008289886263,151.493379889941,89.25,,44.2118094874977,,228.779850065599,5.99845298183303
2020-03-16,58.6427808372672,129.164726466636,84.4575,,39.4059774943856,,201.923808063471,4.89161337664843
2020-03-17,61.2213102783179,139.799689545228,90.392,,43.2248152010044,,215.143964962351,5.41140956387171
2020-03-18,59.7226157017823,133.914692038958,91.5,,43.603009273399,,203.383475981027,5.05151234751443
2020-03-19,59.265017519286,136.117989322505,94.0465,,41.5736752264035,,203.559005667316,5.30431212232595
2020-03-20,55.5025435743162,131.005576577998,92.3045,,42.1086814751569,,194.69013730748,5.12448804605608
2020-03-23,54.3234413792066,129.698859141435,95.1415,,40.7619416076053,,188.712889569132,5.29733833543459
2020-03-24,59.7734599442819,141.487930320933,97.005,,44.1287912764842,,206.709301615966,6.20617220566831
2020-03-25,59.444182945237,140.133522466978,94.292,,42.3761845995336,,209.360723719375,6.11750548662111
2020-03-26,62.5723144361642,148.899021183773,97.7745,,46.5639921328788,,221.943430704892,6.40691764261223
2020-03-27,59.9816792230898,142.785109674017,95.005,,45.9644161644483,,215.125488153268,6.29458986089795
2020-03-30,61.6934353872427,152.828711576939,98.1975,,46.4533011848609,,222.082006773015,6.61488593026505
2020-03-31,61.5675353581961,150.425114540342,97.486,,44.5807793142241,,218.783896351701,6.56532223057294
2020-04-01,58.3280307646507,145.08378779235,95.385,,44.9313006496143,,208.926518705925,6.0539942131463
2020-04-02,59.3013348353571,148.088284088095,95.9415,,45.9367434274439,,213.813634708376,6.36283334690618
2020-04-03,58.4490884848878,146.724338150662,95.3295,,45.5677736007174,,210.654100355185,6.07491557382036
2020-04-06,63.5480396612754,157.635905650132,99.8795,,47.4956409453631,,224.982865799044,6.68487286299612
2020-04-07,62.8120087222337,155.938126790949,100.58,,46.8222710115874,,225.102965058084,6.45150006595337
2020-04-08,64.4196552469827,157.502372481432,102.15,,48.3073745641613,,232.743125613901,6.64875860945162
2020-04-09,64.8845168926933,157.511910564911,102.138,,49.2803794230213,,236.19828891242,6.5491330824323
2020-04-13,66.1580441095878,157.864819653618,108.4435,,49.0857784512493,,233.907164586129,6.72098711654062
2020-04-14,69.4992371881324,165.676510022557,114.166,,50.0402498842262,,241.048451296705,7.07216709928371
2020-04-15,68.8648947340899,163.940578829459,115.384,,49.2618459971383,,235.801037517136,6.99470825202619
2020-04-16,69.4120756295617,168.862229904395,120.4095,,49.7622484959805,,236.992791702989,7.33991070314812
2020-04-17,68.4702465661169,170.35017092705,118.75,,50.6147860866007,,243.533582118368,7.28063351457163
2020-04-20,67.049028930533,166.973689375641,119.6805,,49.9568494677525,,239.145339961157,7.14937688272368
2020-04-21,64.9765207600735,160.068116937165,116.406,,47.5475041029564,,231.837761968834,6.71251894674398
2020-04-22,66.8480731149394,165.504824519943,118.1745,,48.4371085453427,,236.93736127574,7.12696113914434
2020-04-23,66.5890095936319,163.501826989446,119.9725,,48.159107157097,,236.891169253032,7.073661482189
2020-04-24,68.5114061909975,166.487247118234,120.511,,49.1228453030154,,240.327855742469,7.21263909238095
2020-04-27,68.5598292790923,166.010342944306,118.8,,49.4564469689102,,243.801495850071,7.39918789172462
2020-04-28,67.4485194073155,161.966195549398,115.704,,49.2989128489044,,242.674410496009,7.256723388087
2020-04-29,69.6638756876549,169.234215160059,118.6355,,49.9290493289279,,248.928810370601,7.43355869854628
2020-04-30,71.1335164113336,170.931994019242,123.7,,49.0857784512493,,246.75778530335,7.27963725930144
2020-05-01,69.9883103778904,166.506323285191,114.302,,47.9923063241496,,240.032226797141,7.04302663263056
2020-05-04,70.9785625294301,170.579084930536,115.7995,,47.9552394723835,,240.789775969543,7.25497994136416
2020-05-05,72.0438704675167,172.410396958419,115.89,,48.2332408606292,,243.006993059502,7.31600057666349
2020-05-06,72.7871648697727,174.108175817602,117.563,,48.0571733147402,,241.371795455658,7.41687142277055
2020-05-07,73.5401438896476,175.11921266633,118.3805,,48.7429100724129,,244.22646245898,7.59320860559474
2020-05-08,75.2857962154669,176.149325682014,118.9805,,49.6417812277407,,248.309837266321,7.78324429838408
2020-05-11,76.4704435747403,178.114170878597,120.45,,49.6047143759746,,248.346790884487,8.03529688174295
2020-05-12,75.5965233916698,174.079561567167,117.8475,,48.4371085453427,,243.348814027538,7.77328174568215
2020-05-13,74.6837623115738,171.447050527085,118.396,,47.8625723429682,,239.034479106659,7.7508660021028
2020-05-14,75.1425704076859,172.191021038412,119.4425,,49.0301781736002,,241.916861323606,8.00042794728619
2020-05-15,74.6983276479583,174.699536993273,120.489,,49.0394448865417,,243.006993059502,8.4589544353926
2020-05-18,76.4583057944199,176.368701602021,121.313,,49.2525792841967,,250.434670310865,8.71748267800772
2020-05-19,76.0164905907565,175.147826916765,122.4665,,48.5019755359333,,248.069638748242,8.77252578168589
2020-05-20,77.4948722337842,177.570500120319,124.897,,49.0209114606586,,252.116059937417,8.93640977363267
2020-05-21,76.917113890532,175.437664747765,122.337,,48.3907749806351,,250.305332647284,8.74238905976255
2020-05-22,77.4123353276053,175.51417902122,121.844,,48.761443498296,,250.868875324315,8.99244913258103
2020-05-26,76.887983217763,173.65870788994,121.093,,48.9097109053604,,254.093078509297,8.68510438172644
2020-05-27,77.2229859546067,173.888250710305,120.5195,,49.2989128489044,,257.797678730437,8.49332524221426
2020-05-28,77.2569717395039,173.496115058849,120.055,,49.6881147924483,,257.289566480655,8.45521847812937
2020-05-29,77.1817175015172,175.265507632492,122.1185,,49.8271154865712,,258.444367048342,8.84226365059941
2020-06-01,78.1308919225745,174.863807696854,123.552,,49.169178867723,,259.571452402404,8.77327297313854
2020-06-02,78.4925977761231,176.85317880668,123.6205,,49.3730465524365,,261.70552385149,8.79220182327221
2020-06-03,78.9247027555302,177.283571594863,123.92,,49.5676475242085,,265.160687150009,8.73666059195894
2020-06-04,78.2449870575865,174.949886254491,123.03,,48.974577895951,,264.48628361848,8.73765684722913
2020-06-05,80.4734835244165,179.043399884325,124.15,,50.0217164583432,,271.248795742855,8.89065180827969
2020-06-08,80.9492845129771,180.15285684942,126.203,,51.0595883077938,,274.537667759627,8.77603017622227
2020-06-09,83.5055010484586,181.530113771607,130.043,,50.2070507171736,,272.588364401372,9.01623724862085
2020-06-10,85.6538881651738,188.263369835633,132.3725,,50.142183726583,,270.888497965736,9.33593193107665
2020-06-11,81.5416081926138,178.153921455412,127.898,,47.5475041029564,,255.275594290609,8.76730896508746
2020-06-12,82.2455994511985,179.559871230145,127.251,,48.0571733147402,,258.351983002927,8.90311068132941
2020-06-15,83.2627454420501,180.707585331967,128.634,,49.345246413612,,260.707776161008,9.14356693118899
2020-06-16,85.4693939043033,185.135848908166,130.7635,,50.5869859477761,,265.807375467914,9.03866322011035
2020-06-17,85.3504436571631,185.776655948351,132.049,,47.7421050747284,,264.587906068436,9.20561211897659
2020-06-18,85.3844294420603,187.766027058176,132.699,,49.752981783039,,264.828104586515,9.18767134178499
2020-06-19,84.8964906731793,186.647005808899,133.7505,,50.4109184018872,,263.266814219002,9.23077904253702
2020-06-22,87.117704471817,191.830847835465,135.691,,51.0781217336768,,265.012872677345,9.49540550611306
2020-06-23,88.9772124169061,193.112461915833,138.2205,,51.1429887242675,,266.21386526774,9.41890802558778
2020-06-24,87.4065836434431,189.219798253818,136.72,,50.4479852536532,,259.405161120657,9.2051137640546
2020-06-25,88.5669554420757,191.610869299282,137.729,,50.531385670127,,262.148967269481,9.45877641934688
2020-06-26,85.8456650942365,187.775591342358,134.6435,,50.2070507171736,,256.005428249387,9.12487862161441
2020-06-29,87.8241232864657,189.79365530473,134.019,,50.744520067782,,259.722315548567,9.1697305645934
2020-06-30,88.5572452178194,194.64274738493,137.941,,51.2171224277997,,263.185898805614,9.46650092063771
2020-07-01,88.3897438493975,195.780897202571,143.935,,51.4209901125132,,264.987333529119,9.49864481310599
2020-07-02,88.3897438493975,197.27292553494,144.515,,51.8379921948817,,266.324480952751,9.58062419777314
2020-07-06,90.7541834558163,201.519467711684,152.852,,52.4495952490223,,270.456637921614,9.80687733235604
2020-07-07,90.4725869523824,199.176218087129,150.006,,52.1808605737181,,267.652342630386,9.83927040228531
2020-07-08,92.5797056160081,203.556660242419,154.0555,,52.5051955266714,,269.639492273839,10.1823877660746
2020-07-09,92.9778248105181,204.981738585515,159.1315,,53.311399552584,,268.265201866217,10.47442375036
2020-07-10,93.1404710668118,204.360060113695,160.0,,53.1816655714026,,270.958068205477,10.4447716325017
2020-07-13,92.7107936434687,198.04763255367,155.2,,52.8295304796248,,268.506631262151,10.0191765291233
2020-07-14,94.2450090759704,199.271860928948,154.2,,53.2279991361102,,272.100214963162,10.342858050955
2020-07-15,94.8931665450811,198.97536811931,150.4435,,52.6882746693455,,274.514508922498,10.1936007518193
2020-07-16,93.7255120782562,195.034883036386,149.995,,51.9438271289803,,273.715934766718,10.1014050912514
2020-07-17,93.5361627052576,194.040197481473,148.0985,,51.0877124575604,,274.440222954519,10.1679354733369
2020-07-20,95.5073382292946,202.380253288051,159.842,,51.5529921702886,,276.724516469891,10.476167992587
2020-07-21,94.1891752864965,199.654432296222,156.9145,,52.0275774772714,,277.300232721732,10.2945176235221
2020-07-22,94.4537788974817,202.523717550779,154.9955,,52.120633419817,,278.878809541298,10.4044048838206
2020-07-23,90.1545771079873,193.71501181929,149.3275,,51.8879935634529,,275.545226728215,10.0964215420315
2020-07-24,89.9312419500914,192.52904058074,150.4455,,51.7856320266527,,273.762363496705,10.1609585044291
2020-07-27,92.062636174358,194.967933047113,152.7605,,51.4971586047612,,275.758798886156,10.387211639012
2020-07-28,90.5502687464331,193.217669041834,150.0165,,51.5064641990158,,274.050221622626,10.1818894111526
2020-07-29,92.2859713322539,195.168783014932,151.6765,,51.8321599979255,,277.365232943714,10.431066872147
2020-07-30,93.4026471217329,195.015754468022,152.594,,51.4134082564701,,276.353086629993,10.5790782839776
2020-07-31,103.180842947867,196.077390012208,158.234,,51.5995201415614,,278.665237383357,10.5798258163606
2020-08-03,105.780755492502,207.105009673887,155.5945,,52.0927166370533,,280.420243376874,10.9740245596537
2020-08-04,106.487174307151,203.996617314784,156.9415,,52.1113278255625,,281.59953311855,11.1908089507189
2020-08-05,106.87315572134,203.661867368419,160.2515,,51.6460481128342,,283.354539112067,11.2496148315135
2020-08-06,110.601881835775,206.923288274432,161.25,,51.4413250392338,,285.258117041543,11.2982044364074
2020-08-07,108.091788865511,203.221910296054,158.373,,51.394797067961,,285.406688977503,11.1626518976265
2020-08-10,109.66288337799,199.176218087129,157.408,,51.1249348345786,,286.316692085252,11.1282654080093
2020-08-11,106.401524645429,194.518411690566,154.0335,,50.5014600195228,,284.004541331888,10.8143018071563
2020-08-12,109.937703315931,200.075260800224,158.112,,50.4084040769771,,287.895268904818,11.4026097925641
2020-08-13,111.883331195162,199.606610875313,158.051,,50.2688201631587,,287.403124366954,11.405350744635
2020-08-14,111.783617766351,199.79789655895,157.401,,50.4363208597408,,287.403124366954,11.5259526357563
2020-08-17,111.491773584467,201.117767776046,159.1205,,50.240903380395,,288.331698966698,12.296409345151
2020-08-18,112.420810896799,202.27504616205,165.6245,,51.3482690966882,,288.935272456532,12.2204102195477
2020-08-19,112.561868918044,201.050817786773,163.024,,52.2974397106538,,287.709553984869,12.0985624411214
2020-08-20,115.059568708006,205.729539726684,164.8685,,51.4227138507247,,288.619557092619,12.1010542157314
2020-08-21,120.988869669962,204.233882713106,164.236,,51.3575746909427,,289.650274898336,12.6417693060892
2020-08-24,122.435930405139,204.876248225348,165.373,,52.120633419817,,292.593856379526,12.6783983928553
2020-08-25,121.431500012487,207.541585723904,167.3245,,52.1950781738536,,293.615288439245,12.7080505107137
2020-08-26,123.082851674984,212.028556764639,172.0925,,53.4978613694926,,296.61458439642,12.7309748371252
2020-08-27,121.611470591315,217.234593677287,170.0,,53.2093879476011,,297.208872140257,12.5867010872094
2020-08-28,121.414475768543,219.468491652695,170.09,,53.8607795454207,,299.140307307725,13.1044918511557
2020-08-31,125.531910767965,216.227901456609,172.548,,53.2466103246194,,298.091018010014,13.3304958082777
2020-09-01,130.532174417588,217.896134279446,174.956,,53.6560564718202,,300.876741809248,13.7795135929895
2020-09-02,127.827751665458,222.095478971416,176.5725,,54.9309228846956,,305.259613920042,14.3034362030117
2020-09-03,117.593749020704,208.337351955488,168.4,,53.1349431935646,,294.692434974949,12.9764314571706
2020-09-04,117.671574135873,205.413150743043,164.731,,51.8600767806892,,292.333855491597,12.5846111227487
2020-09-08,109.752868667404,194.301186135753,157.492,,51.4785474162521,,284.301685203807,11.8772408243459
2020-09-09,114.130531395673,202.575237435228,163.4305,,52.9953592797461,,289.910275786264,12.6768334660923
2020-09-10,110.404654006947,196.899410819597,158.7555,,53.3489718614196,,284.840258471658,12.2747938990297
2020-09-11,108.95516123692,195.614679795113,155.811,,53.041887251019,,285.0538306296,12.1279858984098
2020-09-14,112.218952004329,196.937760999433,155.1485,,55.3310634376419,,288.758843282581,12.8336114497764
2020-09-15,112.398922583158,200.16876365056,157.8065,,56.7082913873175,,290.244562642172,12.9520049986634
2020-09-16,109.08162704907,196.592609380915,153.905,,56.2337060803347,,289.074558646494,12.4769353056557
2020-09-17,107.340290097158,194.540874759724,150.4365,,56.0010662239705,,286.548835735188,12.4260883920284
2020-09-18,103.935441308504,192.124813430097,147.7455,,55.6009256710243,,283.215252922105,12.1526616064936
2020-09-21,107.087358472858,194.186135596247,148.0235,,56.5966242562627,,280.141670996951,12.4796770509984
2020-09-22,108.770326588393,198.864857536158,156.4495,,56.4105123711714,,282.973823526172,12.5998153469216
2020-09-23,104.207829211597,192.316564329274,149.993,,54.8657837249136,,276.418086851975,12.0873582174233
2020-09-24,105.277924545174,194.809326018571,150.9895,,55.1821739295688,,277.179518023765,12.3109350876373
2020-09-25,109.227549140012,199.248359334512,154.7565,,55.6474536422971,,281.618104610545,12.835106947236
2020-09-28,111.834690498181,200.801541617843,158.7025,,55.4427305686967,,286.335263577247,12.9958729241458
2020-09-29,110.988342370716,198.711456816817,157.244,,55.3403690318964,,284.708865165795,13.1860503510948
2020-09-30,112.661582346854,201.654833119179,157.4365,9.5,55.5543976997514,,286.900368058489,13.4898855849754
2020-10-01,113.614940007677,203.696980195411,161.063,9.46,55.5357865112423,,288.718849182214,13.5736334427144
2020-10-02,109.947431455327,197.685589506222,156.25,9.2,54.7448109996043,,286.033092445635,13.0230411279956
2020-10-05,113.332823965189,201.702770843974,159.96,9.03,55.4241193801875,,291.031584149824,13.6015493952941
2020-10-06,110.083625406873,197.417138247374,154.998,9.9,55.3775914089147,,286.965646868059,13.6952672360973
2020-10-07,111.951428170935,201.175455871238,159.7845,10.0,56.6059298505172,,291.889534218453,13.9220843508072
2020-10-08,111.844418637577,201.89452174315,159.5275,10.0,56.886203475788,,294.472709968565,13.7972103129284
2020-10-09,113.790046516808,206.908807756621,164.3325,9.95,57.129107284356,,297.093187895574,13.7214384416407
2020-10-12,121.01805408815,212.26824538861,172.1465,9.89,57.4187233638024,,301.886517626829,14.1832979070884
2020-10-13,117.807768087419,213.6680269526,172.1815,9.47,56.9609431091935,,299.956129972413,14.2054811194062
2020-10-14,117.895321341985,211.750517960833,168.1855,9.34,56.9516006550178,,298.081695583343,14.0529403785244
2020-10-15,117.428370650969,210.600012565773,166.9325,9.91,56.5405326712874,,297.727324902822,13.9280663406457
2020-10-16,115.784315093019,210.600012565773,163.6355,9.71,56.3256562252465,,297.475535208768,13.7700421090786
2020-10-19,112.826960716589,205.384388108166,160.3605,9.57,55.6997117954751,,292.980622892688,13.4572338904402
2020-10-20,114.3153660442,205.796652541396,160.8505,9.27,55.8211636997591,,294.136990376493,13.6045403902133
2020-10-21,113.692765122846,205.940465715779,159.247,9.2,55.7464240663536,,293.605434355712,13.4841528447135
2020-10-22,112.603213510477,206.026753620408,158.82,9.68,55.765108974705,,295.218753506504,13.3208943720377
2020-10-23,111.91251561335,207.311484644892,160.22,9.49,55.9613005123945,,296.225912282721,13.5494562337838
2020-10-26,111.922243752746,201.415144495209,160.352,9.95,53.7097690560528,,290.770468911545,13.1018039942026
2020-10-27,113.43010535915,204.454396247159,164.3165,10.95,53.3267284348494,,289.809937856449,13.3565370614921
2020-10-28,108.176910085227,194.320361225671,158.139,10.85,51.9347027626713,,279.831605536521,12.5890976151276
2020-10-29,112.184903516443,196.276220397273,160.5505,10.75,52.3364282922261,,282.778477511379,12.9849059427752
2020-10-30,105.900525466527,194.119022781535,151.8075,10.13,52.4205103798073,,279.598466930915,12.4963767726308
2020-11-02,105.812972211962,193.984797152111,150.224,10.54,52.7381538217808,,282.853081865172,12.5429864434558
2020-11-03,107.43757149112,197.915690585234,152.4205,10.5,53.06513971793,,287.842248025136,12.9804194503963
2020-11-04,111.824962358785,207.464885364234,162.058,10.72,52.7755236384836,,294.323501260977,13.7528438882929
2020-11-05,115.794043232416,214.08029138583,166.1,11.88,52.9343453594703,,300.086687591553,14.1174960188649
2020-11-06,115.662713350568,214.49255581906,165.5685,13.83,53.06513971793,,300.049385414656,14.5182893380445
2020-11-09,113.353162161412,209.382394356001,157.187,14.67,53.1025095346328,,303.788928648573,13.5898346651937
2020-11-10,113.012089200988,202.30678617638,151.751,14.0,52.943687813646,,303.397255791155,12.7316683729453
2020-11-11,116.442308688679,207.618286083575,156.8695,15.96,53.4388378849577,,305.532805418504,13.3777232755035
2020-11-12,116.16945032034,206.554068593144,155.514,14.58,52.7381538217808,,302.707165518562,13.4163569598771
2020-11-13,116.218175028972,207.57993590374,156.4405,15.8,53.1679067138626,,306.819730521448,13.257086480427
2020-11-16,117.231648968517,208.270239140776,156.553,15.93,53.3921256140792,,310.540622666916,13.4746813608025
2020-11-17,116.344859271415,205.614489187178,156.783,17.85,53.3640982515522,,308.992582325694,13.3819605183057
2020-11-18,115.019547196626,202.910801508787,155.273,17.9,52.551304738267,,305.243713547553,13.3884410072975
2020-11-19,115.613988641936,204.19894095365,155.851,18.98,52.7381538217808,,306.521313106272,13.3999064878213
2020-11-20,114.347146217504,202.247505824492,154.97,18.15,52.0374697586039,,304.469693376942,13.0484645848093
2020-11-23,110.946161554993,201.978342358401,154.9195,21.04,52.3924830172802,,306.269523412218,13.1005577463195
2020-11-24,112.232493862877,205.583210207832,155.903,23.82,53.7845086894583,,311.23071293951,12.918854804975
2020-11-25,113.070558851347,205.592823188764,159.2535,29.05,53.6350294226472,,310.717808007177,13.1950233358526
2020-11-27,113.616275588025,206.900188595491,159.767,27.66,53.9620153187964,,311.603734708479,13.2214437909726
2020-11-30,116.013531252718,205.7850828074,158.402,27.11,53.9246455020937,,310.204903074844,13.3612728034476
2020-12-01,119.589924866304,207.842260726809,161.004,25.67,54.8775758280143,,313.618052260913,13.3498073229238
2020-12-02,119.940742768454,207.034770328536,160.1765,22.51,55.1952192699878,,314.280165900833,13.5038435612652
2020-12-03,119.804313584285,205.948503483241,159.3365,24.03,55.3727258993259,,314.186910458591,13.359777305988
2020-12-04,119.131912605164,206.063859254423,158.129,23.85,56.0173552374487,,316.891318283618,13.5215885830779
2020-12-07,120.593653864123,205.9965683879,157.9,28.94,55.8678759706376,,316.303808997492,13.5699574394037
2020-12-08,121.207585192886,207.650001108173,158.8645,28.59,55.1485069991093,,317.217712331466,13.313901689679
2020-12-09,118.673900344023,203.602936135878,155.21,26.63,55.8024787914077,,314.401397975748,12.8957853388626
2020-12-10,120.096661836077,202.372474576605,155.0745,27.04,55.5689174370154,,314.252189268161,12.9371731231414
2020-12-11,119.287831672786,205.006431351923,155.821,27.2,56.6246147588686,,313.851190866519,12.9780622594168
2020-12-14,118.673900344023,205.910051559514,157.8485,27.24,56.764751571504,,312.415057055987,13.2727632294019
2020-12-15,124.618314797123,205.842760692991,158.256,26.43,57.7924215308301,,316.732784031806,13.3243732977495
2020-12-16,124.550100205039,210.793445872877,162.048,25.92,58.6519273149938,,317.217712331466,13.2066923689568
2020-12-17,125.417400018688,210.928027605922,161.804,27.23,59.4273510115762,,318.942938012949,13.3051753496202
2020-12-18,123.42455943564,210.130150188581,160.0825,25.97,60.7820068670515,,317.665338454229,13.236112601155
2020-12-21,124.959387757547,213.975342561308,160.309,28.51,60.2401445248614,,316.686156310685,13.2961996855597
2020-12-22,128.516291487681,215.273094987103,160.326,28.04,60.8660889546328,,316.064049255487,13.242345701197
2020-12-23,127.619756848853,212.466104555013,159.2635,28.69,61.0062257672681,,316.316870530888,12.97407307539
2020-12-24,128.603995963218,214.129150256217,158.6345,27.75,60.6885823252946,,317.580976907895,12.9586149872858
2020-12-28,133.203608458076,216.253619042149,164.198,25.63,60.6045002377134,,320.343283435428,12.8651184866561
2020-12-29,131.430029063873,215.474967586671,166.1,24.66,60.22145961651,,319.669093367691,12.9082515389466
2020-12-30,130.309360765337,213.100561296513,164.2925,25.1,60.1654048914559,,320.099825910968,13.1102039803069
2020-12-31,129.305631767519,213.811921885467,162.8465,23.55,60.4363360625509,,321.822756084074,13.0196993676973
2021-01-04,126.109290881262,209.264981904718,159.3315,23.37,59.5581453700359,,317.459248145665,13.0780411840903
2021-01-05,127.668481557485,209.466854504286,160.9255,24.6,58.8200914901562,,319.547364605461,13.3685036460468
2021-01-06,123.370962256145,204.035520277809,156.919,23.54,58.6799546775209,,321.485661050205,12.5803904767382
2021-01-07,127.580777081947,209.841760760627,158.108,25.0,59.1488691307534,,326.289265282831,13.3079179136387
2021-01-08,128.68195549703,211.120287224558,159.135,25.2,59.4395960917576,,328.124560467226,13.2408497571869
2021-01-11,125.690258387027,209.072722286081,155.7105,25.93,59.1113559744948,,325.980261501785,13.5846675555028
2021-01-12,125.514849435952,206.611799167536,156.0415,26.18,58.5392803415511,,326.008352754608,13.4482873265842
2021-01-13,127.551542256768,207.967229478922,158.2945,25.5,58.2016619352237,,326.822999086456,13.4951602388999
2021-01-14,125.622043794942,204.775719809559,156.3735,24.92,57.7702606382497,,325.718076475443,13.164556612673
2021-01-15,123.89718910937,204.420039515082,155.2125,25.64,57.9390698414134,,323.395866242127,12.824727998384
2021-01-19,124.569590088491,208.063359288241,156.038,26.62,57.4795336772455,,325.952170248963,12.9900298114974
2021-01-20,128.662465613577,215.657614224376,163.169,26.34,57.7327474819911,,330.381224443957,13.3296091017848
2021-01-21,133.379017409151,216.26323202308,165.3495,25.98,57.4045073647283,,330.690228225003,13.8300023731553
2021-01-22,135.522904588958,217.205304154398,164.6115,32.58,56.607352794233,,329.510395606464,13.6754214921141
2021-01-25,139.27470715362,220.646751327989,164.7,36.23,57.1137804037241,,330.849411990997,13.6163317037161
2021-01-26,139.508585755053,223.338385988897,166.3065,35.37,57.9578264195427,,330.353133191135,13.3989211742516
2021-01-27,138.43664216515,223.886325902011,161.629,39.0,58.6611980993915,,322.337762385817,12.8828204907753
2021-01-28,133.593406127132,229.682953403896,161.881,35.66,57.413885653793,,325.043886407706,13.0157101836704
2021-01-29,128.594251021492,222.98270569442,160.31,35.18,56.6730008176856,,318.536079503856,12.954625803259
2021-02-01,130.718648317846,230.375088030987,167.144,33.96,57.6858560366679,,323.770416279758,13.2012072409199
2021-02-02,131.546968364589,230.240506297942,169.0,31.02,58.4923888962278,,328.424200497332,13.5200926390678
2021-02-03,130.523749483318,233.595436643146,165.6265,31.76,58.3048231149348,,328.751931780259,13.4939136188915
2021-02-04,133.885754378924,232.643751530896,166.55,32.05,59.4114612245636,,332.431885899991,13.6273019597899
2021-02-05,133.471594355552,232.8263981686,167.6075,34.05,59.6459184511799,,333.761538533583,13.5542500272979
2021-02-08,133.617987593,233.08594865376,166.147,36.05,59.186382287012,,336.224205031011,14.3997077169927
2021-02-09,132.739628168314,234.335636174896,165.25,38.17,59.7115664746325,,335.952656253728,14.2246822678137
2021-02-10,132.134536120197,233.422402986373,164.329,35.7,59.3364349120464,,335.821563740557,14.7243275671792
2021-02-11,131.880787841955,235.027770801986,163.1065,33.11,58.8018724353613,,336.364661295123,15.2095120744473
2021-02-12,132.115017021871,235.508419848577,163.8855,31.91,59.158247419818,,338.078227717288,14.9207948805026
2021-02-16,129.987435304299,234.268345308373,163.4475,27.84,58.2766882477409,,337.759860185301,15.2887971069813
2021-02-17,127.693941250954,235.287321287146,165.432,27.08,58.2297968024176,,337.834770192828,14.8656942761314
2021-02-18,126.591112195515,234.892285244034,166.4115,25.17,58.2110402242883,,336.392752547946,14.7889024836142
2021-02-19,126.747264982126,232.175208069465,162.495,29.0,57.3294810522111,,335.774744985853,14.8861388442691
2021-02-22,122.970319455978,225.950981634105,159.037,28.0,60.4430730216752,,333.13416722055,14.3169321484351
2021-02-23,122.833685767694,224.75623847933,159.725,26.75,60.4899644669985,,333.555536012886,14.1037601269992
2021-02-24,122.335948760372,225.989521735872,157.9765,26.39,60.6775302482915,,337.244853883558,14.4597948013974
2021-02-25,118.080785325229,220.632447590268,152.858,23.96,61.2402275921706,,329.154573070714,13.2715166093935
2021-02-26,118.344293152634,223.898721215016,154.6465,23.9,60.4993427560631,,327.347369139141,13.6774160841275
2021-03-01,124.717278756186,228.292292816447,157.307,24.81,62.0561387407952,,335.334648691636,13.8043220009823
2021-03-02,122.111479129619,225.334340005834,154.7265,24.48,62.5156749049631,,332.740889681037,13.3699995900568
2021-03-03,119.125057085688,219.2546389521,150.25,23.59,62.7501321315793,,328.349290489805,12.7701260420162
2021-03-04,117.241464097196,218.454931840436,148.8785,24.73,61.5309545531747,,324.304150083383,12.3368009270975
2021-03-05,118.500445939245,223.147189230561,150.023,23.95,65.6198885853625,,330.250131930786,12.4278041877104
2021-03-08,113.56211406268,219.090843519591,147.5975,22.52,67.6737338905211,,328.630203018029,11.561901929878
2021-03-09,118.173501042279,225.247624776859,153.1425,24.26,68.1238917656243,,333.227804729958,12.490384512132
2021-03-10,117.095070859748,223.937261316783,152.882,24.75,67.6362207342625,,335.287829936932,12.4385085516175
2021-03-11,119.027461594056,228.47535829984,155.6795,26.73,63.2190465848119,,338.827327792552,12.9625056335446
2021-03-12,118.119823521881,227.14572478888,154.4745,26.92,62.9845893581956,,339.304879090532,12.8253336225689
2021-03-15,121.00865007418,226.240032397357,154.084,26.79,63.5191518348807,,341.271266788098,13.1597839256932
2021-03-16,122.550658841962,229.03418977546,154.593,25.61,62.6938623971914,,340.887352999526,13.259545388221
2021-03-17,121.760135359745,228.388643070864,156.7865,25.21,62.1030301861184,,342.00163936148,13.3094261194849
2021-03-18,117.631846063723,222.299306991688,151.3995,23.98,62.5907012174803,,336.973305106275,12.6921520700944
2021-03-19,117.104830408911,221.942811050344,153.748,24.32,62.1405433423771,,336.374025046064,12.8151080726598
2021-03-22,120.42307712439,227.376965399482,155.5435,24.22,62.1968130767649,,339.033330313249,13.1547958525669
2021-03-23,119.59351544552,228.908934444718,156.875,23.26,63.0877505379068,,336.542572562998,13.0395713633473
2021-03-24,117.202425900543,226.86630905107,154.3535,21.88,62.6751058190621,,334.679186125781,12.6128417073848
2021-03-25,117.690403358702,223.860181113249,152.313,22.58,64.3631978506993,,336.56130006488,12.5053487315111
2021-03-26,118.295495406818,227.849081646127,152.6015,22.58,65.8824806791728,,342.032071552037,12.8086235775955
2021-03-29,118.471167291755,226.654338491352,153.7865,21.73,66.707770116862,,341.825354550468,12.9173635717508
2021-03-30,117.016994466443,223.388064866604,152.7645,22.04,66.1638293511123,,340.951505407468,12.841046052917
2021-03-31,119.212893028157,227.164994839764,154.704,23.29,65.8074543666556,,342.304562145016,13.3164094218618
2021-04-01,120.042454707026,233.504841580425,158.05,23.07,67.3454937732583,,345.931505899833,13.778803800678
2021-04-05,122.872723964346,239.97957867727,161.3365,23.44,69.5493917034513,,350.920902619542,13.9541345710705
2021-04-06,123.175269988405,238.81374059882,161.191,23.27,69.6619311722271,,350.723581845316,13.8284351282856
2021-04-07,124.824633796981,240.779285788934,163.9695,22.9,69.7650923519382,,351.165204530488,14.1097624526138
2021-04-08,127.225482891122,244.007019311915,164.965,23.41,70.9047678176578,,352.875317907112,14.2828485900995
2021-04-09,129.797124095618,246.512125926766,168.61,24.04,71.1873319827122,,355.412299290014,14.3656506039976
2021-04-12,128.084323217481,246.569936079416,168.9695,23.34,71.6959474798102,,355.572035154864,15.1727208358471
2021-04-13,131.197619400533,249.055772643384,170.0,25.42,72.2139817824099,,356.539846571305,15.6420985170403
2021-04-14,128.855327601371,246.261615265281,166.65,23.7,72.3552638649372,,355.393506835326,15.240558630366
2021-04-15,131.265936244675,250.028910212999,168.9545,23.15,73.7398282737039,,359.208375137025,16.0987566117611
2021-04-16,130.934111573127,251.223653367774,169.972,22.47,74.3614694368236,,360.467469601132,15.8745427247299
2021-04-19,131.597760916223,249.296648279427,168.6005,21.94,74.1730933267873,,358.6915826331,15.3251064698583
2021-04-20,129.909358910994,248.834167058224,166.7345,21.78,74.6346147963762,,356.060638976756,15.1350608837429
2021-04-21,130.289981328358,251.069492960706,168.101,22.63,72.2045629769081,,359.405695911251,15.3238594515767
2021-04-22,128.767491658903,247.783949285075,165.452,22.86,70.5185967920834,,356.107620113477,14.8148265890288
2021-04-23,131.090264359738,251.618689410885,167.044,23.41,70.6127848471015,,359.903695960487,15.228836658519
2021-04-26,131.480646326265,252.004090428554,170.45,24.11,70.1701009885163,,360.683582830046,15.4410791700468
2021-04-27,131.15858120388,252.408761497107,170.8715,23.88,70.8482549846469,,360.570828101917,15.3450587623638
2021-04-28,130.368057721663,245.269207644782,172.925,23.85,70.4244087370652,,360.401696009724,15.2403092267097
2021-04-29,130.270462230031,243.294027429227,173.5655,23.37,71.4604773422648,,362.807130209809,15.288194728723
2021-04-30,128.299033299071,242.976071589649,173.371,23.04,71.3851268982503,,360.411092237068,14.9736967181043
2021-05-03,129.353064608693,242.667750775514,169.3245,22.3,72.8356229455297,,361.228564016003,14.8013587915875
2021-05-04,124.775836051165,238.746295420728,165.5935,21.64,73.9658796057474,,359.029846817487,14.3170168910153
2021-05-05,125.019824780244,237.474472062419,163.527,21.15,74.5875207688671,,359.095620408896,14.4240110595763
2021-05-06,126.620390843005,240.615490356424,165.3185,20.09,75.1055550714669,,362.017847112906,14.4883572029067
2021-05-07,127.293799735264,243.245852302018,164.5805,19.75,75.7271962345867,,364.60180963253,14.7769172332682
2021-05-10,124.009050736642,238.158558868782,159.5245,18.47,75.4917260970413,,361.031243241777,14.231720840554
2021-05-11,123.090103100123,237.243231451818,161.1955,20.21,73.174699943595,,357.864714626821,14.2721242328778
2021-05-12,120.020426952602,230.277108057444,157.597,18.89,72.2893322264245,,350.22558179608,13.725680821882
2021-05-13,122.171155463604,234.160023310463,158.0735,18.37,73.5985461911766,,354.388110509509,13.6326532580748
2021-05-14,124.595613057825,239.09315633663,161.145,20.08,74.3049566038127,,359.828526141734,14.209025107829
2021-05-17,123.442040492833,236.231553780435,163.5195,20.46,74.4839139083472,,358.964073226079,14.13170997437
2021-05-18,122.053842999368,234.208198437671,161.614,21.24,74.1165804937764,,355.863318202531,13.9823171842346
2021-05-19,121.897426380386,234.786299964175,161.59,20.67,74.1636745212855,,354.923695468122,14.0321979154985
2021-05-20,124.458748516216,238.031125432584,162.384,20.61,74.1448369102819,,358.710375087788,14.577643711869
2021-05-21,122.620853243177,236.766029788651,160.154,20.75,74.4368198808381,,358.43788449481,14.9559890585056
2021-05-24,124.253451703802,242.183729454656,162.2495,21.22,74.7664780734016,,362.055432022283,15.574759529834
2021-05-25,124.057930930074,243.091508008318,162.9525,21.48,74.2484437708018,,361.294337607412,15.6104242526877
2021-05-26,124.009050736642,242.86939197923,163.258,22.12,74.6534524073798,,361.952073521498,15.6625496168584
2021-05-27,122.474212662882,240.764118312227,161.5055,22.7,74.389725853329,,362.111809386347,15.4510553162996
2021-05-28,121.819218070895,241.121435402498,161.1535,22.95,74.1636745212855,,362.816526437153,16.2057507803221
2021-06-01,121.496608794245,238.919589548935,160.9325,23.06,74.9454353779361,,362.534639616831,16.2257030728277
2021-06-02,122.259139811782,238.823017362375,161.6995,24.45,75.6047517630631,,363.145394394196,16.738227586564
2021-06-03,120.773181931453,237.287519596074,159.3505,23.63,76.3770938142118,,361.764148974616,16.9292707873047
2021-06-04,123.070551022751,242.193386673312,160.311,24.03,78.0724788045384,,365.043432317702,17.5363192867861
2021-06-07,123.080327061437,245.109866707417,159.9005,24.46,79.0614533822289,,364.733356815347,17.5769720827662
2021-06-08,123.901514311092,243.912371594076,163.2055,24.38,79.6925133508505,,364.789734179411,17.4153585134712
2021-06-09,124.282779819861,244.897407896986,164.0575,24.17,79.6077441013341,,364.216564311422,17.3208345277261
2021-06-10,123.285623873851,248.422292706419,167.4825,24.14,77.5167692799314,,365.898489006013,17.3874406490071
2021-06-11,124.497852670961,249.050011919057,167.3415,24.67,78.0818976100402,,366.537432465411,17.7868279155647
2021-06-14,127.557752779796,250.981455650253,169.1935,25.0,77.8181710559894,,367.458262745131,17.979910828941
2021-06-15,126.73656553014,249.503901195888,169.1565,24.41,76.8951281168116,,366.687772102916,17.7501571296909
2021-06-16,127.235143503146,248.557493767602,170.7625,24.8,72.6001528079843,,364.676979451282,17.7718602478611
2021-06-17,128.838413847711,251.956834734507,174.462,25.45,73.0522554720714,,364.545432268465,18.6170345508573
2021-06-18,127.538200702423,250.537223592078,174.345,25.37,71.7995543403301,,359.706375186261,18.5985744273562
2021-06-21,129.336991820716,253.627533561991,172.698,25.42,73.4572641086494,,364.742753042691,18.3875303127355
2021-06-22,130.979366320026,256.408812534914,175.272,25.4,74.1071616882746,,366.678375875572,18.8460398667223
2021-06-23,130.705637236808,256.181867896498,175.191,26.27,73.5608709691694,,366.283734327121,19.0161723562864
2021-06-24,130.422132114903,257.548364336319,172.454,26.53,73.2217939711041,,368.379093024852,19.1641028054236
2021-06-25,130.128850954312,255.935608820771,170.073,26.78,73.8999479672347,,369.741545989744,18.9899789378052
2021-06-28,131.761449414936,259.508779723483,172.1945,27.38,73.937623189242,,370.512036631959,19.9419226037537
2021-06-29,133.276735411324,262.096914323286,172.407,26.63,73.5608709691694,,370.674497402738,19.9835826121953
2021-06-30,133.892625848566,261.614053390487,172.008,26.36,73.3159820261222,,371.013908378079,19.9593848827412
2021-07-01,134.195683047843,262.290058696405,171.6485,24.72,74.9171789614307,,373.106942726014,20.1684333083347
2021-07-02,136.825437454478,268.132675983273,175.549,24.44,77.0646666158443,,375.944795603169,20.4428405495672
2021-07-06,138.83930142387,268.142333201929,183.787,24.68,78.2514361090729,,375.237689404542,20.6538846641879
2021-07-07,141.332191288895,270.334521836836,184.829,22.89,81.086496565119,,376.529336727367,20.327838969378
2021-07-08,140.031978143608,267.910559954185,186.5705,23.08,80.6155562900283,,373.53120644519,19.8598498925123
2021-07-09,141.86009737796,268.412735324296,185.967,23.29,82.659437083922,,377.472144992202,20.0070319582643
2021-07-12,141.263759018091,267.813987767625,185.9275,22.95,82.0189583097986,,378.839216976214,20.4682855846633
2021-07-13,142.378227428337,271.348529795714,183.868,22.45,82.0095395042968,,377.556997736038,20.2063513998505
2021-07-14,145.809617007254,272.826084250079,184.084,21.56,83.4506167460744,,378.075542281697,19.798731916056
2021-07-15,145.154622415267,271.396815888994,181.56,21.47,81.5222155435144,,376.859319620059,18.9253685055513
2021-07-16,143.111430329815,271.126413766626,178.6815,21.37,82.7038339274359,,373.927185916421,18.1218542109968
2021-07-19,139.259671087384,267.51461398929,177.4795,21.54,82.221733626796,,368.336332905946,18.73927050377
2021-07-20,142.876805401342,269.745431498821,178.6595,22.18,83.8098287347865,,373.540634527838,18.5718820866181
2021-07-21,142.143602499864,271.754132979265,179.26,22.52,84.7834822831378,,376.680186049741,19.3681620084493
2021-07-22,143.512247915957,276.331654622199,181.9015,22.07,85.7287769902751,,377.481573074851,19.5517653989467
2021-07-23,145.232830724758,279.74065280776,182.832,21.81,82.8928928688634,,381.252806134193,19.5158429964581
2021-07-26,145.653200388272,279.14190525109,184.991,22.13,83.0535929690767,,382.223898646974,19.2524120448748
2021-07-27,143.482919799898,276.717943368439,181.3195,21.68,82.9968752866485,,380.52684377027,19.1665974167075
2021-07-28,141.733008875037,276.408912371447,181.516,22.56,82.4107925682234,,380.319425952006,19.4609615482115
2021-07-29,142.378227428337,276.679314493815,179.996,22.18,82.8361751864352,34.82,381.95991233282,19.6196188258696
2021-07-30,142.593300279438,275.143816727514,166.3795,21.71,82.3729807799379,35.15,380.093151968445,19.4569701701573
2021-08-02,142.260914964101,275.05690175961,166.574,22.1,82.807816345221,37.68,379.32004919128,19.707429143064
2021-08-03,144.059706082394,277.278062050485,168.312,22.24,84.8307470184947,46.8,382.384176051996,19.7722890364463
2021-08-04,143.658888496252,276.688971712471,167.736,22.3,85.1237883777072,70.39,380.555128018215,20.2302996681762
2021-08-05,143.766424921802,279.595794527921,168.7995,22.52,84.5377056592822,50.97,382.9310048456,20.5925172266032
2021-08-06,143.082102213756,279.537851215985,167.247,21.82,84.6227821829245,55.01,383.590970630985,20.3221013634249
2021-08-09,143.033148435799,278.446585507859,167.0935,22.93,84.9819941716367,56.83,383.223275407699,20.2512544029613
2021-08-10,142.553401411817,276.621371181879,166.034,22.92,84.736217547781,53.94,383.704107622765,19.8930282225886
2021-08-11,142.807961057195,277.113889333334,164.6055,22.35,84.7267646007096,51.19,384.628059722304,19.6565390728718
2021-08-12,145.774560001411,279.875853868944,165.175,24.89,84.8969176479943,48.1,385.750001557458,19.8620950426678
2021-08-13,145.980165868832,282.811648340362,164.6985,24.9,85.4357356310625,50.63,386.513676251975,20.144485040009
2021-08-16,147.957898498309,284.501661605158,164.9495,24.5,85.8516653022029,47.19,387.437628351514,19.9069980457786
2021-08-17,147.047358228302,283.033764369449,162.098,23.97,85.9745536141308,46.67,384.88261795381,19.4160585451008
2021-08-18,143.297498836769,281.305122230029,160.061,25.28,84.0745112527849,49.8,380.743689671182,18.9989595384273
2021-08-19,143.630384526879,287.149317663143,159.3875,24.16,83.8570934701434,44.69,381.281090382138,19.7553256797155
2021-08-20,145.089207110008,294.493265235551,159.9975,24.01,84.0745112527849,42.64,384.298076829612,20.7711313945327
2021-08-23,146.577401959911,294.773864022902,163.2935,24.82,84.2446643000696,45.29,387.701614665668,21.9106698290329
2021-08-24,146.489285159588,292.809672511441,165.289,25.1,83.7058463170014,49.38,388.314440037811,21.7460254842934
2021-08-25,145.255649955063,292.219447475978,164.959,24.35,83.772016946501,48.98,389.030974319086,22.165120179994
2021-08-26,144.452807996562,289.394107961956,165.8,24.87,83.8665464172147,46.86,386.758806400832,22.0204327255259
2021-08-27,145.490628089258,290.003684637926,167.4815,25.71,84.4620820827112,46.87,390.190628484834,22.5872084092353
2021-08-30,149.916049616603,293.748227076031,171.0785,25.76,84.5566115534249,43.64,391.981964188021,22.6390963239411
2021-08-31,148.653042145303,292.093661812682,173.5395,26.34,84.254117247141,44.32,391.312570319988,22.3407408143828
2021-09-01,149.318813525523,292.045282711415,173.95,26.2,85.0292589069935,44.57,391.727405956516,22.3966300922745
2021-09-02,150.434959662951,291.387326934177,173.156,26.51,84.8874647009229,44.49,392.896488204912,22.3517190653973
2021-09-03,151.071358776397,291.377651113923,173.9025,26.64,85.0765236423504,43.35,392.745638882538,22.7978352657113
2021-09-07,153.411349362758,290.448772369587,175.4645,26.7,83.8665464172147,42.13,391.293714154691,22.6171931353828
2021-09-08,151.864409979306,290.477799830348,176.275,25.58,84.5755174475676,40.05,390.916590848757,22.2948317646861
2021-09-09,150.846171397793,287.613757035311,174.208,26.13,84.6416880770673,41.28,389.162967476163,22.133152067928
2021-09-10,145.852886046143,286.123680716272,173.4575,26.28,84.7740293360665,41.17,386.155409111338,22.4335569365958
2021-09-13,146.420749870448,287.36218570872,172.8585,25.83,84.0272465174281,40.6,387.06050504558,22.1082014974406
2021-09-14,145.020671820868,290.071415379701,172.5,26.26,81.664009749585,40.02,385.05232344148,22.1980235511951
2021-09-15,145.911630579691,294.938352967212,173.7895,27.08,82.9307046571489,41.87,388.267299624569,22.2968278103251
2021-09-16,145.676652445496,295.325385777352,174.412,28.63,82.476963197723,41.95,387.597905756536,22.1980235511951
2021-09-17,143.003776169024,290.148821941729,173.126,28.71,81.664009749585,42.38,383.798388449249,21.856699746928
2021-09-20,139.949060424486,284.759390060529,167.7865,26.55,81.4560449140148,40.7,377.528713488093,21.0712557879859
2021-09-21,140.428807448468,285.243181073204,167.1815,26.62,82.1650159443677,42.29,377.161018264807,21.2039928229787
2021-09-22,142.798170301604,288.900641129027,169.0025,27.43,83.6018638992163,46.88,380.800258167072,21.8976186825273
2021-09-23,143.757664349568,289.84887151387,170.8,28.77,84.5282527122108,45.94,385.401162499469,22.4375490278738
2021-09-24,143.845781149891,289.645679288547,171.276,28.56,85.0198059599222,44.91,386.042272119557,22.0373418772565
2021-09-27,142.328214033213,284.633604397233,170.29,27.47,86.0596301377731,44.76,384.948614532348,21.6171742702494
2021-09-28,138.940612598564,274.328855827255,165.798,25.34,85.5397180488476,44.62,377.25529909129,20.6580743407152
2021-09-29,139.841362112979,274.793295199423,165.056,24.52,86.2581420262719,43.13,377.847759804913,20.4764341875672
2021-09-30,138.539191619314,272.780724586695,164.252,24.04,82.3635278328665,42.08,373.061524225348,20.6750407286466
2021-10-01,139.665128512333,279.727963528708,164.163,24.33,84.8307470184947,41.9,377.52615504265,20.7009893219535
2021-10-04,136.228573299727,273.932147196861,159.489,23.17,84.3770055590688,40.93,372.881803917025,19.6929862742641
2021-10-05,138.157352151246,279.398985640089,161.05,23.21,86.4850127559848,42.01,376.504586974284,20.4105646814806
2021-10-06,139.028729398887,283.607967450362,163.1005,23.58,86.3432185499143,42.06,378.178823530772,20.6590723635347
2021-10-07,140.291736870187,285.291560174471,165.1215,23.73,87.2601544158374,41.84,381.432707007788,21.0333309208451
2021-10-08,139.90989740212,285.291560174471,164.431,23.5,89.5288617129667,41.78,380.713825774494,20.7898133528885
2021-10-11,139.821780601796,284.691659318754,162.315,23.53,90.3825112048797,42.07,377.942349440873,20.6540822494372
2021-10-12,138.548982374905,283.385423584532,162.3665,23.69,90.6480910468082,40.53,377.185632353194,20.6301297017694
2021-10-13,137.961537039417,286.704229931482,164.214,24.13,91.4353455782391,40.52,378.39637969348,20.8975998173939
2021-10-14,140.751902382986,292.935458174737,164.993,24.35,90.3730262105252,40.93,384.752803229976,21.7030042327259
2021-10-15,141.809303986865,294.348127931748,170.451,24.0,90.4204511822981,41.03,387.751294689901,21.8187748797872
2021-10-18,143.483523193007,297.328280569826,172.337,24.26,91.5396805161396,40.65,388.933665139398,22.1780630948052
2021-10-19,145.647280178722,298.237807673655,172.2075,24.69,92.061355205642,41.7,391.960533490111,22.2459286465309
2021-10-20,146.136817958295,297.444390412868,170.753,24.22,91.6629854427493,41.83,393.483426629064,22.0592983792854
2021-10-21,146.352214581308,300.685790197791,171.7505,24.78,91.3404956346932,41.28,394.448240915853,22.6471338199676
2021-10-22,145.578744889581,299.137658957231,166.7775,24.43,93.1900695338381,39.59,394.050964444822,22.6810665958304
2021-10-25,145.529791111624,298.14104947112,166.0185,25.41,92.8486097370729,39.01,396.094100581553,23.120196636408
2021-10-26,146.195562491844,300.056861881314,168.8035,25.52,91.9854752508053,39.57,396.472459125392,24.6681300294438
2021-10-27,145.735396979045,312.693483132386,169.6245,25.06,91.0844007871193,35.44,394.750927750925,24.4026559594583
2021-10-28,149.377558059072,313.835229922299,172.3285,25.64,91.2741006742111,35.47,398.610184898083,24.8916871410106
2021-10-29,146.665518760235,320.869551246594,168.6215,25.88,90.999035837928,34.97,399.319607167782,25.5164494260141
2021-11-01,145.843095290551,318.692491689556,165.9055,26.56,89.5193767186121,34.85,400.161454927824,25.7759353590827
2021-11-02,146.880915383247,322.330600104872,165.6375,25.92,90.9326408774459,34.99,401.712724957564,26.3488004574725
2021-11-03,148.320156455193,323.172396466927,169.2,26.12,91.1982207193744,37.04,404.134219638134,26.5454109529129
2021-11-04,147.801246408845,325.533296608781,173.85,26.47,90.7050010129358,37.07,406.02601235733,29.7420780437535
2021-11-05,148.329947210785,325.165615439148,175.9495,26.0,90.0600213968237,37.01,407.407021042342,29.6931749255983
2021-11-08,147.506327726008,326.065466722724,174.449,26.75,90.2402362895609,37.98,407.898887149333,30.7430949317064
2021-11-09,147.869112499064,325.05918141636,178.8115,24.25,89.7185616000585,36.7,406.470583646341,30.5963855772408
2021-11-10,145.035469271677,320.076133985807,174.1025,22.52,88.9977020291097,34.49,403.197782242132,29.4007542394864
2021-11-11,144.986444302345,321.653292687127,173.625,22.99,89.1968869105561,34.17,403.330207732476,30.3299134844357
2021-11-12,147.06510300202,325.804219575879,176.2575,22.83,88.7226371928267,35.21,406.328699192401,30.3299134844357
2021-11-15,147.074907995886,325.175291259402,177.284,23.41,89.1779169218469,34.96,406.51787846432,29.9656351553203
2021-11-16,148.055407382526,328.503773426606,177.035,23.13,90.6860310242266,33.87,408.069148494061,30.1432832171903
2021-11-17,150.496850855257,328.726317292436,177.45,22.49,90.4204511822981,32.88,407.085416280079,29.2031457212265
2021-11-18,154.791438168737,330.810421981569,184.803,21.5,89.7849565605406,30.53,408.49480185588,31.6123728074861
2021-11-19,157.41917652493,332.59402785506,183.8285,21.41,89.130491950074,28.99,407.728625804606,32.9197827010238
2021-11-22,157.880011236651,329.414556515359,178.6285,20.65,89.7375315887677,27.84,406.650303954664,31.892817219764
2021-11-23,158.26240599744,327.330451826226,179.002,20.59,88.1535375315513,27.65,407.180005916039,31.6832324276702
2021-11-24,158.782070672359,327.553402560413,179.0205,21.11,88.760577170245,27.98,408.182656057212,32.609397604161
2021-11-26,153.7521088189,319.575643680616,175.228,21.03,87.5749528759214,27.92,399.30068924059,31.440712882533
2021-11-29,157.115221715072,326.312633257115,178.0785,21.07,88.1535375315513,27.07,404.124760674538,33.3100096234461
2021-11-30,162.076548611467,320.457753107179,175.3535,20.65,86.0668387735417,25.94,396.387328453029,32.6113936498
2021-12-01,161.556883936548,319.963384087896,172.186,19.38,85.1278243324374,23.93,391.828107999767,31.3768394220854
2021-12-02,160.566579556042,319.391466987158,171.868,19.69,85.3554641969475,24.2,397.806172992425,32.066560943977
2021-12-03,158.684020733695,313.110072389213,169.4895,18.98,83.6955901848944,21.55,394.287438534722,30.636212259649
2021-12-06,162.0961585992,316.192608627093,171.3685,18.8,84.3595397897157,21.9,398.998002405518,29.9814259812686
2021-12-07,167.841885004906,324.655043015991,176.1645,19.46,85.412374163075,22.73,407.198923843231,32.3670040381728
2021-12-08,171.665832612799,324.703510566901,176.158,19.82,84.3595397897157,23.72,408.343458438344,31.7671159995957
2021-12-09,171.155972931746,322.890824162864,174.171,19.21,84.1982948856876,21.91,405.562523141127,30.4335878472844
2021-12-10,175.950614932412,332.041497774685,172.212,18.94,97.3444970611481,20.13,409.431239251881,30.1421281014199
2021-12-13,172.312962207981,328.997735577533,169.5675,18.4,95.6941080434496,19.7,405.798997231026,28.108896929071
2021-12-14,170.930458072819,318.276713316226,169.0915,18.64,94.7456086079907,19.13,403.036979861001,28.2845712964414
2021-12-15,175.803540024416,324.393318241076,173.315,18.86,98.3119664853162,19.5,409.336649615922,30.4026452030316
2021-12-16,168.900824342476,314.942145813613,168.871,18.34,97.9041117280689,18.14,405.638194849894,28.3344787871716
2021-12-17,167.80266502944,313.875859693592,170.0175,19.06,91.6440154540401,19.1,401.428956049685,27.7495629958135
2021-12-20,166.439770882012,310.105084232789,167.079,17.96,86.9204882654547,18.03,397.087291759131,27.6677147110159
2021-12-21,169.616588894723,317.258894747115,170.417,18.9,86.7971833388451,18.93,404.108585846789,29.0212058596193
2021-12-22,172.214912269317,322.987759264684,171.037,18.88,85.2321592703378,18.38,408.190586643475,29.3456045493657
2021-12-23,172.842431876766,324.432092281804,171.0685,18.93,85.0993693493736,18.9,410.706238297246,29.5851605048707
2021-12-27,176.813454392655,331.954256183047,169.6695,18.94,84.928639450991,18.44,416.563434789235,30.8877460129293
2021-12-28,175.79373503055,330.791034961205,170.661,18.57,84.0844749534326,17.45,416.250164960652,30.2658986784308
2021-12-29,175.881979975347,331.469580673946,169.201,18.17,83.6671352018306,17.11,416.753295291407,29.9454925879429
2021-12-30,174.724990699113,328.920187496077,168.6445,18.69,83.4774353147389,18.2,415.576160177944,29.5312604148821
2021-12-31,174.10727608553,326.012134441473,166.717,18.21,82.7186357663717,17.76,414.436997164915,29.3565841973263
2022-01-03,178.460693362209,324.490253342896,170.4045,18.53,83.3731003768384,18.44,416.981127894012,30.0652705656954
2022-01-04,176.195739779072,318.926178498421,167.522,18.17,84.2646898461698,17.4,416.810253442058,29.2358080697592
2022-01-05,171.508952710936,306.683275138538,164.357,16.96,82.0072611897775,15.98,408.826619325749,27.5529274823364
2022-01-06,168.64589450195,304.259897593035,163.254,16.74,82.1969610768693,15.58,408.276023869452,28.1258654759193
2022-01-07,168.812579397678,304.414993755947,162.554,16.56,83.3108184368408,15.89,406.861563128275,27.1965879985227
2022-01-10,168.832189385411,304.637944490133,161.486,16.5,84.9958846993618,15.61,406.329953722195,27.3493049201571
2022-01-11,171.665832612799,305.326183713056,165.362,16.89,84.2342728292958,16.41,409.889838137909,27.7655333928471
2022-01-12,172.107057336786,308.515348562939,165.207,16.72,84.0724303069068,16.25,411.114438376915,27.9471966591051
2022-01-13,168.832189385411,295.458190347767,161.214,16.01,83.5773825913639,15.3,405.447102387098,26.5258313231086
2022-01-14,169.695028845654,300.692685846054,162.138,16.01,83.4821811076056,15.17,405.570511713509,26.8921523050684
2022-01-18,166.488795851343,293.374085658634,158.9175,14.97,81.4448693551792,14.4,398.460235907189,25.8550746476945
2022-01-19,162.988413041041,294.033244351011,156.299,14.56,79.3789971576252,13.89,394.273811834309,25.0206214026854
2022-01-20,161.301954096022,292.356267089522,151.6675,14.62,78.7506673648208,13.69,389.935499359691,24.1053180226933
2022-01-21,159.242905384079,286.956981918141,142.643,13.53,78.2746599460296,12.98,382.274628097074,23.3307537665603
2022-01-24,158.468310868634,287.286561264329,144.544,13.4,78.4650629135461,13.12,383.869456315314,23.3287574669311
2022-01-25,156.664191997218,279.648075240903,139.986,13.06,77.1798428828098,13.05,379.208380987005,22.2826964612259
2022-01-26,156.575947052421,287.616140610518,138.8725,12.75,75.7708609231877,12.41,378.354008727234,22.7298675781686
2022-01-27,156.1151123407,290.650209297488,139.6375,12.28,75.9517437423284,11.61,376.436417655303,21.9033995316762
2022-01-28,167.008460526262,298.812144870743,143.978,12.71,76.6181541286361,12.73,385.663638060834,22.7977417655617
2022-01-31,171.371682796807,301.448779640251,149.5735,13.71,77.2655242181922,14.15,392.716955716503,24.4406963604003
2022-02-01,171.204997901078,299.296820379844,151.1935,14.2,77.1512824376823,14.65,395.280072495817,24.5924151322201
2022-02-02,172.411012146645,303.85277016539,150.6125,13.32,78.5412241005527,14.02,399.04880346392,25.1952976202411
2022-02-03,169.528343949925,292.016994233152,138.8455,12.45,78.0080957915065,14.15,389.774117932846,23.9036917601432
2022-02-04,169.2439991278,296.563250508516,157.6395,12.94,78.1699383138955,15.18,391.6062717788,24.2740053413614
2022-02-07,168.527321133929,291.726188927691,157.9355,12.98,76.8656779864076,13.91,390.315220364034,24.6822486155345
2022-02-08,171.639470778544,295.225546103398,161.4135,13.15,76.9132787282867,13.38,393.476397725189,25.0615455450842
2022-02-09,173.063009259519,301.671730374437,161.1895,13.87,79.445638196256,13.91,399.2481569912,26.6555907990072
2022-02-10,168.978926445135,293.112360883719,159.0035,13.56,77.9224144561241,13.52,392.232811435966,25.7762208123408
2022-02-11,165.562434090795,285.997324410122,153.2935,13.13,75.9231832972009,13.32,384.410558746503,23.9046899099578
2022-02-14,165.798054253163,285.958550369393,155.167,13.26,75.161571427135,13.35,383.157479432171,24.222101551002
2022-02-15,169.636699398414,291.260900438955,156.5105,14.17,75.9422235939526,13.67,389.308959702526,26.4459793379403
2022-02-16,169.401079236045,290.921627582584,158.1005,13.97,75.3900549881548,13.51,389.774117932846,26.461949734974
2022-02-17,165.798054253163,282.402820658046,154.6525,11.77,71.905680682603,12.25,381.486707013063,24.461657506507
2022-02-18,164.246888184239,279.683019131397,152.6015,11.02,70.9917464385238,11.81,379.04699956016,23.5982579168743
2022-02-22,161.321271168166,279.479034016899,150.1975,10.48,70.5633397616117,11.31,374.898547587714,23.346724163594
2022-02-23,157.148830792893,272.242419240637,144.827,10.43,68.9925152796007,10.86,368.149006735519,22.3455798995459
2022-02-24,159.770105099241,286.152261334068,151.358,11.83,71.2202299995436,11.51,373.806849700228,23.7040617972223
2022-02-25,161.841599026729,288.79435424567,153.7885,11.47,72.6863328494206,11.61,381.9708512936,24.1123050713955
2022-02-28,162.106671709393,290.231963624041,153.563,11.85,72.3245672111393,12.01,381.012055757634,24.3398832291253
2022-03-01,160.221710410447,286.50195010178,151.142,12.18,72.3626478046425,11.77,375.297254642274,23.4335631974646
2022-03-02,163.520392683603,291.591864387366,152.0525,12.06,74.5237214859547,11.49,382.189190871097,24.179181108974
2022-03-03,163.196414960347,287.444167059227,147.8985,11.34,74.4951610408273,11.38,380.271599799165,23.6740338900995
2022-03-04,160.192257890151,281.557739469409,145.641,10.96,72.8196149266821,10.96,377.195859663988,22.8973450832133
2022-03-07,156.392882771962,270.921372784837,137.453,11.11,70.7537427291282,11.42,366.060541211634,21.3160146589105
2022-03-08,154.566826513607,267.949018259285,136.0145,11.04,69.8112480399216,11.75,363.298070905039,21.4777416341233
2022-03-09,159.976272741313,280.236693013608,139.279,11.65,72.448329140025,12.42,372.980956515782,22.9752136268343
2022-03-10,155.627117244265,277.41004214127,146.8175,11.87,72.9719373006953,12.05,371.319677121782,22.6198136072309
2022-03-11,151.906282180199,272.04814770302,145.5245,11.39,74.0857946606668,11.02,366.582657592605,22.0627540259424
2022-03-14,147.871286899641,268.522119295257,141.853,10.5,73.37178353248,10.65,363.905624511988,21.2940517363507
2022-03-15,152.259712423751,278.925360134688,147.3665,10.77,76.732395909146,11.04,371.889258628297,22.9342827257002
2022-03-16,156.677590468157,285.957989796451,153.104,11.79,76.1231064130933,12.78,380.205148623405,24.4547159556328
2022-03-17,157.688793664988,286.764216677564,157.239,12.32,76.732395909146,13.39,384.856730926606,24.7242609143208
2022-03-18,160.987475938144,291.824990232507,161.2505,12.82,77.7605719337351,13.44,389.109606175246,26.4084177487898
2022-03-21,162.361926885292,290.591365968634,161.4915,12.59,77.0751212506757,13.05,389.128592225463,26.6889441687576
2022-03-22,165.739149212571,295.351018640269,164.889,13.27,77.874813714245,13.42,393.647272177143,26.4792980897781
2022-03-23,167.103782652954,290.911914005703,163.408,13.18,76.5324727932537,13.08,388.577996769166,25.5907980407696
2022-03-24,170.893340264378,295.389872947793,163.6495,13.39,78.2937002427813,12.96,394.33428240425,28.1025577298769
2022-03-25,171.531478204125,294.981902718795,164.7735,12.97,77.8081726756142,12.39,396.334432138681,27.6453296147691
2022-03-28,172.395418799476,301.800833689178,168.9905,13.42,79.5884404218934,12.81,399.067970109069,28.1714414415416
2022-03-29,175.694101072632,306.375928400077,169.315,14.2,80.2453306598253,15.91,404.11596705787,28.6077049487514
2022-03-30,174.525817767556,304.870323983539,166.301,13.88,79.3599568608736,14.56,401.601493106015,27.6433329854455
2022-03-31,171.423485629707,299.479288814646,162.9975,13.73,78.7601875131967,13.51,395.429602496915,27.2400138620753
2022-04-01,171.128960426746,300.557495848425,163.56,13.83,78.0747368301373,13.5,396.524922589579,26.6669812461979
2022-04-04,175.183590720834,305.948531017318,168.3465,14.63,80.0358873955571,13.83,399.887079047931,27.313889147049
2022-04-05,171.865273434147,301.975678073034,164.055,13.89,78.960110629089,13.03,394.943851847124,25.8872974953263
2022-04-06,168.69421874894,290.921627582584,158.756,13.0,78.1794584622714,12.51,390.943552378263,24.3658659507319
2022-04-07,168.998561458666,292.73806645931,157.7845,12.84,77.9319346044999,12.07,392.915128545059,24.1672013330323
2022-04-08,166.98597257177,288.46409263172,154.4605,12.7,77.358484018742,11.24,391.962676290568,23.0800366663241
2022-04-11,162.72517463561,277.0894941042,151.122,12.66,76.2306978667515,11.35,385.17169171605,21.8800624428317
2022-04-12,164.600318427791,273.981149502316,150.7875,12.46,75.8197249469583,11.43,383.762062379403,21.4677584875052
2022-04-13,167.290315281496,279.38189824809,155.541,12.9,76.2211403569888,11.89,388.095720137336,22.1655804361086
2022-04-14,162.273569324404,271.815021857878,151.7065,12.42,75.9344150641099,11.38,383.381081477607,21.2221730807006
2022-04-18,162.057584175566,272.48525866266,152.785,12.15,74.7588413633062,10.99,383.447753135421,21.7462882781495
2022-04-19,164.345063251892,277.128348411724,158.1155,12.91,76.0395476714988,11.56,389.572021131797,22.1605888627995
2022-04-20,164.178165636881,278.157987561098,153.998,12.79,76.737245884171,10.71,389.276760932905,21.4457955649455
2022-04-21,163.382947588888,272.766952392205,148.296,12.33,75.9630875933978,10.44,383.504900270691,20.1489848192577
2022-04-22,158.837441956533,266.181147266964,144.35,11.96,72.8377819010172,10.26,373.037449993838,19.4821106251704
2022-04-25,159.907550193956,272.679530200277,146.074,12.11,73.5737101527398,10.39,375.075697818448,19.8684583992898
2022-04-26,153.938506080625,262.480274475345,139.391,11.12,71.2130052413698,10.0,364.351085432882,18.7563358660365
2022-04-27,153.712703425022,275.107924420499,138.167,10.56,71.4519429854356,9.51,365.294013164828,18.3839644971823
2022-04-28,160.653680708122,281.334327201148,144.5965,10.95,72.7708793326787,10.09,374.447079330484,19.748660639873
2022-04-29,154.77299415568,269.571185598393,124.2815,10.4,70.1521216577176,9.805,360.693668775638,18.5157420325409
2022-05-02,155.077336865405,276.32212153061,124.5,10.74,70.7255722434755,10.48,362.960505141326,19.5000802890829
2022-05-03,156.569597893738,273.709169349651,124.2535,10.55,70.0469890503287,10.1,364.532051361236,19.5689640007476
2022-05-04,162.990247318274,281.674302391979,125.9285,10.98,71.882030924754,10.9,375.590022035873,20.2997303331906
2022-05-05,153.909053560329,269.406054791418,116.407,10.12,69.5786710719597,10.61,362.398558311176,18.8122414870977
2022-05-06,154.635549060965,266.861097648626,114.7725,9.48,69.2823882693181,10.12,360.122197422943,18.6435263092522
2022-05-09,149.50331631619,257.001817114525,108.789,7.46,68.3744248418681,9.5,348.502279918157,16.9214335176346
2022-05-10,151.912122872645,261.780896939921,108.859,7.29,69.3206183083687,9.27,349.397585037378,17.5653464745003
2022-05-11,144.036800212559,253.087245631527,105.372,6.71,67.8869918439739,8.15,343.768592213338,16.6019728258562
2022-05-12,140.163045995239,248.036185653465,106.9305,7.34,67.6002665510949,8.56,343.50190558208,16.1477396547339
2022-05-13,144.6365438858,253.640919513738,113.055,8.34,68.0207969806507,10.69,351.607274267796,17.6761594019609
2022-05-16,143.092941316969,254.010035435211,110.8105,8.04,66.6254005553065,10.11,350.350037291869,17.2349043214421
2022-05-17,146.730730810392,259.177658335844,115.3685,8.36,68.6993801737976,10.06,357.36008588492,18.1463656076722
2022-05-18,138.45230174698,247.404803156208,107.1125,8.01,65.2777916787754,9.73,343.206645383188,16.9094537416929
2022-05-19,135.040645113959,246.489498862415,107.319,8.31,64.0735454486838,10.21,340.911235449866,17.095140268789
2022-05-20,135.276609837857,245.924736638586,107.591,8.08,65.5931895009422,10.08,340.99695615277,16.6658649642119
2022-05-23,140.703798487504,253.802195933035,107.557,8.01,66.9407983774733,10.06,347.464106960762,16.8695211552206
2022-05-24,138.000036026176,252.799256121752,104.1,7.55,65.9754898914475,9.11,344.959157531451,16.1267750468359
2022-05-25,138.157345842108,255.623067240899,106.775,7.96,66.7400906724581,9.23,347.835563340013,16.9463913841797
2022-05-26,141.362533341719,258.914267786664,111.0775,8.36,68.4891149590197,9.28,354.750366707616,17.820915027923
2022-05-27,147.124005350221,266.061431102024,115.1465,8.85,69.5595560524344,10.38,363.646270764559,18.779297103258
2022-05-31,146.337456270562,264.72742378022,120.2095,8.68,68.7376102128481,10.06,361.627071985039,18.6405313652668
2022-06-01,146.209642045118,265.262974164886,121.684,8.46,68.4317699004439,9.37,358.598273815758,18.2891246043106
2022-06-02,148.667607919052,267.366226584664,125.511,9.3,69.9036264038892,9.7,365.408307435367,19.5589808541296
2022-06-03,142.935631501037,262.926027031798,122.35,8.94,68.6133625859339,9.17,359.49357893498,18.6884504690336
2022-06-06,143.682853126713,261.689392507206,124.79,8.98,69.7411487379244,9.11,360.474604757105,18.7543392367128
2022-06-07,146.209642045118,265.340872402655,123.0,9.13,69.4735384645708,8.72,363.998678098721,18.8941032893659
2022-06-08,145.472252282937,263.305780940925,121.18,9.18,68.221504685666,8.38,360.017427674949,18.6205650720307
2022-06-09,140.241700903205,257.833429737611,116.15,8.68,66.1570825769375,8.03,351.550127132527,18.0214477917208
2022-06-10,134.824344117053,246.343439666597,109.65,8.26,64.1691205463101,7.81,341.235069216392,16.9490278599661
2022-06-13,129.662615781791,235.895338525751,103.67,7.64,61.2158500296569,7.23,328.081703581875,15.6239801416808
2022-06-14,130.527819769416,238.066751903579,102.31,7.82,67.5907090413323,7.23,327.262594643013,15.8127020849784
2022-06-15,133.152927322778,245.14575426089,107.67,8.12,66.6158430455438,7.05,331.948659735108,16.5026854861353
2022-06-16,127.873216625566,238.534141330196,103.66,7.67,65.6696495790433,6.89,321.043081421189,15.5780478168571
2022-06-17,129.347996149927,241.143732295477,106.22,8.24,64.7234561125427,7.19,321.881239405141,15.8566373522011
2022-06-21,133.58552931659,247.073735645687,108.68,8.71,64.6852260734922,7.55,329.767544072324,16.5416281093554
2022-06-22,133.074272414812,246.479761582694,108.95,9.01,63.5861124507896,7.49,329.072253926546,16.335931176449
2022-06-23,135.945176555567,252.059222862941,112.44,9.46,64.6374385246791,7.98,332.529655610347,16.2011297883793
2022-06-24,139.278178280622,260.66697813648,116.46,10.19,67.571594021807,8.0,342.882811616661,17.1008042376446
2022-06-27,139.278178280622,257.930802534823,113.22,9.62,67.2944262386907,9.12,341.597001073099,16.8441823359119
2022-06-28,135.129131885421,249.741750289295,107.4,9.31,65.5454019521291,8.865,334.215496100796,15.9584872898538
2022-06-29,136.889035451158,253.422442023908,108.92,9.23,66.1475250671749,8.47,334.379413133794,15.5191346176266
2022-06-30,134.421237713728,250.082555079537,106.21,9.07,66.7783207115086,8.22,331.739877668031,15.1366980870288
2022-07-01,136.594079546286,252.760307002867,109.56,9.27,67.7340716877718,8.18,335.144495877493,14.5016337699003
2022-07-05,139.179859645665,255.944397471699,113.5,10.07,68.8045127811865,8.4,335.73743500386,14.9419849709281
2022-07-06,140.516993081085,259.216123458021,114.33,9.8,68.4891149590197,8.63,336.952003859483,15.1077407518138
2022-07-07,143.889322260123,261.348587716964,116.33,10.18,68.6515926249844,9.02,341.89635109064,15.8346697185898
2022-07-08,144.567720841329,260.628029017595,115.54,10.17,68.6898226640349,9.0,341.695516870418,15.8146991425794
2022-07-11,142.434206462754,257.560785905418,111.75,9.56,68.7089376835602,8.34,337.831849014737,15.1297083854252
2022-07-12,143.407560948832,247.005574687639,109.22,9.49,67.5953095193443,8.4,334.714136834162,15.059811369389
2022-07-13,143.04378199949,246.080533114125,110.4,9.28,67.2305002931357,8.36,333.155280743875,15.1416907310314
2022-07-14,145.97367732122,247.404803156208,110.63,8.9,66.6736862110278,8.24,332.27543558862,15.3493847215388
2022-07-15,147.645094115495,249.975445002604,113.55,9.04,67.9121175315781,8.41,338.558677621251,15.7388109537402
2022-07-18,144.597216431817,247.570336911468,113.76,9.03,67.403304663445,8.62,335.756562072452,16.0773122171153
2022-07-19,148.461138785642,252.711620604261,118.21,9.34,69.3521539508228,9.03,344.870610256771,16.9670013783754
2022-07-20,150.466838938772,255.379635247869,122.77,10.11,69.6881624486466,9.41,347.079786679203,17.7808023507963
2022-07-21,152.737999406287,257.882116136217,124.63,10.49,71.5602097936646,9.41,350.589603765923,18.0234448493218
2022-07-22,151.499184605824,253.51981482112,122.42,9.84,71.9058185342834,9.08,347.395383310979,17.2935202961443
2022-07-25,150.37835216731,252.030011023777,121.14,9.68,71.8674175631035,8.89,347.739670545643,16.998954299992
2022-07-26,149.051050595386,245.282076176987,114.81,9.4,71.0705974111214,8.43,343.569969592482,16.5086766589384
2022-07-27,154.153787749674,261.679655227485,120.97,10.02,72.8370420853949,8.9,352.569255365245,17.7638273611875
2022-07-28,154.704372105435,269.148148773644,122.28,10.13,73.9602704924057,9.11,357.025862347294,17.9575419484877
2022-07-29,159.777613669236,273.364390892923,134.95,10.35,74.7282899160029,9.05,362.257115607338,18.1362786037802
2022-08-01,158.794427319662,270.706113529035,135.39,10.47,74.3442802042043,9.04,361.166872697566,18.4138696103238
2022-08-02,157.319647795301,267.599921297973,134.16,10.92,73.2978537395532,9.23,358.833370329284,18.4987445583677
2022-08-03,163.336748254693,275.04894028469,139.52,11.2,74.2770785046396,10.31,364.437601426881,18.8652046281572
2022-08-04,163.022128622829,276.197939291791,142.57,11.32,74.3058792330245,10.88,364.150695397994,19.1867309019235
2022-08-05,162.795995762427,275.477380592423,140.8,11.45,74.2578780190496,10.4,363.395176188591,18.9610633930068
2022-08-08,162.32340986605,272.955425144632,139.41,9.82,73.4130566530928,10.68,363.070016022519,17.7668229475891
2022-08-09,162.372637563589,274.88340652943,137.83,9.25,73.7010639369417,10.1,361.635485878082,17.060863085624
2022-08-10,166.625910630984,281.563180418172,142.69,9.59,74.440282632154,10.58,369.209805040706,18.0703757029461
2022-08-11,165.887495167895,279.479402557835,140.64,9.42,74.0754734059453,10.51,369.209805040706,17.915603738866
2022-08-12,169.441734930231,284.240932341501,143.55,9.91,75.9859217221432,10.93,375.531301210521,18.6814753288622
2022-08-15,170.514898736588,285.759947978008,143.18,9.91,75.9475207509634,11.01,377.13797497229,19.004000131429
2022-08-16,170.357370104462,285.019914719197,144.78,9.74,76.3411307055569,10.9,377.797858838731,18.85122522495
2022-08-17,171.853892109656,284.270144180665,142.1,9.43,76.0819241500929,10.42,375.215704578745,18.308025557469
2022-08-18,171.460070529342,283.147973832567,142.3,9.15,76.1491258496576,10.17,376.372892228591,18.7453811720952
2022-08-19,168.870693638776,279.22525661574,138.23,8.51,75.51550982519,9.26,371.179893105732,17.822740560418
2022-08-22,164.981705533172,271.028534073114,133.22,8.07,73.4034564102978,9.04,363.356922051406,17.0089395879971
2022-08-23,164.646957189905,269.750235676586,133.62,8.01,73.355455196323,9.18,362.496203964744,17.155723321673
2022-08-24,164.94232337514,269.115965479835,133.8,8.1,73.1250493692438,9.32,363.596010408812,17.1966630024942
2022-08-25,167.403708252105,272.101914406077,137.28,8.42,73.8162668504813,9.81,368.89420840893,17.8866464036511
2022-08-26,161.092717427568,261.602303149095,130.75,7.94,71.6658124644092,9.38,356.251216069298,16.2360782963974
2022-08-29,158.887316577808,258.811514283392,129.79,7.81,71.2242012958409,9.38,353.898586632423,15.7777535769603
2022-08-30,156.455468319367,256.606205599305,128.73,7.79,71.1762000818661,9.47,350.054045845334,15.4452434863884
2022-08-31,154.791572142539,255.142505145264,126.77,7.72,71.185800324661,9.55,347.299747968016,15.0717937149952
2022-09-01,155.52014206612,254.098398821382,127.82,7.49,72.2898282460819,9.63,348.370863809195,13.9164958927977
2022-09-02,153.403351071931,249.863425507693,127.51,7.4,71.6946131927941,9.45,344.717593708031,13.6269225406479
2022-09-06,152.143122014925,247.121426657124,126.11,7.28,70.8785925552222,9.57,343.560406058186,13.4451902989539
2022-09-07,153.551034164549,251.84430012216,129.48,7.39,71.5122085796898,9.85,349.719322144965,13.6978180854846
2022-09-08,152.07420323837,252.263894252319,129.82,7.53,71.6658124644092,10.1,352.005006841767,13.9734924176702
2022-09-09,154.939255235157,258.060148050318,133.27,7.79,72.8754430565748,10.6,357.437094322032,14.3700239751981
2022-09-12,160.905652176919,260.197150713217,136.45,8.01,73.9986714635856,11.01,361.367706917788,14.4878847404079
2022-09-13,151.463779788883,245.89191827573,126.82,7.48,73.0002462129093,10.41,345.607002397581,13.1155059997446
2022-09-14,152.911074096538,246.11635234535,128.55,7.63,69.2369510372832,10.78,346.898079527574,13.1125095396122
2022-09-15,150.016485481228,239.441878274926,126.28,8.01,67.4321053918299,11.25,343.024848137596,12.9137443508262
2022-09-16,148.372280383416,238.817366081202,123.53,7.78,66.07847115774,10.25,340.327931466056,13.1824269427028
2022-09-19,152.093894317386,238.60269001461,124.66,7.86,66.3088769848191,10.26,342.93877632893,13.3662098308265
2022-09-20,154.476514878288,236.582783388034,122.19,7.62,65.3872536765025,9.94,339.075108473248,13.1604529017314
2022-09-21,151.345633314789,233.167482328607,118.54,7.69,64.0816206563874,9.92,333.107463072393,13.2453526054843
2022-09-22,150.380770443019,235.148356943075,117.31,7.37,63.3904031751499,9.65,330.295783989298,12.5461785745787
2022-09-23,148.106450816704,232.162408016833,113.78,7.4,61.9695672414952,9.44,324.806315303256,12.5012316725919
2022-09-26,148.441199159971,231.703781874567,115.15,7.53,60.9135405340491,9.24,321.659912519792,12.2135714998764
2022-09-27,149.415907571249,230.688949559766,114.41,7.63,59.9247155261678,9.61,320.751376761649,12.3983532080443
2022-09-28,147.52556398574,235.236178970317,118.01,7.94,60.5487313078405,10.01,327.02429017724,12.7209720823051
2022-09-29,140.279246907957,231.752571889702,114.8,8.08,58.9454907610814,9.77,320.20488093071,12.2055809395232
2022-09-30,136.065355998594,227.263890497312,113.0,8.13,58.6286827488476,10.1,315.325641638827,12.124676515947
2022-10-03,140.249710289433,234.914164870429,115.88,8.24,60.5583315506354,10.1,323.662609562754,12.4972363924153
2022-10-04,143.843332209801,242.857179334353,121.09,8.46,63.0639949201211,10.82,333.48832175881,13.1514635213341
2022-10-05,144.138698395037,243.169435431215,120.95,8.42,63.9760179856428,10.76,332.912033653469,13.1934139631884
2022-10-06,143.183681062775,240.817756701724,120.3,8.47,62.6895854511175,11.17,329.406281012648,13.1145071797005
2022-10-07,137.926162965579,228.571462902921,114.56,8.15,60.7599366493297,10.8,320.156856921932,12.0617508531655
2022-10-10,138.251065769338,223.70221939248,113.67,8.06,60.0687191680922,10.52,317.765261284769,11.6562299152403
2022-10-11,136.833308080207,219.955146230138,112.21,8.04,60.2223230528117,10.44,315.671414502032,11.5723290315316
2022-10-12,136.203193551704,220.286918333053,112.9,8.07,61.5443000209634,10.66,314.691724722953,11.4864305077346
2022-10-13,140.781369422857,228.571462902921,112.53,8.08,62.9145243237193,10.63,322.932644629322,11.945887728044
2022-10-14,136.242575709735,223.028917183622,106.9,7.53,62.0557217677667,9.89,315.661809700276,11.2137526356815
2022-10-17,140.210328131402,231.781845898782,113.79,7.94,64.6707273033078,10.21,323.681819166265,11.8739726848652
2022-10-18,141.529630425455,232.728372192395,116.36,8.16,64.6803767702286,10.44,327.494925463268,11.9528794683531
2022-10-19,141.637931360041,230.757255580954,115.07,7.91,63.975965685009,10.11,325.228192248929,12.0367803520617
2022-10-20,141.175191003172,230.435241481065,115.25,8.04,66.8225584266497,9.83,322.558057360851,12.1796116183753
2022-10-21,144.995260332221,236.260769288146,119.32,8.29,70.1516245143312,10.14,330.309132377681,12.4512906703843
2022-10-24,147.141587944934,241.266624840963,119.82,8.27,70.3639127865891,10.21,334.333544313309,12.5841337362564
2022-10-25,149.986948862704,244.594103873148,120.6,8.66,70.5762010588471,10.83,339.769862107021,13.2453526054843
2022-10-26,147.043132549855,225.722126019056,115.66,8.57,72.1973115015441,11.08,337.234194443523,12.8807832893692
2022-10-27,142.56341207378,221.262718635747,110.96,8.6,72.5157439099311,11.16,335.428491713456,13.1604529017314
2022-10-28,153.334432295376,230.162017396311,103.41,8.64,74.6482760994314,11.5,343.256405144332,13.8176764907827
2022-10-31,150.97150281349,226.512524264238,102.44,8.79,75.3333882508093,11.68,340.922438317702,13.4810741359039
2022-11-01,148.323052685876,222.648355065571,96.79,8.65,74.407039426411,11.92,339.548951666641,13.5270198579348
2022-11-02,142.78985948246,214.773646622835,92.12,8.22,72.4867955091686,11.4,330.885420483022,13.2034021636299
2022-11-03,136.734852685128,209.065214852078,89.3,8.08,72.3999503068813,12.33,327.360458238689,13.4051638125484
2022-11-04,136.469023118416,216.03242901331,90.98,7.93,73.3359485982004,12.28,332.153254314771,14.1392965449993
2022-11-07,137.001565917115,222.355614974763,90.53,7.02,74.0500091503408,12.03,335.342048497655,14.2841254514011
2022-11-08,137.573556330532,223.331415277457,89.98,7.21,72.988567789051,9.74,337.166960831233,14.5847702846905
2022-11-09,133.007494926873,219.076925957713,86.14,6.98,73.0078667228927,8.4,330.280317972414,13.7597449282219
2022-11-10,144.841779342403,237.099957548462,96.63,7.64,74.4649362279359,9.27,348.356554876595,15.7314156953757
2022-11-11,147.632698083732,241.130012798586,100.79,8.41,75.0149558424224,10.47,351.689421085815,16.3077348608507
2022-11-14,146.232307761228,235.70456311561,98.49,8.1,75.7772637291668,9.56,348.865609369646,16.2757726194379
2022-11-15,147.968002808839,236.114399242742,98.94,8.34,76.4044790790199,10.15,351.747049896349,16.6463348558179
2022-11-16,146.735264848888,236.543751375927,97.12,8.06,77.0895912303978,9.32,349.076915008271,15.8912269024398
2022-11-17,148.638612259052,236.494824111753,94.85,7.62,76.4237780128615,9.47,348.068410823925,15.6585018321527
2022-11-18,149.20074076879,236.044693281351,94.14,7.39,76.9351997596647,9.19,349.605179104833,15.3908180603203
2022-11-21,145.966036361878,236.856885866641,92.46,7.19,77.022044961952,8.85,348.375764480107,15.2989266162584
2022-11-22,148.106069460353,239.772950811415,93.2,7.22,79.2414223537397,9.09,353.014883728098,16.0190758680911
2022-11-23,148.983778887838,242.268241284292,94.13,7.37,79.6659988982556,9.46,355.223988131903,16.4995083093277
2022-11-25,146.064655398674,242.180172208779,93.41,7.28,79.8203903689887,9.39,355.185568924881,16.2508021183341
2022-11-28,142.228374867307,236.573107734431,93.95,7.16,78.5370112685201,9.19,349.56675989781,15.8083248387753
2022-11-29,139.220494245026,235.173787979053,92.42,7.08,78.0159400547961,9.18,348.952052585447,15.6205466704749
2022-11-30,145.985760169238,249.66604362741,96.54,7.5,80.1195238435339,9.59,359.690220948292,16.9070268873412
2022-12-01,146.261893472267,249.225698249844,95.5,7.86,81.1616662709821,9.87,359.738244957071,17.1188267868931
2022-12-02,145.768798288286,249.548618193393,94.13,7.66,80.428306785,9.99,359.219585662264,16.860071249233
2022-12-05,144.605093654092,244.832029927013,91.01,7.19,76.6457157520402,9.67,352.822787692984,16.5943223186632
2022-12-06,140.936465485278,239.861019886928,88.25,6.99,76.1439434721578,9.39,347.722637960721,15.9719103496971
2022-12-07,138.993670460395,239.127110924317,88.46,7.07,76.0185004021872,9.26,347.050301837823,16.104784814982
2022-12-08,140.680055989608,242.092103133265,90.35,7.12,77.2632816349724,9.52,349.787670338191,17.1527946953118
2022-12-09,140.196822709308,240.154583471973,89.09,7.11,77.0606428296353,9.31,347.232793071181,16.9849532654782
2022-12-12,142.494646266656,247.092469531855,90.55,7.29,78.4308671323912,9.58,352.18887077711,17.5184492388778
2022-12-13,143.461112827258,251.407854232007,92.49,7.5,77.7361055140924,9.35,354.791772052898,18.0549423806672
2022-12-14,141.232322595666,251.701417817052,91.58,7.35,78.9519383461152,9.09,352.649901261382,17.6573180409424
2022-12-15,134.614985226649,243.66756103967,88.45,7.01,77.2632816349724,8.67,343.976765276007,16.9359995151101
2022-12-16,132.652466394407,239.440245415031,87.86,6.9,76.7904577558525,8.61,339.875514926334,16.5553591295947
2022-12-19,130.542019006971,235.291213413071,84.92,6.35,77.6782087125675,8.2,336.946050390853,16.2386583363969
2022-12-20,130.472985681214,236.61224954577,85.19,6.31,78.1027852570834,8.1,337.456737700202,16.0698178504334
2022-12-21,133.579485340291,239.185823641326,86.77,6.5,78.6431554046491,8.17,342.504064431612,16.4854252004974
2022-12-22,130.403952355457,233.079701072403,83.79,6.32,77.6685592456467,7.99,337.688354988068,15.324521977482
2022-12-23,130.039061919311,233.608115525483,85.25,6.29,78.0159400547961,7.95,339.579896172306,15.1916475121971
2022-12-27,128.234333545943,231.876090373721,83.04,6.0,78.1413831247667,7.7,338.228795326422,14.1076716111886
2022-12-28,124.29943397778,229.498225334862,81.82,6.07,77.5141677749137,7.7,334.078985585492,14.0227518401419
2022-12-29,127.8201335914,235.83919877182,84.18,6.4,78.546660735441,8.05,340.004527866726,14.5892166658302
2022-12-30,128.135714509147,234.674729884477,84.0,6.42,78.8747426107487,8.14,339.068407994935,14.6002062832597
2023-01-03,123.342829320858,234.439879016442,85.82,6.39,80.7853370610702,8.08,337.76556075069,14.3014885004012
2023-01-04,124.615014895527,224.184724445558,85.14,6.58,81.5186965470522,8.36,340.197542273281,14.7350788608046
2023-01-05,123.293519802459,217.54040197072,83.12,6.32,81.3546556093984,8.11,336.4820149471,14.2515356939031
2023-01-06,127.829995495079,220.104190613441,86.08,6.4,82.6573336437085,8.25,344.135036167001,14.8449750351004
2023-01-09,128.352676390098,222.247204784265,87.36,6.5,83.6994760711566,8.55,343.884117438479,15.6132491990409
2023-01-10,128.924666803516,223.940088124688,89.87,6.7,83.7769576504866,8.72,346.335400401726,15.8939839715601
2023-01-11,131.646552219087,230.711621486378,95.09,6.98,85.8108491078972,8.76,350.755430311832,15.9858971355166
2023-01-12,131.567656989651,233.392835563117,95.27,7.01,85.9851826613895,9.04,352.067928276406,16.495415761797
2023-01-13,132.899013986398,234.097388167223,98.12,6.96,86.3919609528717,9.32,353.438330562945,16.8830495402221
2023-01-17,134.062718620591,235.193358884722,96.05,7.07,85.8108491078972,9.52,352.897890224592,17.6852916125814
2023-01-18,133.34279965198,230.750763297718,95.46,6.9,83.9803467962276,9.31,347.165362349912,17.3605983703438
2023-01-19,133.401971074058,226.95400759781,93.68,6.73,83.234586595177,9.05,344.665825785026,16.7491760188073
2023-01-20,135.966066030756,235.06614799787,97.25,7.02,84.5033474567046,9.52,351.006349040354,17.8221623023861
2023-01-23,139.161322822949,237.375514866886,97.52,7.38,86.1692014122981,9.71,355.281618145544,19.1748843023542
2023-01-24,140.561713145453,236.847100413806,96.32,7.02,86.8762208236837,9.71,354.905240052762,19.2468163437114
2023-01-25,139.900965598919,235.447780658428,97.18,7.22,86.8181096391863,9.69,355.030699417023,19.3047615992492
2023-01-26,141.971965371637,242.679230303354,99.22,7.24,87.0021283900949,9.64,358.823432505826,19.7833094855009
2023-01-27,143.91476039652,242.835797548711,102.24,7.55,86.1885718071306,10.39,359.846408860567,20.3457780866693
2023-01-30,141.025222618395,237.502725753738,100.55,7.37,84.6001994308671,10.15,355.349173187838,19.1439135623254
2023-01-31,142.297408193064,242.493306699493,103.13,7.78,85.6752563440698,10.41,360.396499919248,19.518559611061
2023-02-01,143.421665212539,247.32732039989,105.15,8.2,87.2152027332522,10.78,364.343644533295,20.9232325297871
2023-02-02,148.737231295848,258.923082009143,112.91,8.99,86.566294506364,11.14,369.564684230604,21.6885095253377
2023-02-03,152.366411849944,252.807173987385,103.39,8.41,86.7987392443538,10.74,365.617539616557,21.0800843421911
2023-02-06,149.634664530692,251.261072439485,102.18,8.31,85.7430527259835,10.6,363.504031864781,21.0690947247615
2023-02-07,152.514340405138,261.819576048248,102.11,8.33,84.9779221301005,10.55,368.194281944065,22.15207156964
2023-02-08,149.822040700605,261.007383462958,100.05,8.22,83.9609764013951,10.47,364.160280847068,22.1840413657987
2023-02-09,148.786540814246,257.964107631332,98.24,7.95,83.9222356117302,10.08,361.043098181207,22.3159167749537
2023-02-10,149.151431250392,257.455264083921,97.61,7.51,84.396810285126,9.98,361.921313731032,21.2449286036348
2023-02-13,151.956477702621,265.498906314137,99.54,7.61,86.605035296029,9.92,366.100075632944,21.7674349596047
2023-02-14,151.314477634329,266.330669805096,99.7,9.22,86.285423781293,10.06,365.964965548356,22.9493183613494
2023-02-15,153.418262473501,264.207226539942,101.16,10.11,85.5590339750749,10.63,367.190607029979,22.7425137424473
2023-02-16,151.818200764835,257.17334188863,98.15,9.71,84.958551735268,10.34,362.085375976603,21.9812329714165
2023-02-17,150.672477566037,253.160986487812,97.2,9.2,84.5324030489534,10.35,361.149256104812,21.3678125076201
2023-02-21,146.652569446117,247.873310299447,94.58,8.47,83.4864017279993,9.9,353.978770901299,20.6355043643582
2023-02-22,147.077277183603,246.73533175056,95.79,8.36,83.6026240969942,9.95,353.534837766223,20.7344109212244
2023-02-23,147.561246465853,249.93344387933,95.82,8.17,85.7914787130647,10.09,355.310570306527,23.6416642594128
2023-02-24,144.904353875538,244.488805132498,93.5,8.09,85.8689602923946,9.59,351.508186497396,23.2640210422873
2023-02-27,146.099461694973,245.410960163493,93.76,8.03,85.1909964732578,9.72,352.724177258692,23.478818110229
2023-02-28,145.595738564467,244.685008330582,94.23,7.84,84.6486254179483,10.07,351.392377853464,23.19408711319
2023-03-01,143.521584497678,241.594807960759,92.17,7.69,83.6219944918267,9.73,350.108832049874,22.6765760378698
2023-03-02,144.114199945332,246.342925354392,92.13,7.97,84.2321619290499,9.62,352.724177258692,23.2919946139262
2023-03-03,149.171185098647,250.443572194348,94.9,8.33,86.4403869399529,9.9,358.311944328456,23.8674509447841
2023-03-06,151.936723854366,251.993577459212,93.75,8.28,86.9149616133487,9.72,358.746226743204,23.531768085117
2023-03-07,149.734169773918,249.325213965269,93.55,8.28,85.5784043699074,9.42,353.197062554752,23.2700153790671
2023-03-08,150.988539138119,248.88375676958,93.92,8.13,85.7043119363185,9.65,353.747153613433,24.1623257420655
2023-03-09,148.736600437034,247.5299547028,92.25,7.69,84.1353099548875,9.44,347.271520273517,23.417901083125
2023-03-10,146.672323294372,243.870765058533,90.73,7.35,81.4234546783399,9.01,342.291748584402,22.9472648222378
2023-03-13,148.618077347503,249.099580287472,92.43,7.87,82.2563816561367,8.99,341.712705364737,22.948264049968
2023-03-14,150.711985262547,255.839160141659,94.88,7.89,81.8980293517358,9.11,347.38732891745,24.0444168699111
2023-03-15,151.10706222765,260.400884497112,96.2,7.9,80.3677681599696,9.2,345.244869004691,24.2092894453812
2023-03-16,153.931862528134,270.956616554032,100.04,7.98,82.149844484558,9.31,351.15110984527,25.5212754550306
2023-03-17,153.092323977291,274.125298203089,98.95,7.88,82.5759931708726,9.19,347.310123154828,25.7051333573729
2023-03-20,155.462785767907,267.061983072065,97.71,8.08,84.2224767316336,8.8,350.446607261345,25.8799982101441
2023-03-21,157.31964750389,268.582557857216,100.61,8.45,84.8229589714406,9.34,355.030699417023,26.1787673014504
2023-03-22,155.887493505393,267.12084403149,98.7,8.21,85.1328852887603,8.93,349.143760017099,26.4475595608531
2023-03-23,156.973955159425,272.388899900046,98.71,8.33,85.0166629197654,8.57,349.973721965285,27.1700012097309
2023-03-24,158.277709144264,275.243656432168,98.13,8.2,85.239422460339,8.68,352.297036376986,26.7583193849209
2023-03-27,156.331955091133,271.133199432308,98.04,8.04,87.3023695099984,8.61,352.878448583572,26.5105109078507
2023-03-28,155.709708871096,270.005031043325,97.24,8.0,87.0214987849274,8.67,352.258275563214,26.3896043525061
2023-03-29,158.791309198897,275.184795472743,100.25,8.22,87.7672589859779,9.1,357.268110743291,26.9631610695957
2023-03-30,160.36174013518,278.65759207883,102.0,8.15,87.6607218143993,9.46,359.399955500771,27.3618529339142
2023-03-31,162.870478863582,282.826910038116,103.29,8.45,89.9948543917134,9.71,364.419480884292,27.755548659582
2023-04-03,164.124848227784,281.777222928366,102.41,8.38,90.9633741333375,9.76,365.863321197312,27.9434034728448
2023-04-04,163.591494324895,281.728172128845,103.95,8.35,91.0408557126675,9.76,363.799307863934,27.4317988750227
2023-04-05,161.74450951304,278.942086716052,101.1,7.98,91.9028382827129,9.75,362.917499350613,26.8602406133932
2023-04-06,162.633432684521,286.064262806502,102.06,8.09,92.9004136165858,10.01,364.303198442975,27.0161201392922
2023-04-10,160.035801638971,283.896217467674,102.17,8.39,91.1958188713273,9.98,364.700496784142,27.557701569018
2023-04-11,158.82093997128,277.460752570518,99.92,8.61,91.4000757182021,9.96,364.748947801357,27.1480181996682
2023-04-12,158.12955528235,278.108223124195,97.83,8.33,91.3319901025772,10.01,363.295417284894,26.4745387095664
2023-04-13,163.522355856002,284.337674663363,102.4,8.58,92.9368653280218,10.07,368.004856158235,26.4425634222025
2023-04-14,163.176663511537,280.707915498808,102.51,8.81,93.0924895923074,10.0,367.249020289674,26.7373356025883
2023-04-17,163.196417359792,283.317418033326,102.74,8.8,92.9757713940932,9.88,368.499056533833,26.9811471687379
2023-04-18,164.421155951611,282.895581157445,102.3,8.73,93.8317048476637,9.84,368.751001823353,27.6456336092686
2023-04-19,165.566879150408,282.974062436679,104.3,8.49,93.1897547574858,9.82,368.731621416467,27.9094297300207
2023-04-20,164.598940585907,280.678485019096,103.81,8.15,92.2365561387369,9.73,366.648227676203,27.0830683972103
2023-04-21,162.989001953113,280.335129422449,106.96,8.18,92.547804667308,9.64,366.861412151951,27.0980568131621
2023-04-24,163.295186601068,276.420875620672,106.21,8.1,92.8298736463255,9.4,367.345922324105,27.0211162779428
2023-04-25,161.754386437167,270.191424081505,102.57,7.74,91.4876143668627,9.09,361.541490461694,26.2207348661155
2023-04-26,161.74450951304,289.762693090386,104.98,7.74,91.1471862887381,8.82,359.932916690141,26.9351826931523
2023-04-27,166.337279232359,299.04310435976,109.82,7.82,92.4408129856117,8.82,367.074596627699,27.2049741802851
2023-04-28,167.59164859656,301.426973216481,105.45,7.75,92.1295644570406,8.85,370.21422254326,27.7275702831386
2023-05-01,167.502756279411,299.759246032767,102.05,7.78,92.2754622048083,8.82,369.96227725374,28.8876736778095
2023-05-02,166.465679246017,299.612093634204,103.63,7.59,92.2073765891834,8.46,365.814870180097,28.1882142667246
2023-05-03,165.389094516112,298.621267483879,103.65,7.56,92.1879235561477,8.38,363.266346674564,27.780529352835
2023-05-04,163.749525110936,299.612093634204,104.0,7.38,92.3727273699867,8.48,360.611230931158,27.5407146976059
2023-05-05,171.433772082183,304.752617424005,105.655,7.41,94.318030673556,8.85,367.229639882788,28.6578512998816
2023-05-08,171.36463361329,302.790585443165,105.83,7.74,94.1429533762348,8.91,367.433134155093,29.1284875607688
2023-05-09,169.655925739221,301.171909058972,106.62,9.55,93.5107298025748,9.11,365.843940790426,28.5489354772984
2023-05-10,171.418956695992,306.381103968102,110.19,9.94,94.8529890820376,9.07,367.442824358536,28.8626929845565
2023-05-11,171.611556716479,304.222868789178,112.18,9.88,94.7751769498948,9.65,366.929243576052,28.5559300714092
2023-05-12,170.683125848488,303.104510560099,110.26,9.5,95.1739641271265,8.74,366.435043200455,28.3181138716403
2023-05-15,170.188592830442,303.585208395405,111.2,9.52,94.6000996525736,8.65,367.7044598515,28.9306404702048
2023-05-16,170.188592830442,305.821924853563,113.4,9.47,95.5630247878403,8.35,365.272218787284,29.1904396800363
2023-05-17,170.801813772819,308.706111865398,115.5,10.25,97.041455298553,8.46,369.632810336674,30.1546944396035
2023-05-18,173.136009617998,313.149906851486,118.15,11.74,99.5411700436395,8.62,373.247256220947,31.6535360347856
2023-05-19,173.244806881968,312.972941564429,116.25,11.71,100.027495869532,8.47,372.656153810919,31.2398557545153
2023-05-22,172.295303487319,315.765060537989,115.01,11.84,98.9867586021223,8.76,372.859648083223,31.1519237142646
2023-05-23,169.684169152035,309.944868874794,114.99,12.64,95.8450937668579,8.68,368.692860602695,30.6643005819654
2023-05-24,169.961107642141,308.558640792851,116.75,12.23,95.6311104034653,8.6,365.931152621414,30.5144164224472
2023-05-25,171.098533583647,320.425146430479,115.0,12.84,101.43784076462,8.6,369.119229554191,37.9506691900106
2023-05-26,173.511854711713,327.277635601504,120.11,13.65,101.233583917745,8.82,373.91588025852,38.9159231773079
2023-05-30,175.361408199206,325.625959588976,121.66,14.71,102.274321185154,8.92,374.032162699837,40.0800234828993
2023-05-31,175.311954897401,322.853503425089,120.58,14.71,103.042715990064,8.92,371.997219976788,37.8047819414129
2023-06-01,178.120902439904,326.972862051573,122.77,14.54,103.091348572653,9.02,375.563214843846,39.7392868269279
2023-06-02,178.971499230943,329.74531821546,124.25,14.52,102.994083407475,9.34,381.076940602964,39.2966289424841
2023-06-05,177.616478761497,330.27621407663,125.3,15.24,104.005641125331,9.03,380.340485141289,39.1407494165852
2023-06-06,177.250524328143,328.054316583586,126.61,15.46,104.170991906134,9.12,381.125391620179,38.6241486801124
2023-06-07,175.875722537974,317.927969602014,121.23,14.69,102.371586350333,9.4,379.875355376021,37.4500560972198
2023-06-08,178.595654137228,319.776273711272,124.25,15.19,104.540599533813,9.5,382.152553185147,38.4843671862291
2023-06-09,178.981389891304,321.280478651253,123.43,15.02,106.845783948542,9.41,382.792106612391,38.7441941264633
2023-06-12,181.780446773446,326.255169498511,126.57,15.65,113.245831817285,9.36,386.309650462233,39.4557202089508
2023-06-13,181.305695076122,328.654032278611,126.66,16.0,113.488994730231,9.6,388.858173967765,40.9946951626458
2023-06-14,181.938697339221,331.652610753737,126.42,15.91,118.926117463707,9.95,389.158570274501,42.9683805740403
2023-06-15,183.976173373572,342.231202357787,127.11,16.6,123.089066533346,9.98,394.149025047693,42.6246095454227
2023-06-16,182.898091394231,336.558481767139,125.49,16.3,122.0288762329,10.03,392.695494531229,42.6635835864578
2023-06-20,182.987107337479,332.350640497127,125.78,15.79,118.702407583797,10.0,390.883426487371,43.7788407606939
2023-06-21,181.948587999582,327.936339725548,124.83,14.64,118.760766682904,9.76,388.741891526448,43.016348624545
2023-06-22,184.955348749303,333.982653699982,130.15,14.05,117.282336172191,9.45,390.156661229139,42.9963619368347
2023-06-23,184.638847617754,329.371724831674,129.33,14.03,115.395391967729,9.49,387.230219789326,42.1809050782535
2023-06-26,183.244264506863,323.059962926655,127.33,13.94,113.58625989541,9.63,385.631336221216,40.6049547522944
2023-06-27,186.003758747561,328.929311614032,129.18,14.61,114.617270646301,9.94,389.904715939619,41.8481267278766
2023-06-28,187.180747330512,330.187731433102,129.04,15.28,113.343096982463,10.18,390.079139601595,41.0896319292698
2023-06-29,187.517029782783,329.401219046183,127.9,15.2,114.558911547194,9.97,391.567748654522,40.7948282855425
2023-06-30,191.849139020868,334.79866030141,130.36,15.33,115.833085211032,9.98,396.208076003115,42.2738431761065
2023-07-03,190.355649306369,332.291652068108,130.22,15.52,113.94614100657,10.66,396.96687167018,42.3847692928988
2023-07-05,189.238004685584,332.448954545491,130.38,15.7,112.788685540946,10.72,396.081610058604,42.2888331918893
2023-07-06,189.712756382908,335.516352854472,128.36,15.13,112.292633198536,10.41,392.851864398787,42.0749756333888
2023-07-07,188.595111762124,331.534633895699,129.78,15.34,111.475605811037,10.79,391.937418338477,42.4747093875953
2023-07-10,186.547745067412,326.235506688838,127.13,16.3,111.251895931127,11.21,392.988058492876,42.1519243810735
2023-07-11,186.023540068283,326.864716598372,128.78,16.49,112.127282417733,11.83,395.507649233516,42.3767746178147
2023-07-12,187.69506166928,331.514971086026,130.8,16.59,113.239966104677,11.94,398.6206570984,43.8727781929324
2023-07-13,188.456642517071,336.882918126743,134.3,16.74,114.635700904968,12.45,401.869859057373,45.9463970428786
2023-07-14,188.605002422485,339.419420574554,134.68,16.4,116.412090650792,12.38,401.548830121307,45.4387351750363
2023-07-17,191.86892034159,339.901159411542,133.56,17.4,116.041196088477,12.49,402.949683660504,46.4300748854684
2023-07-18,191.611763172206,353.429172466535,132.83,18.08,117.876148133614,12.59,406.004322627922,47.4623873057066
2023-07-19,192.966783641653,349.093522933648,135.36,18.05,115.845988424101,13.12,406.879856089921,47.0456648669464
2023-07-20,191.018323550551,341.0219395629,129.96,17.13,113.103320739614,12.81,404.224071255191,45.4897012286977
2023-07-21,189.8413349676,337.974204063592,130.0,16.43,114.830908569344,12.76,404.27271200308,44.2795072878375
2023-07-24,190.642478456835,339.29161231168,128.8,16.32,115.240844664534,12.74,405.984866328766,44.5823056066489
2023-07-25,191.502965908236,345.062646950692,129.13,16.55,115.123720065909,12.54,407.181428726831,45.6485953959947
2023-07-26,192.373344019997,332.075361161705,128.15,16.43,112.732426177299,12.74,407.278710222609,45.4217464904825
2023-07-27,191.107339493799,325.144220751989,128.25,16.15,113.610860666992,12.23,404.515915742524,45.8694482951938
2023-07-28,193.688801848,332.665245451894,132.21,17.81,113.210684955021,12.73,408.455816321518,46.7188825228826
2023-07-31,194.302022790378,330.256551266957,133.68,19.84,114.420972474154,12.86,409.243796437317,46.6978965007867
2023-08-01,193.46626198988,330.669470270089,131.69,19.99,115.084678533033,12.87,407.979136992208,46.4760442672021
2023-08-02,190.4743372307,321.978508394643,128.21,18.97,112.937394224894,12.44,402.327082087528,44.2395339124169
2023-08-03,189.079754119809,321.152670388379,128.91,18.71,111.805189771512,11.54,401.188888586929,44.4853701712539
2023-08-04,180.00012790848,322.253787730064,139.57,18.2,111.697825556105,11.28,399.223802372221,44.650260344864
2023-08-07,176.894460555149,324.544505056963,142.22,17.99,113.318049170428,11.34,402.823217715994,45.3862701197967
2023-08-08,177.834073289437,320.552954693354,139.94,17.04,112.468895830391,11.1,401.081878941574,44.6342709946958
2023-08-09,176.241676971328,316.797358045819,137.85,15.25,110.389934204784,10.8,398.416365957267,42.5256754412566
2023-08-10,176.024082443388,317.485556384373,138.56,15.41,110.282569989377,10.73,398.649841547133,42.3597859332609
2023-08-11,176.083426405553,315.597926655769,138.41,15.41,110.350892671909,10.72,398.280171863178,40.8278063202646
2023-08-14,177.737396381915,318.576842321222,140.57,15.72,112.800748859831,10.65,400.527374415642,43.7238773694905
2023-08-15,175.74669000318,316.433596066869,137.67,15.37,114.479534773467,10.41,395.935687814938,43.9107528995821
2023-08-16,174.875136961744,315.666746489624,135.07,15.45,112.576260045798,10.19,393.007514792031,43.4570550885577
2023-08-17,172.329805920278,312.198747277254,133.98,14.15,112.127282417733,10.07,389.826409880103,43.3146499386216
2023-08-18,172.815102500169,311.804656457666,133.22,14.4,113.669422966305,10.25,390.18635141448,43.2701795584662
2023-08-21,174.152144097826,317.124882522098,134.68,14.5,113.79630794815,10.39,392.764311052587,46.9357380845396
2023-08-22,175.528801742821,317.6963142105,134.25,14.67,113.747506032056,10.38,391.6650301503,45.637602717754
2023-08-23,179.381462346441,322.169245012819,135.52,15.3,115.016355850502,10.5,395.887047067049,47.0846389079815
2023-08-24,174.686960736889,315.243098858568,131.84,14.14,110.204486923626,10.37,390.624118145479,47.1316076241008
2023-08-25,176.895555375982,318.208632275964,133.26,14.53,113.279007637553,10.54,393.211805933164,45.9873697526847
2023-08-28,178.460389245833,318.917995751221,133.14,14.64,114.04031752862,10.55,395.799493720849,46.8038259456515
2023-08-29,182.352665896791,323.558415151865,134.91,15.4,117.759023534988,11.02,401.422364176796,48.7515286630225
2023-08-30,185.848782074369,323.932801430473,135.07,16.33,118.217761546272,11.06,403.095605904171,49.2312091680703
2023-08-31,186.066670334728,322.918017570035,138.01,14.98,117.505253571299,10.89,402.580013976549,49.3221485971523
2023-09-01,187.641408216413,323.804721914107,138.12,15.18,118.032314265115,11.11,403.436091139393,48.4767117070056
2023-09-05,187.879104500441,328.622482183565,137.27,15.21,121.009231146853,10.82,401.675296065818,48.5156857480407
2023-09-06,181.154280464817,327.962380060756,135.36,15.3,121.350844559512,10.79,398.902773436155,47.0336728543202
2023-09-07,175.85563413336,325.036255725318,137.85,15.21,122.092633684142,10.74,397.715939187668,46.2141490078116
2023-09-08,176.469682867099,329.331845658822,138.23,15.13,123.293160820056,10.74,398.260715564023,45.5455374793795
2023-09-11,177.63835626357,332.947628928538,143.1,15.79,123.673815765589,10.84,400.877587800441,45.1517662653254
2023-09-12,174.607728642213,326.8687780364,141.23,15.59,106.983560461418,10.8,398.727666743755,44.8439451132221
2023-09-13,172.537790168803,331.095402076477,144.85,15.6,109.160125919213,10.62,399.194617923488,45.4585879981036
2023-09-14,174.053103979481,333.696401485754,144.72,15.83,110.936515665037,10.57,402.648111023594,45.5545322533046
2023-09-15,173.330111115563,325.341676110498,140.39,15.33,111.180525245508,10.67,397.628385841468,43.8745083679619
2023-09-18,176.261698618574,324.198812733695,139.98,15.46,109.521260098309,10.6,398.066152572468,43.9404700434126
2023-09-19,177.351139920369,323.794869643617,137.63,15.15,110.067841558563,10.47,397.268444307091,43.4947290244579
2023-09-20,173.805503683619,316.031280497743,135.29,14.74,110.165445390751,10.22,393.552291168386,42.2144728691195
2023-09-21,172.260477837437,314.809598957021,129.33,14.0,106.807873563479,9.83,387.102527998329,40.9931824539566
2023-09-22,173.112222855204,312.32682679362,129.12,14.13,106.417458234727,9.7,386.168625638864,41.5858381136878
2023-09-25,174.389840381854,312.848997129573,131.27,14.22,105.704950259753,9.68,387.773770319195,42.1974827405943
2023-09-26,170.309387506041,307.528771065141,125.98,13.96,102.366899198919,9.53,382.082802816204,41.886663330516
2023-09-27,168.794073695362,308.169168646971,125.98,14.85,102.11312923523,9.57,382.170356162404,42.4433398945469
2023-09-28,169.051578003059,309.006611638595,125.98,15.77,103.606467867708,9.68,384.390806303528,43.0639792953784
2023-09-29,169.566586618453,311.085440711919,127.12,16.0,103.381979053676,9.81,383.472893088597,43.4737412186327
2023-10-02,172.082205624416,317.046064358181,129.46,15.88,104.153049327962,9.73,383.443597985993,44.7559962126212
2023-10-03,170.745164026759,308.760304876352,124.72,14.9,102.015525403042,9.53,378.287659927659,43.4917307664829
2023-10-04,171.993069517905,314.243093403864,127.0,15.73,104.514183507058,9.68,381.070694675055,44.0154264927884
2023-10-05,173.231070997218,314.642110358697,125.96,15.81,105.753752175847,9.73,380.748448546409,44.6620507960702
2023-10-06,175.786306050518,322.425404045551,127.96,16.61,107.325173874076,9.93,385.289189450056,45.7354271511315
2023-10-09,177.271907825693,324.947585290911,128.26,17.61,107.676547669954,9.87,387.857393445021,45.2467111012014
2023-10-10,176.677667115623,323.538710610885,129.48,17.8,107.081164293606,10.04,389.859225456306,45.7714062468319
2023-10-11,178.074132784288,327.50917561823,131.83,17.92,107.403256939827,9.72,391.509516236341,46.7788209264425
2023-10-12,178.975397861227,326.267789536529,132.33,17.94,106.884069360676,9.29,389.156142993806,46.917740212619
2023-10-13,177.13325166001,322.888460758566,129.79,17.36,106.041614043563,9.14,387.105485811514,45.4346019343034
2023-10-16,177.004499506162,327.725925569003,132.55,17.36,106.492229678298,9.32,391.157975005091,46.06823378636
2023-10-17,175.449569648145,327.154493880601,131.47,17.84,106.81549741626,9.6,391.167740039293,43.9124863023123
2023-10-18,174.152144097826,325.233301135112,128.13,17.2,106.041614043563,9.21,385.933681707348,42.171497838144
2023-10-19,173.775791648115,326.425425864364,128.4,17.06,106.129777972098,8.97,382.662395249882,42.076553002268
2023-10-20,171.220556594814,321.844120086659,125.17,16.11,99.7721791255141,9.13,377.897058559603,41.3629676042105
2023-10-23,171.339404736828,324.454971766426,126.56,16.2,101.545253688275,9.17,377.233036233909,42.9500454923272
2023-10-24,171.775181257546,325.647096495679,128.56,16.64,101.09463805354,9.32,380.055131118111,43.6376459879344
2023-10-25,169.457642488274,335.637298772223,121.39,15.59,99.3607474590171,9.03,374.694127341547,41.7547399796146
2023-10-26,165.28805350595,323.046097086401,119.57,15.29,98.3517602768936,9.1,370.094796232692,40.3025837003743
2023-10-27,166.605287079938,324.937733020421,127.74,15.07,98.9297238084012,8.9,368.454270486859,40.4764826629262
2023-10-30,168.655417529679,332.326935887688,132.71,14.69,99.576259284325,9.08,372.88759601429,41.1370988367581
2023-10-31,169.130810097735,333.115117526863,133.09,14.8,101.290557894729,9.14,375.143318914811,40.7563200739291
2023-11-01,172.300093884775,340.957524836655,137.0,14.92,103.5926160287,9.08,379.273928381999,42.3004229310704
2023-11-02,175.865538145194,343.174285696835,138.07,17.97,104.689767139359,9.48,386.480523622625,43.4807371539078
2023-11-03,174.95436905642,347.588102876215,138.6,18.89,105.845694202374,9.69,390.054526140334,44.9788667220986
2023-11-06,177.509604109721,351.262999768869,139.74,18.54,106.884069360676,9.59,390.806433773841,45.7244335385564
2023-11-07,180.074743174856,355.203907964745,142.71,18.8,106.766517455962,9.76,391.909882638598,45.9283150808586
2023-11-08,181.134472441148,357.834464185492,142.08,18.49,110.038378803819,8.365,392.232128767244,46.5469556430401
2023-11-09,180.659079873092,355.36154429258,140.6,18.27,109.891438922928,7.93,389.273323404223,46.922737309244
2023-11-10,184.848476879085,364.20888319232,143.56,19.67,110.763282216219,8.23,395.347174677488,48.3069330743836
2023-11-13,183.261794674114,361.263054315903,142.59,19.71,111.821249358639,8.31,394.946808275231,48.5917675820116
2023-11-14,185.879820312316,364.800019421701,145.8,19.94,113.731467810233,8.5,402.534239849711,49.6271660027225
2023-11-15,186.445075847837,364.947803479047,143.2,19.95,111.733085430104,8.33,403.413092927836,48.8596119611144
2023-11-16,188.130925690618,371.364771917421,142.83,19.77,112.330640945731,7.94,403.979464911517,49.4512682015206
2023-11-17,188.111092163056,365.125504143494,145.18,20.49,113.006564397833,8.1,404.575131997802,49.2693738843687
2023-11-20,189.856442588523,372.618548827688,146.13,21.34,114.534739159108,8.13,407.621822668635,50.3797287544554
2023-11-21,189.053184722257,368.304371585273,143.9,19.8,113.711875826114,7.98,406.557433940684,49.9149987683255
2023-11-22,189.717607895589,373.023311452262,146.71,19.69,113.868611699065,8.22,408.315140096934,48.6877118372126
2023-11-24,188.388761548926,372.608676568552,146.74,19.2,113.878407691124,8.29,408.539735883566,47.7482576717027
2023-11-27,188.210259800866,373.773603146595,147.73,19.08,114.093919516432,8.39,407.826888386865,48.2139870771576
2023-11-28,188.815182391511,377.811357133203,147.03,19.71,113.868611699065,8.64,408.227254789122,47.7932315413282
2023-11-29,187.793755722062,374.010537365858,146.32,19.84,113.839223722886,8.92,407.963598865684,48.1120463060065
2023-11-30,188.368928021363,374.069770920674,146.09,20.05,113.839223722886,8.8,409.545534406309,46.7428418307421
2023-12-01,189.648190549121,369.725976900852,147.03,20.27,114.769842968534,9.32,411.947732819851,46.7378447341171
2023-12-04,187.853256304748,364.424573744841,144.84,18.4,113.41799606433,9.55,409.877545569157,45.4835734812289
2023-12-05,191.810045053394,367.761397332795,146.88,18.3,112.193497056899,10.53,409.750600124538,46.54295796574
2023-12-06,190.719201037476,364.088916934218,144.52,17.13,109.744499042036,11.27,408.041719139295,45.4804839650189
2023-12-07,192.652969974784,366.21145264845,146.88,17.22,110.56736237503,11.48,411.23488532315,46.5729431209814
2023-12-08,194.080983959258,369.449553645045,147.42,17.77,111.292265787429,11.73,412.982826445199,47.4824928299713
2023-12-11,191.572042722648,366.556981718208,145.89,17.77,112.781256580466,11.71,414.584292054227,46.6039277813976
2023-12-12,193.089307581151,369.597637532084,147.48,17.5,98.7533959513311,11.63,416.64471427072,47.6334181113532
2023-12-13,196.312255809998,369.587765272948,148.84,17.87,100.888922220292,11.99,422.318199141728,48.064204841655
2023-12-14,196.461007266714,361.255578562198,147.42,18.21,98.2635963483585,12.09,423.558358485304,48.3260751974301
2023-12-15,195.925502022536,365.994262947459,149.97,18.2,101.212189958253,11.69,422.913866228013,48.8658079917758
2023-12-18,194.259485707317,367.889736701563,154.07,17.84,102.857916624241,11.93,425.306299607353,50.0522206341615
2023-12-19,195.300745904329,368.491944508857,153.79,17.95,104.082415631673,13.17,427.894033670722,49.5794546865217
2023-12-20,193.208308746524,365.885668096963,152.12,17.25,102.025257299188,12.62,421.743136277608,48.0871934606734
2023-12-21,193.059557289808,368.768367764663,153.84,17.59,103.700371941354,12.89,425.851819904298,48.9657585092472
2023-12-22,191.988546801453,369.795082714803,153.42,17.41,104.033435671375,12.95,426.842218582808,48.8058376812929
2023-12-26,191.443124793494,369.874060787891,153.41,17.68,104.023639679316,12.94,428.617091462118,49.2546155047396
2023-12-27,191.542292431305,369.291597498869,153.34,17.47,103.77873987783,13.26,429.401565662918,49.3925472188501
2023-12-28,191.968713273891,370.48614085432,153.38,17.56,104.082415631673,13.18,429.470207155488,49.4974952621951
2023-12-29,190.927453076879,371.236432548654,151.94,17.17,103.279144282798,12.74,428.322913636818,49.4974952621951
2024-01-02,184.094802831724,366.132474575362,149.93,16.58,101.937093370653,12.37,425.587059861528,48.1441652556321
2024-01-03,182.716372666155,365.865923578691,148.47,16.09,100.369734641141,11.79,422.429551203308,47.5454616559783
2024-01-04,180.395849941386,363.239902648526,144.57,16.25,100.497082537913,11.98,421.095945061948,47.9742493759307
2024-01-05,179.671926185368,363.052329724942,145.24,15.98,100.634226426746,11.89,421.635271074998,49.0727055629416
2024-01-08,184.015468721475,369.903677565299,149.1,16.67,102.52485289422,12.42,427.665916493648,52.2271438943395
2024-01-09,183.59896464267,370.989626070255,151.37,16.39,101.515865712096,12.2,426.626488177588,53.113704984311
2024-01-10,184.640224839682,377.880462947155,153.73,16.79,102.191789164199,12.14,429.440789372958,54.3231062457151
2024-01-11,184.045219012818,379.716703146443,155.18,16.68,103.027653490503,11.71,429.293700460308,54.7948726881802
2024-01-12,184.372472217594,383.507650654652,154.62,16.76,104.827220216547,11.02,429.489819010508,54.6829281086122
2024-01-16,182.101533311729,385.284657299125,153.16,16.53,104.797719122677,10.93,428.028735811518,56.3541007607343
2024-01-17,181.159440752528,384.494876568248,151.71,16.39,104.660047351286,10.65,425.645895426588,56.0252635582534
2024-01-18,187.059915202263,388.838670588071,153.5,16.4,106.892296787417,10.67,429.430983445448,57.0787420124021
2024-01-19,189.965526990115,393.577354973332,155.34,16.78,107.8461654892,10.71,434.686960590808,59.4615623489207
2024-01-22,192.276132951104,391.444946999964,154.78,17.6,108.26901450133,10.99,435.677359269319,59.6244816923991
2024-01-23,193.555395478861,393.804416933459,156.02,17.33,109.970244247809,10.95,436.971741700639,59.8433733256615
2024-01-24,192.881055541749,397.41766377722,156.87,16.75,112.409001341027,10.81,437.334561018509,61.3316365308109
2024-01-25,192.553802336974,399.698155637627,157.75,16.46,113.087526500027,10.7,439.795848823519,61.586510350363
2024-01-26,190.818368675287,398.770163278847,159.12,16.35,112.733513373592,10.79,439.531088780749,61.0008003179805
2024-01-29,190.134111974393,404.486201318568,161.26,17.09,111.858314255462,11.31,442.727821149009,62.4340907385206
2024-01-30,186.47482613918,403.370636036204,159.0,16.74,112.261495871679,11.01,442.414031468689,62.7429378375073
2024-01-31,182.865124122871,392.501278727512,155.2,16.09,109.842406174374,10.74,435.206674748839,61.4965548846387
2024-02-01,185.304648013014,398.622079391808,159.28,16.33,113.608712491723,10.91,440.933336414679,62.99581264671
2024-02-02,184.303054871126,405.967040188962,171.81,17.02,113.864388638593,10.92,445.463674924299,66.1272623590895
2024-02-05,186.117822643061,400.468191850232,170.31,16.72,114.454410515984,10.56,443.835890957639,69.2976927732828
2024-02-06,187.724338375594,400.310235704057,169.15,21.87,113.382537438723,10.78,445.218526736549,68.1892415345248
2024-02-07,187.833422777186,408.760889524439,170.53,23.6,115.319775936158,11.0,448.876137697779,70.0643132422886
2024-02-08,186.75249552505,408.820123079255,169.84,24.51,114.739587756723,11.22,449.180121450589,69.6065398722695
2024-02-09,187.516086336192,415.177857962813,174.45,24.38,114.700252964897,11.55,451.729662603189,72.0973067676572
2024-02-12,185.828094031339,409.95543287989,172.34,25.05,113.913557128375,12.01,451.523738125479,72.2122498627493
2024-02-13,183.732997700021,401.129633212342,168.64,24.01,111.789478369766,11.84,445.159691171489,72.0923092417836
2024-02-14,182.849284081598,404.999558793638,170.98,25.19,112.359832851245,13.38,449.395851855809,73.8634324113771
2024-02-15,182.561332453123,402.101688986645,169.8,25.41,110.904445553679,13.42,452.435689383909,72.6220469843822
2024-02-16,181.022280645756,399.629103827095,169.51,24.44,109.45889195407,14.0,450.121490491549,72.57706925152
2024-02-20,180.277578158321,398.373030566044,167.08,23.4,106.646454338504,14.09,447.650396759029,69.4176333942485
2024-02-21,181.032210012256,397.769719787114,168.59,22.74,106.361277097765,13.59,448.101469424489,67.4386131483145
2024-02-22,183.067730144579,407.135872371489,174.58,23.59,109.163881015374,13.97,457.515159834089,78.4991374117015
2024-02-23,181.230797342238,405.840237747885,174.99,22.97,110.088248623287,14.48,457.721084311799,78.7779993554467
2024-02-26,179.880403498356,403.070942369189,174.73,23.56,109.124546223548,15.59,456.044270707589,79.0528632784931
2024-02-27,181.340020373729,403.01160032536,173.54,24.53,109.527727839766,16.25,456.887580473449,78.6620567551799
2024-02-28,180.138567027333,403.248968500677,173.16,24.42,109.822738778461,16.13,456.181553692729,77.6245703838266
2024-02-29,179.473299471891,409.104050158491,176.76,25.08,109.822738778461,16.31,457.868173224449,79.0728533819874
2024-03-01,178.390998523485,410.943653517196,178.22,24.93,111.887815349331,16.58,462.28084060395,82.2382862703072
2024-03-04,173.863207399879,410.37001376018,177.58,24.04,112.163158892114,16.63,461.73170866339,85.1948225771117
2024-03-05,168.918382883309,398.234565797109,174.12,23.81,109.095045129679,15.93,457.103310878669,85.9254608598277
2024-03-06,167.925446233396,397.68070672137,173.51,26.16,110.402926957896,16.4,459.52537497364,88.6602342639561
2024-03-07,167.806293835406,404.653396871301,176.82,26.46,112.635176394027,16.36,464.07532533828,92.6274548929712
2024-03-08,169.524074239756,401.765417404947,175.35,26.04,110.550432427244,17.0,461.26102414291,87.4887596917198
2024-03-11,171.529806272582,400.084059496453,171.96,25.35,112.23199477781,16.86,460.87859297002,85.7355460400966
2024-03-12,172.006415864541,410.726066023156,175.39,24.7,125.418983737509,16.39,465.81097450755,91.8717938207778
2024-03-13,169.921248899722,410.548039891668,176.555,25.0,123.432576750291,17.16,465.10494772683,90.8472533459125
2024-03-14,171.77804043506,420.557064617526,178.75,24.43,123.442410448247,18.05,464.08513126579,87.9045731917627
2024-03-15,171.400724508093,411.85356485591,174.42,23.49,123.452244146204,18.15,460.88839889753,87.7971213858622
2024-03-18,172.492954822998,412.743695513348,174.48,24.0,125.674659884378,18.21,463.77134158547,88.4153441016712
2024-03-19,174.836285316795,416.788844834372,175.9,23.8,127.041543900335,17.24,466.36991237562,89.3579213385473
2024-03-20,177.407991240071,420.566954958164,178.15,24.57,127.090712390118,18.56,470.43937229227,90.3314846775901
2024-03-21,170.159553695701,424.661555982379,178.15,24.49,126.864537337118,19.09,472.00832069387,91.3940081164016
2024-03-22,171.063126047123,424.038464522172,178.87,24.18,125.664826186422,18.3,471.393390979718,94.2467286190998
2024-03-25,169.643226637746,418.222944226911,179.71,24.51,123.983263835856,19.08,470.173540808979,94.959408968933
2024-03-26,168.511278856845,417.026213009689,178.3,24.89,124.36677805616,19.28,468.85531562447,92.5195033112293
2024-03-27,172.085850796534,416.808625515648,179.83,24.51,123.186734301378,20.01,472.947716197273,90.209539372289
2024-03-28,170.268776727192,416.106411330336,180.38,23.01,123.521080031899,20.13,472.888691189011,90.3154918506653
2024-04-01,168.829018584817,419.914192476043,180.97,22.86,123.393241958465,19.41,472.268928602265,90.3224887124449
2024-04-02,167.64742397142,416.818515856287,180.69,22.72,122.272200391421,19.2,469.179953169909,89.4118971294182
2024-04-03,168.45170265785,415.839372133105,182.41,22.7,124.14060300316,19.21,469.602965729117,88.9241159082141
2024-04-04,167.627565238421,413.297554589087,180.0,22.48,122.124694922073,18.45,463.818514919482,85.8664873105428
2024-04-05,168.382197092356,420.853774836672,185.07,22.96,122.822887476986,18.4,468.747103109324,87.9685444994616
2024-04-08,167.260178677953,419.933973157319,185.19,23.0,122.282034089377,18.56,468.934015635485,87.0939367770156
2024-04-09,168.471561390848,421.605440725175,185.67,22.81,121.574007836508,18.3,469.514428216724,85.3157343333225
2024-04-10,166.594911122511,418.618557852439,185.95,22.42,120.113896405865,18.34,464.969502580583,86.9999789188328
2024-04-11,173.803631200884,423.237346930478,189.05,22.84,121.583873454282,19.0,468.324090550116,90.5753752881921
2024-04-12,175.302965542254,417.273471525644,186.13,22.67,119.48249686829,17.97,461.939552156488,88.1464646989992
2024-04-15,171.470230073587,409.104050158491,183.62,21.9,118.269025882014,17.19,456.076401335838,85.9624442720912
2024-04-16,168.183609762373,410.033742178482,183.32,21.88,118.999081597335,17.31,455.259888721553,87.3758103515639
2024-04-17,166.813357185492,407.323788843615,181.28,21.31,117.075286131286,17.08,452.51522583739,83.9973256637153
2024-04-18,165.860138001575,399.836800980498,179.22,21.13,114.441166185465,17.08,451.482288192812,84.6330405339732
2024-04-19,163.834547235751,394.743275551825,174.63,20.47,113.336216994709,16.63,447.704687664071,76.165838229013
2024-04-22,164.668614021679,396.563098229254,177.23,20.97,112.990920372598,17.19,451.590500707958,79.4823507125283
2024-04-23,165.721126870587,403.100613391104,179.54,21.64,113.543394967976,17.62,457.286414005201,82.3860483510491
2024-04-24,167.826152568404,404.574274146195,176.59,21.59,113.790035412341,17.31,456.951938958385,79.6412794300928
2024-04-25,168.690007453829,394.664152826719,173.67,21.71,113.346082612484,17.12,455.063138694015,82.5949546527533
2024-04-26,168.10417483038,401.864320811329,179.62,22.52,115.634905936193,17.88,459.617901831533,87.6956668900585
2024-04-29,172.274508760017,397.838952171581,180.96,22.83,114.924581456421,17.34,461.221414555973,87.71765702708
2024-04-30,169.126899579791,385.060632067027,175.0,21.97,112.221402186178,16.49,453.931826035668,86.3632644968921
2024-05-01,168.10417483038,390.609113165057,179.0,22.12,113.089576550344,16.65,452.456200829128,83.0037712910166
2024-05-02,171.807828534558,393.477311950135,184.72,22.55,113.415141936906,17.61,456.676488919831,85.7785267624568
2024-05-03,182.084722861164,402.200592393027,186.21,23.33,114.243853829973,17.95,462.342889712943,88.7491943637249
2024-05-06,180.426518655808,409.005146752109,188.7,25.21,116.749720744724,17.78,467.005865365607,92.0986920527724
2024-05-07,181.111644944249,404.851203684065,188.76,21.4,116.345230415965,17.99,467.674815459238,90.5134030838588
2024-05-08,181.449243405219,406.038044560649,188.0,21.56,115.812487056136,17.85,467.694490461992,90.3714667449019
2024-05-09,183.266317474561,407.798525194248,189.5,21.14,115.07256572304,17.3,470.380128337894,88.7072131930475
2024-05-10,182.005287929171,410.191987628693,187.48,20.6,115.102162576364,16.23,470.960540919133,89.8377061462891
2024-05-13,185.216853512406,409.183172883596,186.57,20.94,114.806194043126,16.89,470.990053423264,90.3584725730255
2024-05-14,186.360290175168,411.992029624845,187.07,21.44,119.2457220417,18.02,473.223166235827,91.3150435334608
2024-05-15,188.637220573189,419.182307268816,185.99,21.67,119.99550899257,18.52,478.987942042708,94.5875757429331
2024-05-16,188.756535703217,417.111561730876,183.63,21.65,120.518386734624,17.9,478.073054414653,94.3166972368955
2024-05-17,188.786364485724,416.338747606668,184.7,21.76,121.840379516422,20.09,478.781354513792,92.4375400732401
2024-05-20,189.94968700349,421.42148665434,183.54,21.62,122.846672529432,20.84,479.253554579885,94.7375084953524
2024-05-21,191.252210506288,425.087399807632,183.15,21.24,122.955194324953,20.96,480.542267260263,95.3432368151264
2024-05-22,189.810486018458,426.553765068949,183.13,21.17,122.925597471629,19.66,479.145342064738,94.9074322814276
2024-05-23,185.813429162543,423.066193636628,181.05,20.72,122.422450965124,19.24,475.58416656629,103.752465122485
2024-05-24,188.895736688249,426.197081627007,180.75,21.01,121.25830806772,20.51,478.8207045193,106.421268115548
2024-05-28,188.905679615751,426.355607601203,182.15,21.05,122.817075676108,20.47,479.204367073,113.849936222084
2024-05-29,189.203967440819,425.216202161667,182.02,20.94,122.077154343013,21.085,475.830104100713,114.773521976987
2024-05-30,190.198260191047,410.849785750118,179.32,21.73,115.516518522898,21.84,472.632916153211,110.450460948897
2024-05-31,191.152781231265,411.305547925933,176.44,21.68,115.615174700644,20.9,476.744991728768,109.583849639913
2024-06-03,192.922622326671,409.710380310582,178.34,21.32,117.677088815537,21.28,477.266379301745,114.948443521476
2024-06-04,193.240796006743,412.236888024337,179.34,22.1,118.456472619731,20.78,477.846791882984,116.384799289653
2024-06-05,194.752120987089,420.103739493833,181.28,22.96,120.982070770031,21.57,483.56238018298,122.385108041474
2024-06-06,193.370054064273,420.609041036584,185.0,23.79,121.840379516422,22.97,483.454167667834,120.943754514883
2024-06-07,195.766299592322,419.945213519636,184.3,23.31,124.227859017877,22.18,482.82456757971,120.833803829776
2024-06-10,192.017815923963,423.928178621321,187.06,23.13,122.826941293883,23.42,484.408405301396,121.735399447657
2024-06-11,205.967743209657,428.6938657206,187.23,23.85,122.215272991857,23.22,485.510205455612,120.865789483625
2024-06-12,211.853956291005,436.996663619136,186.89,23.77,138.493542319962,23.7,489.55341852153,125.154220853113
2024-06-13,213.017278808771,437.511873035274,183.83,23.27,137.970664577908,23.31,490.478143650961,129.562608344824
2024-06-14,211.277266495873,438.492752500615,183.66,23.57,136.273778320675,22.42,490.871643706039,131.831778323551
2024-06-17,215.433410191825,444.239319065234,184.06,25.02,139.411044773001,22.25,494.767294251303,130.932107406875
2024-06-18,213.066993446283,442.228020767617,182.81,25.82,142.696295491946,21.86,496.085519435811,135.53042542544
2024-06-20,208.483303867733,441.593916870831,186.1,25.56,140.989543616938,21.73,494.708269243041,130.732180536503
2024-06-21,206.305802744735,445.63632921284,189.08,23.84,139.598491510718,22.29,493.626144091579,126.523719915164
2024-06-24,206.952093032383,443.545767928125,185.57,24.16,138.010127049006,21.37,492.298081405694,118.066813298412
2024-06-25,207.876785290094,446.795550399151,186.34,24.56,137.299802569234,22.14,494.344281692095,126.04389542627
2024-06-26,212.032928986046,447.994403079011,193.61,24.1,136.372434498421,22.31,494.895181769203,126.353782075347
2024-06-27,212.87807782374,448.678046342733,197.85,25.22,138.29622996447,22.59,495.662506876604,123.94466328736
2024-06-28,209.417939052947,442.832401044241,193.25,25.33,139.30252297748,22.71,493.757474734961,123.494827829022
2024-07-01,215.512953611843,452.522301216996,197.2,25.88,141.167124736881,22.79,494.892821736631,124.254549936437
2024-07-02,219.012864092644,455.04880893075,200.0,25.83,141.354571474599,22.46,498.101411089177,122.625145942902
2024-07-03,220.285558812936,456.525082065454,197.59,25.85,142.439789429806,22.89,500.35235992727,128.233094656848
2024-07-05,225.048221086526,463.252528095414,200.0,27.23,142.883742229663,22.68,503.343752462105,125.783990494786
2024-07-08,226.519774356863,461.944688808294,199.29,27.7,143.081054585155,22.09,503.827509010643,128.153123908699
2024-07-09,227.374866122059,455.30641363882,199.34,27.39,138.7895108532,22.6,504.380373637543,131.33196114762
2024-07-10,231.650324948038,461.954596681681,199.79,28.42,140.160831723871,22.32,509.237684288165,134.860670409692
2024-07-11,226.271201169306,450.511002919379,195.05,27.64,141.236184061303,22.04,504.874002768704,127.353416427209
2024-07-12,229.224250637482,449.371597479842,194.49,28.07,143.224729381864,22.28,507.99373887764,129.192743634635
2024-07-15,233.062220653361,449.77782028872,192.72,28.67,141.542875130644,23.94,509.533861766862,128.393036153146
2024-07-16,233.479823608456,445.37872450477,193.02,28.67,141.087785156784,24.63,512.426528475465,126.313796701273
2024-07-17,227.573724672104,439.434000472406,187.93,28.22,137.77354295585,24.18,505.268906073632,117.946857176189
2024-07-18,222.900548746034,436.313020355414,183.75,28.64,136.55667193879,22.83,501.467961763694,121.04572366696
2024-07-19,223.029806803564,433.083053631163,183.13,28.58,137.081014734759,23.41,498.121156254423,117.886879115077
2024-07-22,222.681804340984,438.859343815944,182.55,28.46,138.673829643268,23.42,503.294389548989,123.494827829022
2024-07-23,223.725811728723,440.751747632913,186.41,28.81,141.582448171849,22.87,502.455220026015,122.545175194753
2024-07-24,217.29273763475,424.94868958021,180.83,26.6,137.288773201086,21.41,490.953661269967,114.208224700225
2024-07-25,216.248730247011,414.545422523572,179.85,26.63,136.348913472463,21.18,488.47564303154,112.238945027057
2024-07-26,216.716047839618,421.352131540629,182.5,27.18,137.526211448317,21.2,493.954926387425,113.018659821509
2024-07-29,216.994449809682,422.798681055172,183.2,27.08,136.833683227227,21.18,494.320211944484,111.549197324272
2024-07-30,217.551253749809,419.02378129462,181.71,26.37,134.221862507685,20.4,491.733595297201,103.692071318637
2024-07-31,220.812533970556,414.495883156635,186.98,26.89,137.961514901574,20.57,499.483572656427,116.977211854882
2024-08-01,217.113764939709,413.267306856613,184.07,26.08,136.042222403123,20.24,492.671490646407,109.170067566841
2024-08-02,218.605204065051,404.726719996783,167.9,24.74,131.857373295675,17.88,483.667695294033,107.230776924229
2024-08-05,208.07564384014,391.509616898158,161.02,24.09,126.495226212372,16.42,469.145126255281,100.41327064453
2024-08-06,206.047286629676,395.928528428883,161.93,26.59,126.841490322918,17.21,473.824730418686,104.211881181606
2024-08-07,208.622504852765,394.759399369184,162.77,26.32,124.556147193318,17.12,470.537160405154,98.873833742663
2024-08-08,212.09258655106,398.980153432163,165.8,29.28,127.583484845515,17.73,481.515472282172,104.931617914946
2024-08-09,215.005864309227,402.279475270126,166.94,30.01,130.650395538917,17.92,483.578842050424,104.711698357537
2024-08-12,216.537075144577,403.06219726772,166.8,29.38,131.164845074584,18.54,483.825656616004,108.980137039987
2024-08-13,220.26000375691,410.195866106558,170.23,30.39,132.826912805202,18.41,491.861938871303,116.097533625244
2024-08-14,220.707949712939,413.019610021931,170.1,31.0,134.152609685575,18.65,493.431679508395,118.036824267856
2024-08-15,223.694256086468,417.89428372847,177.59,31.22,135.468413305648,19.55,501.902355399115,122.815076469756
2024-08-16,225.018185245399,415.353349908209,177.06,32.08,136.002649361918,19.98,502.958721739799,124.534447554959
2024-08-19,224.858915572144,418.39055986524,178.22,32.5,136.447846075476,20.28,507.796287225176,129.95246574205
2024-08-20,225.476085556007,421.636205799716,178.88,32.32,137.684503613138,19.83,506.957117702202,127.20347127443
2024-08-21,225.366587655644,420.981121299179,180.11,32.54,138.703509424172,20.18,508.734182574381,128.453014214257
2024-08-22,223.505123349478,412.455097269472,176.13,31.92,136.606138240297,19.89,504.6173156205,123.694754699395
2024-08-23,225.804579257095,413.685862088662,177.04,31.78,137.704290133741,21.12,510.076853811139,129.322696100377
2024-08-26,226.143027312762,410.41043958598,175.5,30.85,137.417385585003,20.96,508.82303581799,126.413760136459
2024-08-27,226.989147451928,410.757832881719,173.12,30.84,137.001868652349,21.36,509.504244018992,128.253087343885
2024-08-28,225.45617684685,407.54196351545,170.8,30.36,136.408273034271,20.32,506.591832145143,125.564070937376
2024-08-29,228.741113857732,410.043195244771,172.12,31.0,137.931835120671,20.17,506.670812806129,117.547003435444
2024-08-30,227.954719846036,414.033255384401,178.5,31.48,139.781874797013,20.12,511.439270213143,119.326352581758
2024-09-03,221.753156943674,406.390602878144,176.25,30.51,138.010981203081,19.37,501.092803624011,107.960510001088
2024-09-04,219.841920864616,405.854624650432,173.33,30.59,139.247638740743,19.11,499.848858213486,106.171164511255
2024-09-05,221.364937115116,405.348422990927,177.89,30.16,141.087785156784,19.67,498.614785385584,107.170798863117
2024-09-06,219.812057800881,398.708248280946,171.39,30.33,140.29632433268,18.94,490.311943399458,102.792400401962
2024-09-09,219.901646992086,402.698308420576,175.4,34.6,138.396818354831,19.66,495.830717085837,106.431069442739
2024-09-10,219.105298625812,411.115151700194,179.55,34.76,154.226034836905,19.7,497.874341688843,108.060473436274
2024-09-11,221.643659043312,419.889313798286,184.52,34.85,155.502265415773,20.64,502.968594322423,116.867252076178
2024-09-12,221.753156943674,423.819820801503,187.0,34.91,159.657434742317,21.64,507.292785511392,119.106433024348
2024-09-13,221.484389370057,427.383083463511,186.49,35.59,160.300496661901,22.07,509.98800056753,119.066444294107
2024-09-16,215.332598240587,428.127497668666,184.89,36.31,168.511902711977,22.21,510.758062012141,116.747097940099
2024-09-17,215.800452905773,431.909121830853,186.88,36.45,165.682430265806,22.64,510.995003995098,115.557433215414
2024-09-18,219.682651191361,427.60144496369,186.43,36.38,162.773811737225,22.95,509.336410114398,113.33805868701
2024-09-19,227.825313236516,435.422756879184,189.87,36.83,165.801149389422,22.81,518.221734475293,117.83679083918
2024-09-20,227.158371479762,432.028228103678,191.6,37.2,166.206773061775,22.73,517.204858465102,115.96731770039
2024-09-23,225.436268137693,430.281336102247,193.88,37.95,164.178654700009,22.7,518.478421623497,116.227244446959
2024-09-24,226.332160049752,425.973659235085,193.96,36.9,164.03025579549,22.77,519.969181599603,120.835945607294
2024-09-25,225.336724591909,428.891762919292,192.53,37.12,164.505132289952,22.39,518.912815258918,123.475201803234
2024-09-26,226.481475368428,428.09772110046,191.16,37.1,166.305705664788,22.43,520.976185027171,124.005052478934
2024-09-27,226.750242942046,424.832224120514,187.97,36.84,166.938874324071,23.89,520.303467247225,121.365796282994
2024-09-30,231.936461677408,427.095243304185,186.33,37.2,168.581155534086,23.42,522.571339910813,121.405785013235
2024-10-01,225.177454918654,417.556815955467,185.13,36.46,165.375739196466,22.33,517.688976490948,116.967035956427
2024-10-02,225.744853129625,414.023329861665,184.76,37.49,165.919868513037,22.63,517.778106857639,118.816514730097
2024-10-03,224.639919771419,413.437724020277,181.96,39.24,165.078941387427,22.43,516.797672824036,122.815387754249
2024-10-04,225.764761838781,412.961298928978,186.51,40.01,169.036245507946,22.89,521.561195754979,124.884804544247
2024-10-07,220.678086649204,406.489858105498,180.8,38.89,168.15574534113,23.32,516.866996442573,127.684015661153
2024-10-08,224.739463317203,411.621353359699,182.72,41.45,172.508779873701,25.61,521.759263236515,132.852559044869
2024-10-09,228.492254993271,414.350872111933,185.17,43.13,176.386937911809,25.65,525.324477904165,132.61262666342
2024-10-10,227.99453726435,412.742937428799,186.65,43.52,173.933409357087,25.5,524.44307761133,134.772018096461
2024-10-11,226.511338432164,413.219362520098,188.82,43.51,174.290378899123,26.27,527.562640445523,134.762020913901
2024-10-14,230.244221399075,416.01835993148,187.54,43.4,174.637432620547,27.0,531.880511543011,138.031099611145
2024-10-15,232.782581816574,415.621339022064,187.69,42.43,172.624521036288,26.8,527.830031545597,131.56292249458
2024-10-16,230.722030418839,413.02085206539,186.89,41.93,173.298796837912,26.93,530.048387338802,135.681761709456
2024-10-17,231.090341538241,413.616383429514,187.53,42.0,174.201136513614,26.32,530.127614331416,136.891420799262
2024-10-18,233.927332593094,415.045658703411,188.99,42.97,173.219470273015,26.83,532.167709391238,137.961119333222
2024-10-21,235.400577070701,415.661041113006,189.07,42.7,172.297298956088,26.97,531.345729342863,143.669510575198
2024-10-22,234.783407086839,424.326022461009,189.7,42.94,173.834251150966,27.41,530.979304502021,143.549544384474
2024-10-23,229.706686251839,421.437695345008,184.71,42.59,171.642854795689,26.7,526.136554578463,139.520679812641
2024-10-24,229.517553514849,421.566727140568,186.38,43.56,172.912079834039,27.22,527.32495946768,140.370440330273
2024-10-25,230.353719299437,424.961255916074,187.83,44.86,172.059319261398,27.06,527.116988612067,141.500121959596
2024-10-28,232.334635860545,423.412874369352,188.39,44.97,170.968578994065,27.88,528.760948708817,140.480409338437
2024-10-29,232.603403434162,428.732954555525,190.83,44.93,171.970076875889,28.03,529.602735505345,141.210203665345
2024-10-30,229.049698849663,429.308634874178,192.73,43.69,173.090564605058,28.21,528.00829227898,139.295743205033
2024-10-31,224.878824281301,403.323616352906,186.4,41.56,166.427133153717,23.49,517.61965287241,132.722595671584
2024-11-01,221.892517907772,407.313676492536,197.93,41.92,168.588782047158,23.97,519.867718787845,135.361851867524
2024-11-04,220.996625995714,405.417901650075,195.78,41.41,168.162401760837,24.32,518.738734143089,136.011668733948
2024-11-05,222.430053055008,408.395558470694,199.5,51.13,170.33396647489,24.96,524.977859811477,139.870581202254
2024-11-06,221.703385170782,417.050614295962,207.09,55.53,179.71433277395,29.86,538.050313592861,145.56897526167
2024-11-07,226.441657950115,422.261513732046,210.05,55.88,184.801148747964,29.36,542.23944082735,148.838053958914
2024-11-08,226.172890376497,419.393037661516,208.18,58.39,187.656905084253,30.54,544.636057353937,147.588406138866
2024-11-11,223.452358164971,414.89677586238,206.84,60.24,187.537915236907,32.8,545.081709187393,145.219073872057
2024-11-12,223.452358164971,419.87938827555,208.91,59.85,187.984127164452,33.0,543.44765246472,148.248220187851
2024-11-13,224.339271596568,422.033226709132,214.1,60.7,188.033706267513,31.91,543.724946938871,146.228789310655
2024-11-14,227.42852062797,423.710640051414,211.48,59.18,185.475424549588,32.22,540.268669386065,146.718651256114
2024-11-15,224.219687763094,411.909193519025,202.61,65.77,182.193287926978,32.32,533.296694035994,141.939997992253
2024-11-18,227.229214238848,412.663533246916,201.7,61.26,184.166536228789,35.0,535.505146455122,140.110513583703
2024-11-19,227.488312544707,414.678414362202,204.61,62.98,187.309851362829,35.24,537.456111148253,146.968580820123
2024-11-20,228.205815545549,412.39554413306,202.88,62.12,189.14427817607,36.08,537.654178629789,145.848896373361
2024-11-21,227.727480211654,410.618875563424,198.38,61.36,190.810136038905,35.09,540.367703126833,146.62867661307
2024-11-22,229.072798338233,414.726357230963,197.12,64.35,190.671314550335,36.65,542.180020582889,141.910006444572
2024-11-25,232.062394175074,416.506597469436,201.45,64.65,186.407511687126,37.85,543.923014420407,135.981677186267
2024-11-26,234.244799135968,425.656435566618,207.86,65.74,188.767476992809,36.42,546.973253636063,136.881423616701
2024-11-27,234.115249983039,420.683697470324,205.74,66.05,181.162042583318,37.65,545.230259798545,135.301868772161
2024-11-29,236.506926652512,421.151134851375,207.89,67.08,183.28402819431,37.54,548.102238280819,138.211048897232
2024-12-02,238.759088849599,428.630132948202,210.71,66.39,179.882901724355,37.62,549.6471646368,138.590941834526
2024-12-03,241.808476603177,428.848933424439,213.44,70.96,181.350443174948,38.64,549.775908499799,140.220482591868
2024-12-04,242.167228103598,435.03501961623,218.16,69.85,186.605828099369,40.0,553.242089426681,145.099107681332
2024-12-05,242.197124061966,440.206667236376,220.55,71.87,184.672243080006,38.92,552.321075637538,145.02912740341
2024-12-06,241.997817672843,441.151487474672,227.03,76.34,190.076365313608,41.67,553.420350160064,142.40968500856
2024-12-09,245.894257580193,443.588129141856,226.09,72.46,188.846803557706,39.54,550.538468303713,138.780457568367
2024-12-10,246.910720164719,440.91279604605,225.04,70.89,176.24379555971,37.36,548.973735199578,135.041253539077
2024-12-11,245.635159274334,446.541935571055,230.26,72.51,177.076724491127,37.84,553.133152311836,139.28035115517
2024-12-12,247.100061234386,447.108827714033,228.97,73.2,173.844166971578,39.33,550.280980577716,137.310770423165
2024-12-13,247.26947166514,444.83131366593,227.46,76.07,171.93041359344,40.2,550.241367081409,134.22142805672
2024-12-16,250.169379626876,449.127759381128,232.93,75.75,169.788596341224,43.2,552.400302630153,131.971906916104
2024-12-17,252.600917574174,451.982111048401,231.15,74.39,168.281391608182,41.63,550.08291309618,130.362249566597
2024-12-18,247.189749109491,435.005183187652,220.52,71.51,164.017588744973,37.08,533.93050997691,128.882564549659
2024-12-19,248.923714694859,434.647146044719,223.29,74.21,167.369136111868,36.94,533.732442495374,130.652187846943
2024-12-20,253.607414839244,434.219490568437,224.92,80.55,168.231812505122,38.33,539.773500682225,134.671332284843
2024-12-23,254.384709756822,432.876851282438,225.06,80.69,167.716189833292,37.5,543.624427691991,139.640274537669
2024-12-24,257.304548357471,436.934605569014,229.05,82.38,169.967081112242,39.58,549.217741765541,140.190157483152
2024-12-26,258.121704552874,435.721257473518,227.05,82.14,170.234808268769,40.38,549.207806927045,139.900219202806
2024-12-27,254.703599979419,428.182586519536,223.75,79.08,167.537705062274,39.02,543.515144468529,136.980840655874
2024-12-30,251.325356683788,422.51366508976,221.3,77.18,165.50496183679,38.28,537.464827824138,137.460738499206
2024-12-31,249.551529820596,419.201821517628,219.39,75.63,165.237234680263,37.26,535.299033031893,134.261419543664
2025-01-02,243.004314937913,416.297742469392,220.22,75.19,164.632369622925,39.44,533.957829834861,138.280563981563
2025-01-03,242.516014284563,421.041734613257,224.19,79.89,164.919928420676,41.35,540.852607751457,144.439252970982
2025-01-06,244.150326675369,425.517198899922,227.61,75.92,164.295231722113,42.71,544.001951554859,149.398197352072
2025-01-07,241.370002547107,420.067077946383,222.11,69.99,160.666041378079,40.56,537.882091040993,140.110174509264
2025-01-08,241.858303200457,422.24513723256,222.13,68.23,161.766697466024,40.81,538.60733425124,140.080180894056
2025-01-10,236.028591318617,416.665725088518,218.94,67.26,153.596061281642,40.08,530.411092491597,135.881074764907
2025-01-13,233.587088051863,414.915321278622,218.46,64.98,153.019454708546,39.59,531.096596347858,133.201645139641
2025-01-14,232.470972272776,413.403608897349,217.76,65.91,155.395471449407,41.76,531.772165365623,131.731957994438
2025-01-15,237.045053903143,423.985595566263,223.35,68.14,157.383769977325,45.56,541.498372253732,136.211004532197
2025-01-16,227.468381905795,422.265028184945,220.66,69.24,158.606573571994,46.08,540.693650335513,133.541572778667
2025-01-17,229.182416852251,426.690765090647,225.94,71.77,160.087855975293,48.15,545.879636030705,137.680691677399
2025-01-21,221.867872371446,426.16365485244,230.71,73.07,171.560338481378,50.0,550.847055278973,140.800027659053
2025-01-22,223.053745386726,443.767147713323,235.01,76.87,183.142177406499,50.16,553.976529405382,147.038699622359
2025-01-23,222.884334955972,444.274366999145,235.42,78.98,185.379013250406,50.36,557.046394500812,147.1886676984
2025-01-24,222.007386843832,441.638815808109,234.85,78.98,182.525804862844,51.12,555.367406794897,142.589646699809
2025-01-27,229.062833018777,432.190613425149,235.42,75.44,157.353945499406,47.74,547.638102444592,118.394797098523
2025-01-28,237.433701361932,444.761695332582,238.15,80.23,163.040479289251,49.4,552.227997829992,128.962547523548
2025-01-29,238.529886502108,439.918248426791,237.07,79.76,161.072063746612,51.15,549.803897236837,123.673673375167
2025-01-30,236.766024958371,412.727316516252,234.64,81.22,169.383151593308,53.0,552.675065562336,124.623471190094
2025-01-31,235.181539164845,412.796934849601,237.68,82.49,169.065023828842,51.95,549.724418528865,120.044445934974
2025-02-03,227.219248919391,408.679507705869,237.42,83.74,167.613565903462,51.9,546.118072154622,116.635171672975
2025-02-04,231.992636938881,410.121601753794,242.06,103.83,166.907719926051,52.58,549.744288205858,118.624748148453
2025-02-05,231.663781396829,411.036585563512,236.17,101.36,170.655662651176,54.2,551.999496544571,124.803432881343
2025-02-06,232.411180356039,413.552791040237,238.83,111.28,171.341625643307,53.17,553.986464243879,128.652613499729
2025-02-07,226.840566780058,407.515886991336,229.15,110.85,173.43928059026,55.86,548.601781778756,129.812366621113
2025-02-10,227.109630405374,409.972419610905,233.14,116.65,177.873186307517,56.27,552.526042984888,133.541572778667
2025-02-11,232.067833186462,409.196672467883,232.76,112.62,176.153308080868,53.34,553.022784909715,132.77173665499
2025-02-12,236.307745021397,406.809758181662,228.93,117.39,171.212386238993,55.91,551.194774626352,131.112089946802
2025-02-13,240.956683645113,408.30157961055,230.37,117.91,172.842791031885,63.8,557.016589985322,135.261206717271
2025-02-14,244.019396429407,406.203084133914,228.68,119.16,173.141035811073,65.28,557.036459662316,138.820449055311
2025-02-18,243.889705008574,407.406486753217,226.65,124.62,178.748037659801,60.44,558.645903498754,139.370332000795
2025-02-19,244.288755534214,412.508516040015,226.63,112.06,180.45797439381,59.23,559.997041534283,139.200368181282
2025-02-20,245.246476795753,414.686575326192,222.88,106.27,174.970270456757,56.06,557.642484810604,140.080180894056
2025-02-21,244.967141427804,406.794047326328,216.58,101.35,166.828187984934,51.6,548.154714046412,134.401389747969
2025-02-24,246.513462214662,402.598650498118,212.71,90.68,168.965608902446,49.93,545.561721198816,130.2522729775
2025-02-25,246.453604635816,396.519809488121,212.8,87.84,167.553916947624,45.92,542.849510289261,126.603049793835
2025-02-26,239.789460857613,398.34346179112,214.35,89.31,171.460923554982,48.85,543.187294798143,131.252060151107
2025-02-27,236.73672433646,391.168436336698,208.74,84.77,163.79603272986,48.78,534.464506598184,120.124428908863
2025-02-28,241.265947802485,395.612965993188,212.28,84.92,165.088426773006,50.1,542.770031581289,124.893413726968
2025-03-03,237.464991545755,387.142449831717,205.02,83.42,161.072063746612,46.89,533.421348556048,114.035725021597
2025-03-04,235.36997628614,387.262033589291,203.8,84.4,156.5486845956,46.22,526.993508048789,115.965314266658
2025-03-05,235.180427286461,399.628987185038,208.36,90.13,160.614755085191,48.12,532.904736954228,117.275035464083
2025-03-06,234.771400497679,395.513312861876,200.7,80.46,150.056889901948,44.84,523.238139097098,110.546467785709
2025-03-07,238.502522912421,391.945730760927,199.25,84.91,154.252199795855,44.42,526.059633230114,112.666016593756
2025-03-10,226.940033931977,378.841343993476,194.54,76.38,147.919468984437,35.63,512.150859334963,106.957231832461
2025-03-11,220.315795206338,379.130338074279,196.59,78.05,143.336440877587,36.36,507.948422650928,108.736853001481
2025-03-12,216.464957633903,381.940556377261,198.89,83.65,150.00718243875,38.92,510.412262598069,115.725365344993
2025-03-13,209.182285540957,377.456165468248,193.89,79.62,146.796080316163,36.02,503.745985966893,115.565385576069
2025-03-14,212.983241797686,387.212207023635,197.95,86.24,148.396660631137,39.24,514.088152841787,121.654615530718
2025-03-17,213.492031217878,387.351721407471,195.74,87.35,153.108928142302,42.02,518.012414047919,119.514886121367
2025-03-18,212.185140746404,382.18968920554,192.82,83.89,148.57560749865,40.1,512.548252874824,115.415404542704
2025-03-19,214.729087847365,386.474773851931,195.54,86.1,151.558055290526,42.8,517.932935339947,117.505140274266
2025-03-20,213.591793849289,385.498173165079,194.95,87.39,151.826475591795,43.66,516.740754720363,118.515012565595
2025-03-21,217.751895579095,389.902841569043,196.21,90.96,151.339342452455,44.36,516.869907620818,117.685117514305
2025-03-24,220.206056311786,391.716528558911,203.26,96.75,153.963896509307,48.36,525.940415168156,121.394648406217
2025-03-25,223.218887780375,393.789313690189,205.71,96.5,153.029396201185,48.15,527.192204818719,120.674739446062
2025-03-26,221.004157363068,388.617316175126,201.13,92.28,146.935261213118,44.73,521.042539789363,113.745615704565
2025-03-27,223.318650411785,389.225200276126,201.36,90.09,144.927079699921,43.99,519.614009361946,111.415910319618
2025-03-28,217.382773842877,377.486061407641,192.72,85.85,140.045806813883,41.92,509.235885693064,109.65613286146
2025-03-31,221.60273315153,374.087889629922,190.26,84.4,138.992008594086,41.62,512.336362600867,108.366295974515
2025-04-01,222.660217044478,380.864302559098,192.17,84.68,141.109546526319,42.16,514.220575255447,110.13607216823
2025-04-02,223.35855546435,380.814475993442,196.01,87.45,145.006611641037,42.68,517.32105216325,110.406038028288
2025-04-03,202.707690762433,371.815798236022,178.41,83.6,136.427103493073,38.26,492.646838829453,101.787127977538
2025-04-04,187.932845050579,358.591827710997,171.0,74.01,127.519526088001,34.51,464.094537016122,94.2980750448097
2025-04-07,181.029270956992,356.618695711031,175.26,77.84,126.416020405007,35.41,462.140538707668,97.6276539855288
2025-04-08,172.010729077507,353.330142377754,170.66,77.32,123.771583362876,34.17,455.341422144578,96.287823420795
2025-04-09,198.37799255923,389.135512457946,191.1,92.01,138.872710682411,42.21,497.571712117088,114.315543631355
2025-04-10,189.968002731348,380.027216256082,181.22,88.59,133.066878980892,40.51,480.583890088486,107.55639839434
2025-04-11,197.679654139358,387.102588579193,184.87,88.55,132.069002123142,43.68,489.047892965413,110.915973541732
2025-04-14,202.039281131985,386.4648085388,182.12,92.62,134.354140127389,44.14,493.962796873922,110.696001359462
2025-04-15,201.660183132626,384.392023407522,179.59,98.4,133.655626326964,44.08,492.57705317558,112.185812957562
2025-04-16,193.808864040641,370.32100126635,174.33,92.71,129.484501061571,40.66,481.750307446084,104.476787842563
2025-04-17,196.512431351858,366.504286337123,172.61,93.78,128.346921443737,41.18,482.418255847443,101.477167175249
2025-04-21,192.701498831988,357.874325165555,167.32,90.8,122.55923566879,39.85,470.923561716587,96.8977462898156
2025-04-22,199.265879978781,365.547616276534,173.18,93.99,126.969851380042,42.09,482.807061633309,98.8774959302431
2025-04-23,204.114343865317,373.091358316808,180.6,100.82,131.12101910828,44.66,490.563238592377,102.69701291329
2025-04-24,207.875395069483,385.956577569111,186.54,107.78,137.218046709129,48.15,500.871576607385,106.41654254076
2025-04-25,208.783235015316,390.490795043781,188.99,112.78,138.195966029724,49.45,504.560246883549,110.995963426194
2025-04-28,209.641193645444,389.803188437732,187.7,114.65,139.842462845011,48.93,504.869297636417,108.716251719035
2025-04-29,210.708653801533,392.673198619501,187.39,116.08,140.491082802548,49.37,507.92989702772,109.006215050208
2025-04-30,211.995591746725,393.8889668215,184.42,118.44,140.421231422505,49.11,508.179131505839,108.906227694631
2025-05-01,212.813645324289,423.924420598761,190.2,116.2,145.18110403397,46.62,511.77807736988,111.595887559657
2025-05-02,204.862563600894,433.770149972328,189.98,124.28,150.409978768577,48.59,519.115540405708,114.485522135836
2025-05-05,198.417897611794,434.657062841,186.35,123.77,148.973036093418,48.05,516.403869283771,113.805608117912
2025-05-06,198.038799612435,431.806983285494,185.01,108.86,147.386411889597,48.69,512.007373089749,113.525643522296
2025-05-07,195.784164142564,431.846844538018,188.71,110.48,149.052866242038,49.99,514.320269046695,117.045198438611
2025-05-08,197.02122077205,436.650125467228,192.08,119.15,149.980891719745,54.07,517.749735465615,117.3551592409
2025-05-09,198.058752138717,437.208183002572,193.06,117.3,150.020806794055,54.65,517.061848306006,116.635250280745
2025-05-12,210.549033591277,447.701657729664,208.64,118.46,156.886199575372,57.43,534.278966054477,122.984447359894
2025-05-13,212.686587231797,447.582073972091,211.37,128.1,161.925477707006,62.57,537.788187506395,129.91357110139
2025-05-14,212.087273126979,451.368892961924,210.25,130.18,162.604033970276,61.39,538.456135907755,135.322887038114
2025-05-15,211.208279106578,452.385354901301,205.17,128.12,159.061571125265,60.68,541.098021375818,134.812951524671
2025-05-16,211.018496306718,453.523481497614,205.59,129.52,160.149256900212,61.76,544.587304069486,135.38287945146
2025-05-19,208.541331340134,458.115922149405,206.16,126.33,159.301061571125,64.27,545.145589300473,135.552857955942
2025-05-20,206.623526204713,457.417072485002,204.07,125.59,159.969639065817,64.91,543.211529750268,134.363008424573
2025-05-21,201.858979071403,451.826275169778,201.12,120.58,156.846284501062,63.86,534.129425367606,131.783334650683
2025-05-22,201.129813577207,454.11251192904,203.1,122.29,156.976008492569,64.77,534.378659845725,132.813204413128
2025-05-23,195.046775413296,449.440202744174,200.99,123.31,155.638853503185,63.17,530.76974460256,131.27339913724
2025-05-27,199.981128209638,459.932931276853,206.02,123.39,161.566242038217,66.02,541.676245365054,135.482866807038
2025-05-28,200.190888146324,456.608403587622,204.72,123.76,163.502123142251,65.14,538.585737836376,134.792954053555
2025-05-29,199.721425430883,457.926234383353,205.7,122.32,162.554140127389,63.95,540.659368694328,139.172400227834
2025-05-30,200.620396588111,459.60347357792,205.01,131.78,165.17855626327,66.15,540.101083463341,135.112913591402
2025-06-02,201.469424903271,461.210827806047,206.65,132.04,166.216348195329,67.98,543.241437887642,137.362629091888
2025-06-03,203.037630144214,462.20918446948,205.71,133.17,168.780891719745,71.72,546.321976037195,141.202143546051
2025-06-04,202.5881445656,463.107705466569,207.23,130.01,167.743099787686,72.27,545.973047767828,141.902055035091
2025-06-05,200.400648083011,466.911444354248,207.91,119.91,170.776645435244,72.51,543.420886711888,139.972299072452
2025-06-06,203.686887091101,469.607007345516,213.57,127.72,173.650530785563,74.88,548.973830884383,141.702080323936
2025-06-09,201.21971069293,471.973112637852,216.98,132.06,176.773885350318,73.4,549.562024252744,142.611965259688
2025-06-10,202.438316039395,470.14611994377,217.61,132.81,177.103184713376,72.51,552.692409297921,143.941797088864
2025-06-11,198.552762926486,471.843326271606,213.2,136.39,176.005520169851,74.88,551.167094291832,142.8219387064
2025-06-12,198.972282799859,478.083055418061,213.24,135.19,199.435668789809,73.84,553.250694528908,144.99181623208
2025-06-13,196.225426486106,474.179480864039,212.1,137.4,214.763057324841,72.6,547.089618229802,141.96198724461
2025-06-16,198.193174463595,478.352611717188,216.1,141.41,210.651804670913,76.75,552.373389165928,144.681833728412
2025-06-17,195.416352444601,477.254419387412,214.82,138.2,207.738004246285,74.95,547.667842219039,144.111865899086
2025-06-18,196.355277875484,479.450804046964,212.52,139.96,210.422292993631,78.35,547.558179048666,145.471789140987
2025-06-20,200.770225114316,476.615471122815,209.69,137.3,204.734394904459,78.5,546.042833421702,143.841881137826
2025-06-23,201.269653534998,485.201338428337,208.47,139.92,206.60042462845,76.35,551.66556324807,144.161863077097
2025-06-24,200.071025325361,489.304584315045,212.77,143.23,214.812951167728,82.01,557.726945755928,147.891652556722
2025-06-25,201.32958494548,491.46103470806,211.99,142.9,210.272611464968,82.75,558.006088371421,154.30129077774
2025-06-26,200.770225114316,496.632522224642,217.12,144.25,212.368152866242,84.52,562.422523323693,155.011250705497
2025-06-27,200.850133661625,495.125003662859,223.3,130.74,209.793630573248,83.03,565.213949478627,157.741096624901
2025-06-30,204.935458142807,496.592587958105,219.39,136.32,218.165817409766,93.63,568.03,157.981083079354
2025-07-01,207.582428772423,491.241396242105,220.46,130.68,218.495116772824,92.33,567.77,153.291347781917
2025-07-02,212.197147379529,490.28297384521,219.92,132.12,229.491719745223,97.98,570.29,157.241124844791
2025-07-03,213.305878473444,498.020237986814,223.41,134.36,236.816135881104,94.4,575.22,159.331006885653
2025-07-07,209.70999384453,496.902078523769,223.47,139.12,231.766878980892,93.46,570.61,158.23106896941
2025-07-08,209.769925255012,495.803886193993,219.36,139.71,234.002123142251,91.27,570.23,159.990969635399
2025-07-09,210.898633485754,502.682563605045,222.54,143.13,235.309341825902,94.54,573.61,162.870807088836
2025-07-10,212.167181674288,500.655899578276,222.26,142.5,235.0,98.7,575.29,164.090738232306
2025-07-11,210.918610622582,502.492875838993,225.02,142.1,230.56,98.34,573.22,164.910691951688
2025-07-14,208.381514245515,502.193368839963,225.69,149.15,229.28,99.96,574.35,164.0607399255
2025-07-15,208.870954097784,504.988767497575,226.35,148.58,234.96,99.54,571.86,170.690365729766
2025-07-16,209.919753781217,504.789096164888,223.19,150.91,241.3,103.25,573.74,171.360327915115
2025-07-17,209.779913823426,510.859104678559,223.88,153.99,248.75,105.45,577.18,172.990235918275
2025-07-18,210.938587759409,509.211816183895,226.13,153.52,245.45,109.74,576.92,172.400269217745
2025-07-21,212.237101653183,509.22179975053,229.3,151.79,243.54,104.34,577.95,171.370327350717
2025-07-22,214.154906788604,504.439671332687,227.47,149.07,238.11,101.85,577.95,167.020572863754
2025-07-23,213.905192578262,505.038685330746,228.29,154.63,241.9,102.08,582.86,170.770361214584
2025-07-24,213.51563841013,510.040452214545,232.23,154.86,242.83,101.93,583.26,173.730194152839
2025-07-25,213.635501231094,512.865801572059,231.44,158.8,245.12,104.85,585.58,173.490207698386
2025-07-28,213.805306894126,511.657790009306,232.79,157.88,247.71,106.77,585.44,176.740024269105
2025-07-29,211.028484875132,511.727674975746,231.01,156.24,249.98,103.32,583.92,175.500094254431
2025-07-30,208.811022687302,512.396573940246,230.19,158.61,250.6,106.1,583.21,179.259882040862
2025-07-31,207.332714562082,532.623279941394,234.11,158.35,253.77,103.05,581.02,177.859961056553
2025-08-01,202.148647555399,523.24871087176,214.75,154.27,244.42,99.9,571.45,173.710195281635
2025-08-04,203.117538691523,534.75976320114,211.65,160.66,252.53,106.37,580.14,179.989840839824
2025-08-05,202.688030249736,526.882729126656,213.75,173.27,255.67,105.46,577.35,178.249939045039
2025-08-06,213.006221421034,524.07734690241,222.31,179.54,256.43,105.65,581.64,179.409873574896
2025-08-07,219.778470805487,519.984084582335,223.13,182.2,249.39,111.23,581.29,180.759797381194
2025-08-08,229.087816567007,521.182112578455,222.69,186.96,250.05,114.63,585.74,182.689688452421
2025-08-11,227.18,520.912556279328,221.3,182.68,252.68,113.62,584.54,182.04972457388
2025-08-12,229.65,528.370280555171,221.47,186.97,253.86,114.09,590.78,183.149662490123
2025-08-13,233.33,519.724511849843,224.56,184.37,244.18,108.62,592.84,181.579751100576
2025-08-14,232.78,521.621389510365,230.98,181.02,244.96,110.71,592.85,182.009726831471
2025-08-15,231.59,519.315185617835,231.03,177.17,248.28,114.17,591.57,180.439815441923
2025-08-18,230.89,516.250230661097,231.49,174.03,249.07,115.02,591.36,181.999727395869
2025-08-19,230.56,508.932276318134,228.01,157.75,234.62,107.5,588.13,175.630086917259
2025-08-20,226.01,504.888931831231,223.81,156.01,235.06,105.34,586.58,175.390100462806
2025-08-21,224.9,504.24,221.95,156.18,233.16,106.3,584.27,174.970124167513
2025-08-22,227.76,507.23,228.84,158.74,236.37,109.32,593.21,177.979954283779
2025-08-25,227.16,504.26,227.94,157.17,235.41,107.94,590.7,179.799851563382
2025-08-26,229.31,502.04,228.71,160.87,234.21,108.8,593.06,181.759740941416
2025-08-27,230.49,506.74,229.12,156.72,235.81,102.92,594.42,181.589750536178
2025-08-28,232.56,509.64,231.6,158.12,240.32,103.69,596.52,180.159831245062
2025-08-29,232.14,506.69,229.0,156.71,226.13,104.03,593.08,174.170169319336
2025-09-02,229.72,505.12,225.34,157.09,225.3,100.84,588.71,170.770361214584
2025-09-03,238.47,505.35,225.99,154.9,223.45,100.82,591.72,170.610370244949
2025-09-04,239.78,507.97,235.68,156.14,223.0,102.91,596.59,171.650311547579
2025-09-05,239.69,495.0,232.33,153.11,232.8,101.25,594.96,167.010573428152
2025-09-08,237.88,498.2,235.84,156.1,238.48,117.28,596.5,168.300500620838
2025-09-09,234.35,498.41,238.24,162.36,241.51,118.5,597.95,170.75036234338
2025-09-10,226.79,500.37,230.33,166.74,328.33,117.46,599.68,177.319991534033
2025-09-11,230.03,501.01,229.95,164.36,307.86,117.75,604.57,177.17
2025-09-12,234.07,509.9,228.15,171.43,292.18,115.03,604.44,177.82
2025-09-15,236.7,515.36,231.43,171.21,302.14,114.83,607.59,177.75
2025-09-16,238.15,509.04,234.05,170.26,306.65,117.38,606.79,174.88
2025-09-17,238.99,510.02,231.62,168.33,301.41,118.64,606.09,170.29
2025-09-18,237.88,508.45,231.23,176.97,296.62,120.91,608.94,176.24
2025-09-19,245.5,517.93,231.48,182.39,308.66,124.78,611.78,176.67
2025-09-22,256.08,514.45,227.63,179.33,328.15,124.89,614.76,183.61
2025-09-23,254.43,509.23,220.71,182.55,313.83,126.2,611.54,178.43
2025-09-24,252.31,510.15,220.21,179.56,308.46,126.8,609.5,176.97
2025-09-25,256.87,507.03,218.15,179.12,291.33,122.65,606.59,177.69
2025-09-26,255.46,511.46,219.78,177.57,283.46,121.78,610.16,178.19
